{
  "frame_id": "000003",
  "object_name": "peg",
  "label": "검정 실린더",
  "coordinate_frame": "base (= cam0)",
  "unit": "meter",
  "position_m": [
    -0.06232007703857655,
    0.04252363720941276,
    0.3356597525905336
  ],
  "quaternion_xyzw": [
    0.9295241941030677,
    0.01952986867215676,
    -0.33172579496259097,
    -0.1598791848963696
  ],
  "euler_xyz_deg": [
    -156.94500749496873,
    37.622009344877725,
    10.355723911612149
  ],
  "T_base_obj": [
    [
      0.7791531623723333,
      -0.06976512853844871,
      -0.6229391434195276,
      -0.06232007703857655
    ],
    [
      0.14237907029218655,
      -0.9481144609311445,
      0.28426601856713474,
      0.04252363720941276
    ],
    [
      -0.6104494654824518,
      -0.3101802634102589,
      -0.7287932863849996,
      0.3356597525905336
    ],
    [
      0.0,
      0.0,
      0.0,
      1.0
    ]
  ],
  "rotation_matrix": [
    [
      0.7791531623723333,
      -0.06976512853844871,
      -0.6229391434195276
    ],
    [
      0.14237907029218655,
      -0.9481144609311445,
      0.28426601856713474
    ],
    [
      -0.6104494654824518,
      -0.3101802634102589,
      -0.7287932863849996
    ]
  ],
  "scale": 0.04839164494337502,
  "anisotropic_scale_xyz": [
    0.048391644943375015,
    0.048391644943375015,
    0.048391644943375015
  ],
  "real_size_m": {
    "x": 0.03188560062416013,
    "y": 0.04840673018177535,
    "z": 0.03076343194918391
  },
  "fitness": 1.0,
  "rmse": 0.005284222965614128
}