{
  "frame_id": "000000",
  "object_name": "object_002",
  "label": "노랑 실린더",
  "coordinate_frame": "base (= cam0)",
  "unit": "meter",
  "position_m": [
    -0.00400469537281023,
    0.04437915891537973,
    0.5568247962338395
  ],
  "quaternion_xyzw": [
    0.627981645551326,
    0.4091932102062216,
    -0.3798833308453674,
    0.5421149550765085
  ],
  "euler_xyz_deg": [
    108.47280639937041,
    67.04023869191019,
    15.165730756526644
  ],
  "T_base_obj": [
    [
      0.376499143333912,
      0.9258125206585669,
      -0.03346000090646904,
      -0.00400469537281023
    ],
    [
      0.10205078131636393,
      -0.07734458440704414,
      -0.9917678424387542,
      0.04437915891537973
    ],
    [
      -0.9207790359807014,
      0.3699851238289618,
      -0.12360006085644869,
      0.5568247962338395
    ],
    [
      0.0,
      0.0,
      0.0,
      1.0
    ]
  ],
  "rotation_matrix": [
    [
      0.376499143333912,
      0.9258125206585669,
      -0.03346000090646904
    ],
    [
      0.10205078131636393,
      -0.07734458440704414,
      -0.9917678424387542
    ],
    [
      -0.9207790359807014,
      0.3699851238289618,
      -0.12360006085644869
    ]
  ],
  "scale": 1.06,
  "real_size_m": {
    "x": 0.07543992593884469,
    "y": 0.07537159577012062,
    "z": 0.12959368541836738
  },
  "confidence": 0.33302309695703347,
  "fitness": 0.1188,
  "rmse": 0.00445953822594667,
  "depth_score": 0.2759418799022759,
  "coverage": 0.1238,
  "silhouette_score": 0.14885991277990376,
  "posed_glb_opencv": "src/output/pose_pipeline/object_002_posed_000000.glb",
  "posed_glb_isaac": "src/output/pose_pipeline/object_002_posed_000000_isaac.glb"
}