{
  "frame_id": "000001",
  "object_name": "object_003",
  "label": "곤색 직사각형",
  "coordinate_frame": "base (= cam0)",
  "unit": "meter",
  "position_m": [
    -0.09344840887111013,
    0.0368275652243769,
    0.621418261681633
  ],
  "quaternion_xyzw": [
    0.5297056689240632,
    -0.3479496427511162,
    0.17032716003059573,
    0.7545406609156282
  ],
  "euler_xyz_deg": [
    73.8866394676357,
    -44.87244507317675,
    -9.05913836987969
  ],
  "T_base_obj": [
    [
      0.6998394093305651,
      -0.6256593323334732,
      -0.34463778233368264,
      -0.09344840887111013
    ],
    [
      -0.11158426072800233,
      0.3808011257312451,
      -0.9178994800083513,
      0.0368275652243769
    ],
    [
      0.7055308312934533,
      0.6808383820745196,
      0.19668590083816265,
      0.621418261681633
    ],
    [
      0.0,
      0.0,
      0.0,
      1.0
    ]
  ],
  "rotation_matrix": [
    [
      0.6998394093305651,
      -0.6256593323334732,
      -0.34463778233368264
    ],
    [
      -0.11158426072800233,
      0.3808011257312451,
      -0.9178994800083513
    ],
    [
      0.7055308312934533,
      0.6808383820745196,
      0.19668590083816265
    ]
  ],
  "scale": 0.88,
  "real_size_m": {
    "x": 0.1074822735786438,
    "y": 0.047731750309467316,
    "z": 0.02064719706773758
  },
  "confidence": 0.34691544973459865,
  "fitness": 0.3292,
  "rmse": 0.003395629419494908,
  "depth_score": 0.27786421499292785,
  "coverage": 0.3398,
  "silhouette_score": 0.26469564429774106,
  "posed_glb_opencv": "src/output/pose_pipeline/object_003_posed_000001.glb",
  "posed_glb_isaac": "src/output/pose_pipeline/object_003_posed_000001_isaac.glb"
}