{
  "frame_id": "000001",
  "object_name": "object_004",
  "label": "민트 실린더",
  "coordinate_frame": "base (= cam0)",
  "unit": "meter",
  "position_m": [
    0.011382354293995672,
    0.03915951321119182,
    0.5549903313838938
  ],
  "quaternion_xyzw": [
    0.7629573939599484,
    0.11200986086527441,
    -0.11047164816755332,
    0.6270134137496026
  ],
  "euler_xyz_deg": [
    101.48102188027363,
    18.001005943668773,
    1.9512865960412862
  ],
  "T_base_obj": [
    [
      0.9504996120401723,
      0.3094519135673376,
      -0.028106951115246113,
      0.011382354293995672
    ],
    [
      0.03238309260700707,
      -0.1886159400940232,
      -0.9815168681462656,
      0.03915951321119182
    ],
    [
      -0.309033692054261,
      0.9320212123830449,
      -0.18930038785842793,
      0.5549903313838938
    ],
    [
      0.0,
      0.0,
      0.0,
      1.0
    ]
  ],
  "rotation_matrix": [
    [
      0.9504996120401723,
      0.3094519135673376,
      -0.028106951115246113
    ],
    [
      0.03238309260700707,
      -0.1886159400940232,
      -0.9815168681462656
    ],
    [
      -0.309033692054261,
      0.9320212123830449,
      -0.18930038785842793
    ]
  ],
  "scale": 0.88,
  "real_size_m": {
    "x": 0.059391924738883974,
    "y": 0.060148788690567015,
    "z": 0.10758149981498719
  },
  "confidence": 0.4310181801502578,
  "fitness": 0.44115,
  "rmse": 0.0036383833261829984,
  "depth_score": 0.2965486108261173,
  "coverage": 0.45284496670583624,
  "silhouette_score": 0.5033147086400239,
  "posed_glb_opencv": "src/output/pose_pipeline/object_004_posed_000001.glb",
  "posed_glb_isaac": "src/output/pose_pipeline/object_004_posed_000001_isaac.glb"
}