{
  "frame_id": "000000",
  "object_name": "object_001",
  "label": "빨강 아치",
  "coordinate_frame": "base (= cam0)",
  "unit": "meter",
  "position_m": [
    0.23352023754673848,
    -0.01835448411905044,
    0.6793451563210284
  ],
  "quaternion_xyzw": [
    -0.04342482985589221,
    0.7907520217337578,
    -0.605334351150003,
    -0.07997404325008536
  ],
  "euler_xyz_deg": [
    -104.98266933019693,
    -10.314567048726262,
    178.36066768413875
  ],
  "T_base_obj": [
    [
      -0.9834368731164405,
      -0.16549861516324782,
      -0.07390619036322438,
      0.23352023754673848
    ],
    [
      0.028145527155282977,
      0.26336921493958354,
      -0.9642844424355598,
      -0.01835448411905044
    ],
    [
      0.17905235518168755,
      -0.9503930055514691,
      -0.2543489514480768,
      0.6793451563210284
    ],
    [
      0.0,
      0.0,
      0.0,
      1.0
    ]
  ],
  "rotation_matrix": [
    [
      -0.9834368731164405,
      -0.16549861516324782,
      -0.07390619036322438
    ],
    [
      0.028145527155282977,
      0.26336921493958354,
      -0.9642844424355598
    ],
    [
      0.17905235518168755,
      -0.9503930055514691,
      -0.2543489514480768
    ]
  ],
  "scale": 0.88,
  "real_size_m": {
    "x": 0.1070202887058258,
    "y": 0.0349588081240654,
    "z": 0.06514604330062866
  },
  "confidence": 0.45623142737949324,
  "fitness": 0.499,
  "rmse": 0.004132475497889383,
  "depth_score": 0.5517837498035518,
  "coverage": 0.29448566789042646,
  "silhouette_score": 0.524293781031228,
  "posed_glb_opencv": "src/output/pose_pipeline/object_001_posed_000000.glb",
  "posed_glb_isaac": "src/output/pose_pipeline/object_001_posed_000000_isaac.glb"
}