{
  "frame_id": "000000",
  "object_name": "object_003",
  "label": "곤색 직사각형",
  "coordinate_frame": "base (= cam0)",
  "unit": "meter",
  "position_m": [
    -0.06485714844976875,
    0.03455684769406725,
    0.6219983760475888
  ],
  "quaternion_xyzw": [
    -0.38710682899848886,
    -0.49448808896401014,
    0.49437026530909506,
    0.6010223569832249
  ],
  "euler_xyz_deg": [
    -77.51661388151982,
    -12.218980873015457,
    88.70083441055434
  ],
  "T_base_obj": [
    [
      0.02215914130187313,
      -0.2114157319642277,
      -0.9771450049684509,
      -0.06485714844976875
    ],
    [
      0.9770945963497504,
      0.21149268744189942,
      -0.023600697928702098,
      0.03455684769406725
    ],
    [
      0.2116485819486691,
      -0.954240133004598,
      0.2112596656309117,
      0.6219983760475888
    ],
    [
      0.0,
      0.0,
      0.0,
      1.0
    ]
  ],
  "rotation_matrix": [
    [
      0.02215914130187313,
      -0.2114157319642277,
      -0.9771450049684509
    ],
    [
      0.9770945963497504,
      0.21149268744189942,
      -0.023600697928702098
    ],
    [
      0.2116485819486691,
      -0.954240133004598,
      0.2112596656309117
    ]
  ],
  "scale": 0.94,
  "real_size_m": {
    "x": 0.11481061041355133,
    "y": 0.05098618783056736,
    "z": 0.022054960504174232
  },
  "confidence": 0.44770200993609116,
  "fitness": 0.416,
  "rmse": 0.004253725813990759,
  "depth_score": 0.3182442254886125,
  "coverage": 0.2827498951781971,
  "silhouette_score": 0.4569034246382489,
  "posed_glb_opencv": "src/output/pose_pipeline/object_003_posed_000000.glb",
  "posed_glb_isaac": "src/output/pose_pipeline/object_003_posed_000000_isaac.glb"
}