{
  "frame_id": "000000",
  "object_name": "object_004",
  "label": "민트 실린더",
  "coordinate_frame": "base (= cam0)",
  "unit": "meter",
  "position_m": [
    0.018869657660649505,
    0.050466475993399706,
    0.5442693584521822
  ],
  "quaternion_xyzw": [
    -0.6270331720170522,
    -0.13529256429713327,
    -0.1780188221186818,
    0.7462135232007104
  ],
  "euler_xyz_deg": [
    -78.71959909718181,
    -25.160898641968895,
    -6.089355225773147
  ],
  "T_base_obj": [
    [
      0.9000104420347663,
      0.43534595638154905,
      0.021333131289588032,
      0.018869657660649505
    ],
    [
      -0.09601425341533924,
      0.1502774003234219,
      0.9839705107843064,
      0.050466475993399706
    ],
    [
      0.42516169555767774,
      -0.8876320190339396,
      0.17705064647227955,
      0.5442693584521822
    ],
    [
      0.0,
      0.0,
      0.0,
      1.0
    ]
  ],
  "rotation_matrix": [
    [
      0.9000104420347663,
      0.43534595638154905,
      0.021333131289588032
    ],
    [
      -0.09601425341533924,
      0.1502774003234219,
      0.9839705107843064
    ],
    [
      0.42516169555767774,
      -0.8876320190339396,
      0.17705064647227955
    ]
  ],
  "scale": 1.0,
  "real_size_m": {
    "x": 0.0674908235669136,
    "y": 0.0683508962392807,
    "z": 0.12225170433521271
  },
  "confidence": 0.23114672224685184,
  "fitness": 0.177,
  "rmse": 0.005920873015592062,
  "depth_score": 0.2145848731214585,
  "coverage": 0.1148295872496935,
  "silhouette_score": 0.33629456078727976,
  "posed_glb_opencv": "src/output/pose_pipeline/object_004_posed_000000.glb",
  "posed_glb_isaac": "src/output/pose_pipeline/object_004_posed_000000_isaac.glb"
}