{
  "frame_id": "000000",
  "object_name": "object_002",
  "label": "노랑 실린더",
  "coordinate_frame": "base (= cam0)",
  "unit": "meter",
  "position_m": [
    0.013909044137872854,
    0.03452506602054506,
    0.5523302415597711
  ],
  "quaternion_xyzw": [
    -0.14061822970334423,
    0.28945941215139664,
    0.9422033867877135,
    0.09323379278902874
  ],
  "euler_xyz_deg": [
    33.21986544873308,
    18.599844813276135,
    174.29078703315975
  ],
  "T_base_obj": [
    [
      -0.94306794671454,
      -0.2570969308731737,
      -0.2110071468344524,
      0.013909044137872854
    ],
    [
      0.09428385044237343,
      -0.8150414171982804,
      0.5716800187142964,
      0.03452506602054506
    ],
    [
      -0.31895674224788195,
      0.5192385351522099,
      0.7928795243841308,
      0.5523302415597711
    ],
    [
      0.0,
      0.0,
      0.0,
      1.0
    ]
  ],
  "rotation_matrix": [
    [
      -0.94306794671454,
      -0.2570969308731737,
      -0.2110071468344524
    ],
    [
      0.09428385044237343,
      -0.8150414171982804,
      0.5716800187142964
    ],
    [
      -0.31895674224788195,
      0.5192385351522099,
      0.7928795243841308
    ]
  ],
  "scale": 0.88,
  "real_size_m": {
    "x": 0.06262937247753143,
    "y": 0.0625726455450058,
    "z": 0.10758721053600312
  },
  "confidence": 0.4017365984089021,
  "fitness": 0.4438,
  "rmse": 0.004121032505669752,
  "depth_score": 0.2494243248900984,
  "coverage": 0.4519532503165893,
  "silhouette_score": 0.37635225599878264,
  "posed_glb_opencv": "src/output/pose_pipeline/object_002_posed_000000.glb",
  "posed_glb_isaac": "src/output/pose_pipeline/object_002_posed_000000_isaac.glb"
}