{
  "frame_id": "000000",
  "object_name": "object_003",
  "label": "곤색 직사각형",
  "coordinate_frame": "base (= cam0)",
  "unit": "meter",
  "position_m": [
    0.23004010801560115,
    -0.09439093500263657,
    0.7214657956469352
  ],
  "quaternion_xyzw": [
    0.7346913130599617,
    0.4337544055297958,
    -0.37625069866421157,
    -0.3612771816104853
  ],
  "euler_xyz_deg": [
    -118.00092429088903,
    13.853792122758684,
    69.46438448829018
  ],
  "T_base_obj": [
    [
      0.3405850548763718,
      0.36548960350369286,
      -0.8662673779645471,
      0.23004010801560115
    ],
    [
      0.9092127714732221,
      -0.3626718274621558,
      0.20445361761348835,
      -0.09439093500263657
    ],
    [
      -0.2394451014008029,
      -0.8572552101305502,
      -0.4558284196045544,
      0.7214657956469352
    ],
    [
      0.0,
      0.0,
      0.0,
      1.0
    ]
  ],
  "rotation_matrix": [
    [
      0.3405850548763718,
      0.36548960350369286,
      -0.8662673779645471
    ],
    [
      0.9092127714732221,
      -0.3626718274621558,
      0.20445361761348835
    ],
    [
      -0.2394451014008029,
      -0.8572552101305502,
      -0.4558284196045544
    ]
  ],
  "scale": 0.88,
  "real_size_m": {
    "x": 0.1074822735786438,
    "y": 0.047731750309467316,
    "z": 0.02064719706773758
  },
  "confidence": 0.5629312883153109,
  "fitness": 0.3421,
  "rmse": 0.004506846116971059,
  "depth_score": 0.7127821842586943,
  "coverage": 0.34829288856304985,
  "silhouette_score": 0.41887333047201525,
  "posed_glb_opencv": "src/output/pose_pipeline/object_003_posed_000000.glb",
  "posed_glb_isaac": "src/output/pose_pipeline/object_003_posed_000000_isaac.glb"
}