{
  "frame_id": "000000",
  "object_name": "object_004",
  "label": "민트 실린더",
  "coordinate_frame": "base (= cam0)",
  "unit": "meter",
  "position_m": [
    -0.06349702579673425,
    0.03517599927844439,
    0.6247666505799007
  ],
  "quaternion_xyzw": [
    0.41849106399376623,
    0.5077838501129527,
    0.6282120881840858,
    -0.41517509942339065
  ],
  "euler_xyz_deg": [
    65.23043852096508,
    -71.34122390350778,
    -162.42021435899107
  ],
  "T_base_obj": [
    [
      -0.3049897323522863,
      0.9466420397668489,
      0.10416386948333321,
      -0.06349702579673425
    ],
    [
      -0.09663002491636588,
      -0.13957039676648833,
      0.9854860438540505,
      0.03517599927844439
    ],
    [
      0.9474407113082819,
      0.29049776744840083,
      0.1340415818436637,
      0.6247666505799007
    ],
    [
      0.0,
      0.0,
      0.0,
      1.0
    ]
  ],
  "rotation_matrix": [
    [
      -0.3049897323522863,
      0.9466420397668489,
      0.10416386948333321
    ],
    [
      -0.09663002491636588,
      -0.13957039676648833,
      0.9854860438540505
    ],
    [
      0.9474407113082819,
      0.29049776744840083,
      0.1340415818436637
    ]
  ],
  "scale": 0.88,
  "real_size_m": {
    "x": 0.059391924738883974,
    "y": 0.060148788690567015,
    "z": 0.10758149981498719
  },
  "confidence": 0.4847338224792696,
  "fitness": 0.38925,
  "rmse": 0.0039034389534955256,
  "depth_score": 0.31933478089222267,
  "coverage": 0.3586856911228212,
  "silhouette_score": 0.4522553743206446,
  "posed_glb_opencv": "src/output/pose_pipeline/object_004_posed_000000.glb",
  "posed_glb_isaac": "src/output/pose_pipeline/object_004_posed_000000_isaac.glb"
}