{
  "frame_id": "000001",
  "object_name": "hole",
  "label": "검정 큐브 (구멍)",
  "coordinate_frame": "base (= cam0)",
  "unit": "meter",
  "position_m": [
    -0.023620277624507798,
    0.04853465375704455,
    0.3405608414372967
  ],
  "quaternion_xyzw": [
    0.4000471891251702,
    -0.36066047153351366,
    0.5963033708963055,
    0.595238238526371
  ],
  "euler_xyz_deg": [
    6.269972615827459,
    -65.02020743802753,
    86.10409784415583
  ],
  "T_base_obj": [
    [
      0.028692628261796065,
      -0.9984475519684968,
      0.047741167222863784,
      -0.023620277624507798
    ],
    [
      0.42132272050738434,
      -0.031230927338066365,
      -0.9063728782134651,
      0.04853465375704455
    ],
    [
      0.9064567823474465,
      0.04612065851535491,
      0.4197725414924931,
      0.3405608414372967
    ],
    [
      0.0,
      0.0,
      0.0,
      1.0
    ]
  ],
  "rotation_matrix": [
    [
      0.028692628261796065,
      -0.9984475519684968,
      0.047741167222863784
    ],
    [
      0.42132272050738434,
      -0.031230927338066365,
      -0.9063728782134651
    ],
    [
      0.9064567823474465,
      0.04612065851535491,
      0.4197725414924931
    ]
  ],
  "scale": 0.14658519508427062,
  "anisotropic_scale_xyz": [
    0.14658519508427062,
    0.14658519508427062,
    0.14658519508427062
  ],
  "real_size_m": {
    "x": 0.07222875675674766,
    "y": 0.06959750468826406,
    "z": 0.07208220621323393
  },
  "fitness": 0.656125,
  "rmse": 0.013645109491985032
}