{
  "frame_id": "000004",
  "object_name": "knife",
  "coordinate_frame": "base (= cam0)",
  "unit": "meter",
  "position_m": [
    -0.06357189463818312,
    0.0529989608355369,
    0.34751832064792954
  ],
  "quaternion_xyzw": [
    0.9540375656157895,
    -0.058130972935443295,
    -0.28709075677216145,
    -0.0633404353905503
  ],
  "euler_xyz_deg": [
    -173.96264104963012,
    33.721378761550326,
    -5.142312633788691
  ],
  "T_base_obj": [
    [
      0.8283993747232923,
      -0.14728717087322324,
      -0.540426651132016,
      -0.06357189463818312
    ],
    [
      -0.07454935675138093,
      -0.9852175584582578,
      0.15423603959371743,
      0.0529989608355369
    ],
    [
      -0.5551548156737323,
      -0.08748057954603776,
      -0.8271337732392243,
      0.34751832064792954
    ],
    [
      0.0,
      0.0,
      0.0,
      1.0
    ]
  ],
  "scale": 0.11324503635345672,
  "fitness": 1.0,
  "rmse": 0.005379355961090245,
  "real_size_m": [
    0.034382728459723795,
    0.019986181251854352,
    0.11321420267246562
  ]
}