{
  "coordinate_frame": "OpenCV (cam0 ref): X-right, Y-down, Z-forward",
  "unit": "meter / degree",
  "position": {
    "x": 0.016408,
    "y": 0.010051,
    "z": 0.000299
  },
  "rotation_euler_xyz_deg": {
    "rx": 1.47,
    "ry": -3.09,
    "rz": 1.53
  },
  "rotation_quaternion_xyzw": {
    "x": 0.013174,
    "y": -0.026797,
    "z": 0.013728,
    "w": 0.99946
  },
  "rotation_matrix_3x3": [
    [
      0.9981868715118886,
      -0.02814787823635188,
      -0.05320400823347574
    ],
    [
      0.02673575139392644,
      0.9992759506993807,
      -0.02706979776895692
    ],
    [
      0.05392744328000773,
      0.025598267610163858,
      0.9982166896804734
    ]
  ],
  "transform_4x4": [
    [
      0.9981868715118886,
      -0.02814787823635188,
      -0.05320400823347574,
      0.016408149843578298
    ],
    [
      0.02673575139392644,
      0.9992759506993807,
      -0.02706979776895692,
      0.010050685769506917
    ],
    [
      0.05392744328000773,
      0.025598267610163858,
      0.9982166896804734,
      0.00029871498709468187
    ],
    [
      0.0,
      0.0,
      0.0,
      1.0
    ]
  ],
  "size_cm": {
    "length": 15.65,
    "width": 4.52,
    "height": 1.66
  },
  "size_m": {
    "length": 0.1565,
    "width": 0.0452,
    "height": 0.0166
  },
  "obb_center": {
    "x": -0.072092,
    "y": 0.063266,
    "z": 0.317243
  },
  "fitness": 0.9851,
  "rmse_m": 0.003839
}