{
  "frame_id": "000003",
  "T_obj_in_cam0": [
    [
      0.755009194718518,
      0.08465940957147909,
      0.6502273315519912,
      -0.057537981785582865
    ],
    [
      0.21198603142779168,
      0.9068698398132592,
      -0.36422582746127513,
      0.04324045755778791
    ],
    [
      -0.620503641625087,
      0.4128238897012763,
      0.6667468545204638,
      0.3302719954655982
    ],
    [
      0.0,
      0.0,
      0.0,
      1.0
    ]
  ],
  "rotation_matrix": [
    [
      0.755009194718518,
      0.08465940957147909,
      0.6502273315519912
    ],
    [
      0.21198603142779168,
      0.9068698398132592,
      -0.36422582746127513
    ],
    [
      -0.620503641625087,
      0.4128238897012763,
      0.6667468545204638
    ]
  ],
  "translation_m": [
    -0.057537981785582865,
    0.04324045755778791,
    0.3302719954655982
  ],
  "rvec_rad": [
    0.4388235463600043,
    0.7176213906889876,
    0.0719034654625784
  ],
  "euler_xyz_deg": [
    25.142737157391668,
    41.11667697478774,
    4.119765103370422
  ],
  "scale_glb_to_real": 0.039989916549605445,
  "real_size_m": 0.04000238269795535,
  "score": 0.23260068822479857,
  "fitness": 1.0,
  "rmse": 0.003398919429117832
}