ply
format ascii 1.0
element vertex 5691
property float x
property float y
property float z
property uchar red
property uchar green
property uchar blue
end_header
0.155764 0.054097 0.423000 82 84 81
0.157150 0.054097 0.423000 97 99 96
0.158161 0.053969 0.422000 120 120 118
0.159166 0.053841 0.421000 158 157 155
0.160546 0.053841 0.421000 173 173 173
0.161540 0.053713 0.420000 196 196 196
0.162917 0.053713 0.420000 208 208 206
0.145026 0.055093 0.420000 125 125 123
0.146054 0.054962 0.419000 177 176 174
0.147075 0.054830 0.418000 209 208 206
0.148445 0.054830 0.418000 216 214 215
0.149814 0.054830 0.418000 223 218 222
0.151184 0.054830 0.418000 229 223 227
0.152918 0.054962 0.419000 230 225 229
0.154291 0.054962 0.419000 215 213 216
0.156036 0.055093 0.420000 192 192 194
0.157412 0.055093 0.420000 174 172 175
0.158410 0.054962 0.419000 145 141 142
0.159783 0.054962 0.419000 119 117 118
0.161156 0.054962 0.419000 125 123 124
0.162529 0.054962 0.419000 131 129 130
0.163902 0.054962 0.419000 142 140 141
0.173391 0.053650 0.409000 124 123 121
0.143650 0.056473 0.420000 160 161 156
0.144681 0.056338 0.419000 185 186 181
0.145705 0.056204 0.418000 232 231 227
0.146723 0.056069 0.417000 227 223 220
0.147734 0.055935 0.416000 208 206 209
0.149097 0.055935 0.416000 125 120 126
0.150099 0.055800 0.415000 82 72 80
0.151824 0.055935 0.416000 75 64 72
0.153187 0.055935 0.416000 192 182 190
0.155293 0.056204 0.418000 219 214 220
0.156662 0.056204 0.418000 207 205 210
0.158410 0.056338 0.419000 126 124 129
0.159783 0.056338 0.419000 146 146 146
0.160771 0.056204 0.418000 178 178 176
0.162529 0.056338 0.419000 203 203 201
0.163902 0.056338 0.419000 119 119 119
0.164880 0.056204 0.418000 121 121 121
0.170613 0.055397 0.412000 80 74 78
0.171546 0.055262 0.411000 99 90 93
0.172051 0.054994 0.409000 180 171 174
0.172119 0.054590 0.406000 234 225 226
0.172595 0.054321 0.404000 224 220 219
0.173488 0.054187 0.403000 226 226 224
0.174809 0.054187 0.403000 190 189 187
0.175692 0.054052 0.402000 102 101 99
0.142613 0.057990 0.421000 111 113 108
0.143650 0.057852 0.420000 150 151 146
0.144681 0.057715 0.419000 155 154 150
0.145705 0.057577 0.418000 151 150 146
0.146371 0.057301 0.416000 139 135 132
0.147379 0.057164 0.415000 208 206 209
0.148381 0.057026 0.414000 228 227 232
0.149375 0.056888 0.413000 234 232 235
0.150364 0.056750 0.412000 199 197 200
0.151714 0.056750 0.412000 106 101 105
0.153064 0.056750 0.412000 72 65 72
0.154788 0.056888 0.413000 68 58 66
0.156520 0.057026 0.414000 79 66 75
0.157876 0.057026 0.414000 77 68 69
0.158848 0.056888 0.413000 86 77 78
0.160201 0.056888 0.413000 85 76 77
0.163119 0.057439 0.417000 80 74 74
0.168852 0.056613 0.411000 94 95 99
0.168542 0.056062 0.407000 85 80 84
0.169459 0.055924 0.406000 87 76 80
0.171210 0.056062 0.407000 89 77 79
0.171271 0.055648 0.404000 95 85 86
0.172168 0.055511 0.403000 118 117 115
0.173058 0.055373 0.402000 169 171 168
0.174375 0.055373 0.402000 220 220 220
0.175255 0.055235 0.401000 224 222 225
0.176129 0.055097 0.400000 226 224 227
0.177439 0.055097 0.400000 210 210 212
0.142613 0.059373 0.421000 100 101 96
0.143650 0.059232 0.420000 152 153 148
0.144681 0.059091 0.419000 152 151 147
0.145357 0.058809 0.417000 153 152 150
0.146019 0.058527 0.415000 51 47 46
0.147024 0.058386 0.414000 46 37 42
0.147664 0.058104 0.412000 55 44 50
0.147929 0.057681 0.409000 124 115 118
0.148904 0.057540 0.408000 208 202 204
0.149872 0.057399 0.407000 224 222 223
0.150834 0.057258 0.406000 229 229 229
0.152165 0.057258 0.406000 194 192 195
0.155007 0.057822 0.410000 96 94 97
0.158639 0.058668 0.416000 69 65 64
0.159233 0.058386 0.414000 72 66 66
0.157098 0.057117 0.405000 72 66 66
0.159599 0.057540 0.408000 81 75 75
0.165976 0.056976 0.404000 217 212 216
0.167300 0.056976 0.404000 222 220 221
0.167789 0.056694 0.402000 219 219 219
0.169106 0.056694 0.402000 217 217 215
0.169999 0.056553 0.401000 215 214 212
0.171313 0.056553 0.401000 202 201 199
0.172627 0.056553 0.401000 184 180 179
0.173941 0.056553 0.401000 171 169 172
0.174818 0.056412 0.400000 162 161 166
0.176129 0.056412 0.400000 158 157 162
0.176996 0.056271 0.399000 148 147 152
0.178303 0.056271 0.399000 154 153 158
0.142274 0.060612 0.420000 96 97 92
0.143308 0.060468 0.419000 148 149 144
0.144336 0.060323 0.418000 73 72 68
0.145008 0.060035 0.416000 137 136 134
0.145668 0.059746 0.414000 146 144 145
0.146314 0.059457 0.412000 124 122 123
0.146947 0.059169 0.410000 42 36 36
0.147567 0.058880 0.408000 33 24 25
0.148174 0.058591 0.406000 103 94 95
0.148768 0.058303 0.404000 155 149 149
0.149348 0.058014 0.402000 168 167 165
0.150666 0.058014 0.402000 213 213 211
0.151605 0.057870 0.401000 222 224 223
0.153463 0.057581 0.399000 228 224 225
0.154771 0.057581 0.399000 223 219 220
0.155687 0.057437 0.398000 224 220 221
0.156991 0.057437 0.398000 214 210 211
0.157897 0.057293 0.397000 199 197 198
0.159198 0.057293 0.397000 183 181 182
0.160499 0.057293 0.397000 173 171 172
0.162207 0.057437 0.398000 159 157 158
0.163511 0.057437 0.398000 152 150 151
0.164815 0.057437 0.398000 150 150 150
0.166537 0.057581 0.399000 146 146 146
0.167844 0.057581 0.399000 149 149 149
0.169152 0.057581 0.399000 144 146 145
0.170459 0.057581 0.399000 146 146 146
0.171766 0.057581 0.399000 145 145 147
0.173074 0.057581 0.399000 145 144 149
0.174381 0.057581 0.399000 143 144 148
0.175688 0.057581 0.399000 138 139 143
0.176996 0.057581 0.399000 137 138 140
0.177856 0.057437 0.398000 137 137 139
0.142274 0.061992 0.420000 80 81 76
0.142966 0.061696 0.418000 150 151 146
0.143990 0.061549 0.417000 32 32 30
0.144660 0.061254 0.415000 34 33 31
0.145316 0.060958 0.413000 29 27 28
0.146314 0.060811 0.412000 78 77 75
0.146589 0.060368 0.409000 146 142 139
0.147567 0.060220 0.408000 148 145 140
0.147809 0.059778 0.405000 128 125 120
0.148399 0.059482 0.403000 149 148 143
0.148605 0.059040 0.400000 153 154 148
0.149541 0.058892 0.399000 156 155 151
0.150471 0.058744 0.398000 144 140 139
0.151393 0.058597 0.397000 144 144 144
0.152694 0.058597 0.397000 152 153 155
0.153995 0.058597 0.397000 142 143 145
0.155296 0.058597 0.397000 147 148 150
0.156597 0.058597 0.397000 146 147 149
0.157897 0.058597 0.397000 144 145 147
0.159198 0.058597 0.397000 146 148 147
0.160499 0.058597 0.397000 145 147 146
0.161800 0.058597 0.397000 144 144 144
0.163101 0.058597 0.397000 144 144 144
0.164815 0.058744 0.398000 143 145 144
0.166120 0.058744 0.398000 143 145 144
0.167424 0.058744 0.398000 144 145 147
0.168728 0.058744 0.398000 141 142 144
0.170032 0.058744 0.398000 140 144 147
0.171766 0.058892 0.399000 136 140 143
0.173074 0.058892 0.399000 138 142 145
0.174381 0.058892 0.399000 137 141 142
0.175688 0.058892 0.399000 141 142 144
0.176996 0.058892 0.399000 135 136 138
0.178303 0.058892 0.399000 141 141 141
0.142274 0.063371 0.420000 74 76 73
0.143308 0.063221 0.419000 147 148 142
0.143645 0.062768 0.416000 35 35 33
0.144660 0.062617 0.415000 26 27 29
0.145316 0.062315 0.413000 19 24 20
0.145959 0.062013 0.411000 25 27 24
0.146589 0.061712 0.409000 28 28 26
0.147205 0.061410 0.407000 32 31 29
0.147809 0.061108 0.405000 105 101 98
0.148031 0.060656 0.402000 158 154 151
0.148605 0.060354 0.400000 152 149 144
0.149166 0.060052 0.398000 153 152 147
0.150092 0.059901 0.397000 133 130 125
0.151393 0.059901 0.397000 135 136 131
0.152694 0.059901 0.397000 138 140 139
0.153995 0.059901 0.397000 146 147 149
0.155296 0.059901 0.397000 143 144 148
0.156597 0.059901 0.397000 140 141 146
0.157897 0.059901 0.397000 140 144 147
0.159198 0.059901 0.397000 139 143 146
0.160499 0.059901 0.397000 138 142 145
0.161800 0.059901 0.397000 143 143 145
0.163101 0.059901 0.397000 140 140 142
0.164401 0.059901 0.397000 145 145 147
0.165702 0.059901 0.397000 143 143 145
0.167424 0.060052 0.398000 140 139 144
0.168728 0.060052 0.398000 130 129 134
0.170032 0.060052 0.398000 110 108 113
0.171336 0.060052 0.398000 86 84 89
0.173074 0.060203 0.399000 63 64 68
0.174381 0.060203 0.399000 49 50 52
0.175688 0.060203 0.399000 141 141 141
0.176996 0.060203 0.399000 138 140 139
0.178303 0.060203 0.399000 141 142 144
0.179160 0.060052 0.398000 82 83 85
0.142966 0.064443 0.418000 147 148 142
0.143645 0.064135 0.416000 42 42 40
0.144660 0.063980 0.415000 25 26 30
0.144964 0.063518 0.412000 20 26 22
0.145959 0.063364 0.411000 20 22 19
0.146589 0.063055 0.409000 23 23 21
0.147205 0.062747 0.407000 28 27 23
0.148174 0.062593 0.406000 31 27 24
0.148031 0.061976 0.402000 30 26 23
0.148605 0.061668 0.400000 48 45 40
0.149166 0.061359 0.398000 162 161 156
0.150092 0.061205 0.397000 148 147 142
0.151012 0.061051 0.396000 144 145 140
0.152309 0.061051 0.396000 140 142 141
0.153607 0.061051 0.396000 147 148 152
0.154905 0.061051 0.396000 121 122 127
0.156202 0.061051 0.396000 104 105 109
0.157500 0.061051 0.396000 84 85 89
0.159198 0.061205 0.397000 58 59 61
0.160499 0.061205 0.397000 40 41 43
0.161800 0.061205 0.397000 33 33 33
0.163101 0.061205 0.397000 25 25 25
0.164401 0.061205 0.397000 28 28 28
0.165702 0.061205 0.397000 33 33 33
0.167003 0.061205 0.397000 24 24 26
0.168728 0.061359 0.398000 31 31 33
0.170032 0.061359 0.398000 26 24 27
0.171336 0.061359 0.398000 34 29 33
0.173074 0.061514 0.399000 25 24 29
0.174381 0.061514 0.399000 24 25 27
0.175688 0.061514 0.399000 144 144 144
0.176996 0.061514 0.399000 143 143 143
0.142613 0.066288 0.421000 64 64 62
0.142966 0.065816 0.418000 146 147 139
0.143645 0.065501 0.416000 64 65 60
0.144311 0.065186 0.414000 24 25 27
0.144964 0.064871 0.412000 19 26 19
0.145959 0.064714 0.411000 20 22 17
0.146589 0.064399 0.409000 23 24 19
0.147567 0.064241 0.408000 27 26 22
0.148174 0.063927 0.406000 25 24 20
0.148399 0.063454 0.403000 28 25 20
0.148605 0.062982 0.400000 27 24 19
0.149166 0.062667 0.398000 160 160 152
0.150092 0.062509 0.397000 151 151 143
0.151012 0.062352 0.396000 143 144 139
0.152309 0.062352 0.396000 145 145 145
0.153607 0.062352 0.396000 152 151 156
0.154905 0.062352 0.396000 27 26 31
0.156202 0.062352 0.396000 25 24 29
0.157897 0.062509 0.397000 24 24 26
0.159198 0.062509 0.397000 22 22 22
0.160499 0.062509 0.397000 20 20 20
0.161800 0.062509 0.397000 22 22 20
0.163101 0.062509 0.397000 23 24 19
0.164401 0.062509 0.397000 25 25 23
0.165702 0.062509 0.397000 20 22 19
0.167424 0.062667 0.398000 20 22 19
0.168728 0.062667 0.398000 26 26 26
0.170032 0.062667 0.398000 25 25 25
0.171336 0.062667 0.398000 26 26 26
0.173074 0.062824 0.399000 16 17 19
0.174381 0.062824 0.399000 24 24 26
0.175688 0.062824 0.399000 140 138 139
0.176996 0.062824 0.399000 138 138 136
0.142274 0.067511 0.420000 61 61 59
0.142966 0.067189 0.418000 146 146 138
0.143990 0.067029 0.417000 73 72 68
0.144311 0.066546 0.414000 26 26 28
0.144964 0.066225 0.412000 21 26 20
0.145959 0.066064 0.411000 24 27 20
0.146589 0.065743 0.409000 21 22 16
0.147567 0.065582 0.408000 25 24 20
0.148174 0.065260 0.406000 26 25 21
0.148768 0.064939 0.404000 25 24 19
0.148977 0.064457 0.401000 25 24 19
0.149166 0.063974 0.398000 159 159 151
0.150092 0.063814 0.397000 145 145 137
0.151012 0.063653 0.396000 141 142 137
0.152309 0.063653 0.396000 144 144 144
0.153607 0.063653 0.396000 149 148 153
0.154905 0.063653 0.396000 30 29 34
0.156202 0.063653 0.396000 18 18 20
0.157897 0.063814 0.397000 19 17 18
0.159198 0.063814 0.397000 18 17 15
0.160499 0.063814 0.397000 19 18 16
0.161800 0.063814 0.397000 18 19 14
0.163101 0.063814 0.397000 20 21 16
0.164401 0.063814 0.397000 21 23 18
0.165702 0.063814 0.397000 64 66 61
0.167424 0.063974 0.398000 89 91 88
0.168728 0.063974 0.398000 109 111 108
0.170032 0.063974 0.398000 128 130 129
0.171336 0.063974 0.398000 132 134 133
0.173074 0.064135 0.399000 22 23 25
0.174381 0.064135 0.399000 22 22 22
0.176129 0.064296 0.400000 137 136 134
0.177439 0.064296 0.400000 141 141 139
0.137879 0.067414 0.411000 68 70 69
0.141597 0.068562 0.418000 68 68 66
0.142966 0.068562 0.418000 144 144 136
0.143990 0.068398 0.417000 84 83 79
0.144660 0.068070 0.415000 26 26 28
0.145316 0.067742 0.413000 134 136 131
0.145959 0.067414 0.411000 59 60 54
0.146589 0.067086 0.409000 27 28 22
0.147205 0.066758 0.407000 24 25 20
0.148174 0.066594 0.406000 28 27 23
0.148768 0.066266 0.404000 30 29 24
0.148977 0.065774 0.401000 29 28 23
0.149166 0.065282 0.398000 156 156 148
0.150092 0.065118 0.397000 146 148 137
0.151012 0.064954 0.396000 146 148 143
0.152309 0.064954 0.396000 143 143 143
0.153607 0.064954 0.396000 154 153 158
0.154905 0.064954 0.396000 31 30 35
0.156202 0.064954 0.396000 19 19 21
0.157500 0.064954 0.396000 19 18 16
0.159198 0.065118 0.397000 19 18 14
0.160499 0.065118 0.397000 19 18 14
0.161800 0.065118 0.397000 20 21 16
0.163101 0.065118 0.397000 20 22 17
0.164401 0.065118 0.397000 38 40 35
0.166120 0.065282 0.398000 133 135 132
0.167424 0.065282 0.398000 137 139 136
0.168728 0.065282 0.398000 135 139 138
0.170032 0.065282 0.398000 135 139 140
0.171766 0.065446 0.399000 145 149 150
0.173074 0.065446 0.399000 28 29 33
0.174381 0.065446 0.399000 25 25 25
0.176129 0.065610 0.400000 137 136 134
0.177439 0.065610 0.400000 141 141 139
0.178750 0.065610 0.400000 139 141 140
0.138214 0.068932 0.412000 70 72 71
0.140919 0.069601 0.416000 65 65 63
0.142624 0.069768 0.417000 153 153 143
0.143990 0.069768 0.417000 107 104 99
0.144660 0.069434 0.415000 28 26 27
0.145316 0.069099 0.413000 145 146 140
0.145959 0.068764 0.411000 141 142 136
0.146589 0.068430 0.409000 148 149 143
0.147205 0.068095 0.407000 112 113 108
0.148174 0.067928 0.406000 32 33 28
0.148399 0.067426 0.403000 26 27 22
0.148977 0.067091 0.401000 26 27 21
0.149166 0.066589 0.398000 154 155 147
0.150092 0.066422 0.397000 147 148 140
0.151012 0.066255 0.396000 142 143 138
0.152309 0.066255 0.396000 142 142 142
0.153607 0.066255 0.396000 154 153 158
0.154905 0.066255 0.396000 26 25 30
0.156202 0.066255 0.396000 19 19 21
0.157500 0.066255 0.396000 18 18 16
0.159198 0.066422 0.397000 18 19 14
0.160499 0.066422 0.397000 17 18 13
0.161800 0.066422 0.397000 16 18 15
0.163101 0.066422 0.397000 22 24 21
0.164401 0.066422 0.397000 39 41 38
0.166120 0.066589 0.398000 134 136 133
0.167424 0.066589 0.398000 137 139 138
0.168728 0.066589 0.398000 136 140 141
0.170459 0.066757 0.399000 137 141 144
0.171766 0.066757 0.399000 144 147 152
0.173074 0.066757 0.399000 24 27 32
0.174381 0.066757 0.399000 22 23 27
0.176129 0.066924 0.400000 131 131 131
0.177439 0.066924 0.400000 139 139 137
0.178750 0.066924 0.400000 137 139 138
0.209030 0.077130 0.461000 72 76 79
0.213431 0.077632 0.464000 73 74 76
0.218658 0.078970 0.472000 74 76 75
0.138214 0.070285 0.412000 69 71 70
0.140580 0.070797 0.415000 66 66 64
0.142624 0.071138 0.417000 152 149 140
0.143990 0.071138 0.417000 111 108 103
0.145008 0.070968 0.416000 30 26 27
0.145668 0.070626 0.414000 146 145 140
0.145959 0.070115 0.411000 149 150 144
0.146589 0.069773 0.409000 149 150 145
0.146844 0.069262 0.406000 142 143 138
0.147809 0.069091 0.405000 147 147 145
0.148399 0.068750 0.403000 143 143 141
0.148977 0.068409 0.401000 30 31 26
0.149166 0.067897 0.398000 143 144 138
0.150092 0.067726 0.397000 153 154 146
0.151012 0.067556 0.396000 140 142 137
0.152309 0.067556 0.396000 137 139 138
0.153607 0.067556 0.396000 153 154 158
0.154905 0.067556 0.396000 19 20 24
0.156202 0.067556 0.396000 18 19 21
0.157500 0.067556 0.396000 17 19 16
0.159198 0.067726 0.397000 16 18 13
0.160499 0.067726 0.397000 16 18 13
0.161800 0.067726 0.397000 17 19 16
0.163101 0.067726 0.397000 19 24 18
0.164401 0.067726 0.397000 35 37 32
0.166120 0.067897 0.398000 134 136 133
0.167424 0.067897 0.398000 138 140 137
0.168728 0.067897 0.398000 137 138 140
0.170459 0.068068 0.399000 137 141 144
0.171766 0.068068 0.399000 142 145 150
0.173074 0.068068 0.399000 26 30 39
0.174381 0.068068 0.399000 23 26 33
0.176129 0.068238 0.400000 122 123 125
0.177439 0.068238 0.400000 136 136 136
0.178750 0.068238 0.400000 137 139 138
0.208124 0.078303 0.459000 74 78 79
0.209171 0.078133 0.458000 75 79 80
0.211131 0.078303 0.459000 74 76 73
0.213099 0.078474 0.460000 72 74 71
0.144088 0.082767 0.476000 65 67 62
0.145341 0.082593 0.475000 64 66 61
0.146898 0.082593 0.475000 65 67 62
0.138214 0.071639 0.412000 67 69 68
0.140242 0.071987 0.414000 67 67 65
0.142624 0.072508 0.417000 151 148 139
0.143990 0.072508 0.417000 124 119 115
0.145008 0.072334 0.416000 24 20 21
0.145668 0.071987 0.414000 153 152 147
0.146314 0.071639 0.412000 105 106 100
0.146589 0.071117 0.409000 143 144 139
0.146844 0.070595 0.406000 146 146 144
0.147809 0.070422 0.405000 146 148 147
0.148399 0.070074 0.403000 158 160 157
0.148605 0.069552 0.400000 30 30 28
0.149166 0.069204 0.398000 139 140 134
0.150092 0.069031 0.397000 146 147 141
0.151012 0.068857 0.396000 143 144 139
0.152309 0.068857 0.396000 143 145 144
0.153607 0.068857 0.396000 153 154 158
0.154905 0.068857 0.396000 20 21 25
0.156202 0.068857 0.396000 18 19 21
0.157897 0.069031 0.397000 15 19 18
0.159198 0.069031 0.397000 14 19 15
0.160499 0.069031 0.397000 14 19 15
0.161800 0.069031 0.397000 14 19 13
0.163101 0.069031 0.397000 16 21 15
0.164401 0.069031 0.397000 27 29 24
0.166120 0.069204 0.398000 133 135 130
0.167424 0.069204 0.398000 138 140 137
0.168728 0.069204 0.398000 139 141 140
0.170459 0.069378 0.399000 136 140 143
0.171766 0.069378 0.399000 143 146 151
0.173074 0.069378 0.399000 25 29 40
0.174381 0.069378 0.399000 21 25 34
0.176129 0.069552 0.400000 112 113 118
0.177439 0.069552 0.400000 137 139 138
0.206169 0.079637 0.458000 79 83 84
0.207217 0.079463 0.457000 72 76 77
0.208714 0.079463 0.457000 71 75 74
0.209751 0.079289 0.456000 72 75 68
0.210782 0.079116 0.455000 71 74 67
0.212273 0.079116 0.455000 72 74 69
0.134285 0.083091 0.469000 65 67 62
0.142827 0.084508 0.477000 63 68 64
0.143785 0.084154 0.475000 63 65 62
0.144729 0.083799 0.473000 66 66 64
0.145970 0.083622 0.472000 65 65 63
0.146579 0.083091 0.469000 66 66 64
0.142624 0.073878 0.417000 150 151 145
0.144336 0.074055 0.418000 133 133 125
0.145008 0.073701 0.416000 27 26 21
0.145668 0.073347 0.414000 154 154 146
0.146314 0.072992 0.412000 88 87 85
0.146589 0.072461 0.409000 31 29 32
0.146844 0.071929 0.406000 42 40 43
0.147809 0.071752 0.405000 146 145 141
0.148399 0.071398 0.403000 164 163 158
0.148605 0.070866 0.400000 39 39 39
0.149166 0.070512 0.398000 130 130 130
0.150092 0.070335 0.397000 143 144 139
0.151012 0.070158 0.396000 141 143 138
0.152309 0.070158 0.396000 143 145 144
0.153607 0.070158 0.396000 150 154 157
0.154905 0.070158 0.396000 22 25 30
0.156202 0.070158 0.396000 16 20 23
0.157897 0.070335 0.397000 14 18 17
0.159198 0.070335 0.397000 14 19 15
0.160499 0.070335 0.397000 14 19 13
0.161800 0.070335 0.397000 11 16 12
0.163101 0.070335 0.397000 19 21 18
0.164401 0.070335 0.397000 23 25 22
0.166120 0.070512 0.398000 133 133 131
0.167424 0.070512 0.398000 136 136 136
0.168728 0.070512 0.398000 137 138 140
0.170459 0.070689 0.399000 136 140 143
0.171766 0.070689 0.399000 142 147 151
0.173074 0.070689 0.399000 25 32 40
0.174381 0.070689 0.399000 20 27 33
0.175688 0.070689 0.399000 92 97 100
0.176996 0.070689 0.399000 134 138 139
0.178750 0.070866 0.400000 136 140 141
0.205269 0.080788 0.456000 80 81 85
0.206763 0.080788 0.456000 75 75 77
0.207344 0.080433 0.454000 72 70 71
0.208372 0.080256 0.453000 73 74 69
0.208929 0.079902 0.451000 71 73 68
0.209941 0.079725 0.450000 71 73 68
0.210475 0.079370 0.448000 72 74 69
0.211943 0.079370 0.448000 72 74 69
0.212458 0.079016 0.446000 74 76 71
0.214399 0.079193 0.447000 70 75 69
0.215381 0.079016 0.446000 70 75 69
0.216843 0.079016 0.446000 70 75 71
0.222715 0.079547 0.449000 72 74 71
0.223187 0.079193 0.447000 73 75 74
0.225154 0.079370 0.448000 74 74 74
0.226117 0.079193 0.447000 74 74 74
0.227072 0.079016 0.446000 74 74 74
0.128016 0.083549 0.463000 66 67 62
0.131212 0.084631 0.469000 65 66 61
0.131899 0.084090 0.466000 65 66 61
0.133713 0.084271 0.467000 66 67 62
0.134663 0.083910 0.465000 65 67 62
0.137359 0.084631 0.469000 65 67 62
0.138895 0.084631 0.469000 64 66 63
0.140731 0.084812 0.470000 64 66 63
0.142574 0.084992 0.471000 63 65 62
0.143811 0.084812 0.470000 65 65 63
0.145042 0.084631 0.469000 65 65 63
0.145016 0.083729 0.464000 65 66 61
0.146221 0.083549 0.463000 65 66 61
0.148376 0.083910 0.465000 66 67 62
0.142613 0.075970 0.421000 69 69 69
0.143308 0.075609 0.419000 154 155 149
0.144336 0.075428 0.418000 138 139 131
0.145357 0.075248 0.417000 27 26 21
0.145668 0.074707 0.414000 151 151 143
0.146314 0.074346 0.412000 111 110 108
0.146589 0.073804 0.409000 31 29 32
0.147205 0.073443 0.407000 35 33 36
0.147809 0.073083 0.405000 132 131 127
0.148399 0.072722 0.403000 160 159 154
0.148977 0.072361 0.401000 39 39 37
0.149541 0.072000 0.399000 116 116 116
0.150092 0.071639 0.397000 149 150 144
0.151393 0.071639 0.397000 137 139 134
0.152309 0.071459 0.396000 137 139 138
0.153607 0.071459 0.396000 138 141 146
0.154905 0.071459 0.396000 16 19 26
0.156597 0.071639 0.397000 15 18 23
0.157897 0.071639 0.397000 15 19 20
0.159198 0.071639 0.397000 14 19 15
0.160499 0.071639 0.397000 14 19 13
0.161800 0.071639 0.397000 12 22 14
0.163101 0.071639 0.397000 13 20 13
0.164815 0.071819 0.398000 11 16 12
0.166120 0.071819 0.398000 136 138 137
0.167424 0.071819 0.398000 137 137 139
0.168728 0.071819 0.398000 64 63 68
0.170459 0.072000 0.399000 32 31 36
0.171766 0.072000 0.399000 20 21 26
0.173074 0.072000 0.399000 19 24 30
0.174381 0.072000 0.399000 21 26 29
0.175688 0.072000 0.399000 91 95 94
0.176996 0.072000 0.399000 137 139 138
0.178303 0.072000 0.399000 137 141 142
0.205403 0.081744 0.453000 77 78 82
0.206431 0.081564 0.452000 74 74 74
0.206992 0.081203 0.450000 72 74 71
0.207540 0.080842 0.448000 72 74 69
0.208074 0.080481 0.446000 73 75 70
0.209066 0.080301 0.445000 73 75 70
0.210051 0.080120 0.444000 73 75 70
0.211506 0.080120 0.444000 74 76 71
0.212961 0.080120 0.444000 71 76 72
0.213932 0.079940 0.443000 73 78 74
0.214898 0.079759 0.442000 71 76 72
0.216346 0.079759 0.442000 72 74 71
0.217302 0.079579 0.441000 73 75 72
0.218250 0.079398 0.440000 72 74 71
0.220691 0.079759 0.442000 74 76 75
0.222642 0.079940 0.443000 74 74 74
0.223081 0.079579 0.441000 74 74 74
0.224526 0.079579 0.441000 74 74 74
0.126226 0.084886 0.462000 68 69 64
0.126910 0.084335 0.459000 67 68 63
0.128974 0.084702 0.461000 66 67 62
0.130201 0.084519 0.460000 66 67 62
0.131708 0.084519 0.460000 67 68 63
0.133215 0.084519 0.460000 67 68 63
0.134137 0.084151 0.458000 66 67 62
0.135341 0.083967 0.457000 66 67 62
0.136539 0.083784 0.456000 64 64 62
0.139547 0.084702 0.461000 65 67 62
0.141058 0.084702 0.461000 62 64 59
0.142259 0.084519 0.460000 62 64 59
0.143141 0.084151 0.458000 65 66 61
0.144642 0.084151 0.458000 66 67 62
0.146142 0.084151 0.458000 64 65 60
0.147321 0.083967 0.457000 64 66 61
0.142613 0.077353 0.421000 68 68 68
0.143650 0.077169 0.420000 154 155 149
0.144681 0.076985 0.419000 152 153 145
0.145357 0.076618 0.417000 29 28 24
0.146019 0.076250 0.415000 153 152 147
0.146314 0.075699 0.412000 116 115 111
0.146589 0.075148 0.409000 34 33 31
0.147205 0.074781 0.407000 40 39 37
0.147809 0.074413 0.405000 116 115 111
0.148399 0.074046 0.403000 147 148 143
0.148977 0.073678 0.401000 33 33 31
0.149541 0.073311 0.399000 102 102 100
0.150471 0.073127 0.398000 147 148 140
0.151393 0.072943 0.397000 136 139 132
0.152309 0.072759 0.396000 138 140 139
0.153607 0.072759 0.396000 140 143 148
0.155296 0.072943 0.397000 23 26 33
0.156597 0.072943 0.397000 16 19 24
0.157897 0.072943 0.397000 12 16 17
0.159198 0.072943 0.397000 14 19 15
0.160499 0.072943 0.397000 14 19 15
0.161800 0.072943 0.397000 10 20 12
0.163101 0.072943 0.397000 12 19 12
0.164815 0.073127 0.398000 16 21 17
0.166120 0.073127 0.398000 133 135 134
0.167424 0.073127 0.398000 138 138 140
0.168728 0.073127 0.398000 69 68 73
0.170459 0.073311 0.399000 28 27 32
0.171766 0.073311 0.399000 25 24 30
0.173074 0.073311 0.399000 19 20 22
0.174381 0.073311 0.399000 18 20 17
0.175688 0.073311 0.399000 76 77 72
0.176996 0.073311 0.399000 135 137 132
0.178303 0.073311 0.399000 137 141 140
0.204147 0.082130 0.447000 73 74 76
0.205612 0.082130 0.447000 73 75 72
0.206613 0.081946 0.446000 71 73 68
0.208074 0.081946 0.446000 72 74 71
0.209066 0.081763 0.445000 74 76 73
0.209578 0.081395 0.443000 73 75 72
0.211029 0.081395 0.443000 74 76 73
0.212481 0.081395 0.443000 71 76 72
0.213932 0.081395 0.443000 72 77 73
0.214412 0.081028 0.441000 74 76 73
0.215857 0.081028 0.441000 72 74 71
0.216809 0.080844 0.440000 73 75 72
0.218250 0.080844 0.440000 73 75 74
0.219193 0.080660 0.439000 75 77 76
0.221636 0.081028 0.441000 75 75 75
0.222070 0.080660 0.439000 76 76 76
0.223508 0.080660 0.439000 75 75 75
0.122398 0.085843 0.459000 67 69 64
0.123362 0.085469 0.457000 67 68 63
0.125133 0.085656 0.458000 67 68 63
0.126357 0.085469 0.457000 65 66 61
0.127854 0.085469 0.457000 65 66 61
0.129635 0.085656 0.458000 65 66 61
0.130849 0.085469 0.457000 66 67 62
0.132057 0.085282 0.456000 66 67 62
0.133551 0.085282 0.456000 66 67 62
0.134749 0.085095 0.455000 64 66 61
0.135641 0.084721 0.453000 64 66 61
0.138034 0.085282 0.456000 65 67 62
0.138610 0.084721 0.453000 65 67 62
0.140094 0.084721 0.453000 66 68 63
0.141891 0.084908 0.454000 63 65 60
0.143378 0.084908 0.454000 65 66 61
0.145185 0.085095 0.455000 62 64 59
0.146354 0.084908 0.454000 63 65 60
0.142613 0.078736 0.421000 69 69 69
0.143650 0.078549 0.420000 153 154 148
0.144681 0.078362 0.419000 156 156 148
0.145357 0.077988 0.417000 33 32 28
0.146019 0.077614 0.415000 153 152 148
0.146314 0.077053 0.412000 136 135 130
0.146589 0.076492 0.409000 33 32 28
0.147205 0.076118 0.407000 153 152 150
0.147809 0.075744 0.405000 110 110 108
0.148768 0.075557 0.404000 142 142 140
0.148977 0.074995 0.401000 34 34 34
0.149541 0.074621 0.399000 90 91 86
0.150471 0.074434 0.398000 146 148 137
0.151393 0.074247 0.397000 139 142 135
0.152309 0.074060 0.396000 136 138 137
0.153607 0.074060 0.396000 139 140 144
0.155296 0.074247 0.397000 21 24 31
0.156597 0.074247 0.397000 17 20 25
0.157897 0.074247 0.397000 15 19 20
0.159198 0.074247 0.397000 15 19 18
0.160499 0.074247 0.397000 18 20 17
0.161800 0.074247 0.397000 22 23 18
0.163101 0.074247 0.397000 19 20 15
0.164815 0.074434 0.398000 17 17 15
0.166120 0.074434 0.398000 135 135 135
0.167424 0.074434 0.398000 137 138 140
0.168728 0.074434 0.398000 80 81 85
0.170459 0.074621 0.399000 39 43 46
0.171766 0.074621 0.399000 59 64 67
0.173074 0.074621 0.399000 16 17 19
0.174381 0.074621 0.399000 22 21 19
0.175688 0.074621 0.399000 71 70 65
0.176996 0.074621 0.399000 137 138 132
0.178303 0.074621 0.399000 137 142 138
0.179610 0.074621 0.399000 88 92 93
0.200869 0.082850 0.443000 71 75 76
0.201864 0.082663 0.442000 72 73 75
0.202852 0.082476 0.441000 73 75 72
0.204760 0.082663 0.442000 71 73 70
0.205742 0.082476 0.441000 73 75 72
0.207657 0.082663 0.442000 71 71 69
0.208632 0.082476 0.441000 72 74 71
0.210077 0.082476 0.441000 73 75 74
0.211522 0.082476 0.441000 71 73 72
0.212967 0.082476 0.441000 70 74 73
0.213439 0.082102 0.439000 74 76 75
0.214388 0.081915 0.438000 73 75 74
0.215331 0.081728 0.437000 73 75 74
0.216266 0.081541 0.436000 72 74 73
0.217196 0.081354 0.435000 74 74 74
0.218621 0.081354 0.435000 75 75 75
0.220046 0.081354 0.435000 76 76 76
0.221472 0.081354 0.435000 75 75 75
0.118787 0.085828 0.451000 66 68 63
0.120265 0.085828 0.451000 67 69 64
0.122013 0.086018 0.452000 66 68 63
0.123494 0.086018 0.452000 65 67 62
0.124975 0.086018 0.452000 64 66 61
0.126735 0.086209 0.453000 65 67 62
0.128220 0.086209 0.453000 65 67 62
0.129418 0.086018 0.452000 65 67 62
0.130899 0.086018 0.452000 65 67 62
0.132380 0.086018 0.452000 64 66 61
0.133565 0.085828 0.451000 65 67 62
0.134743 0.085638 0.450000 63 68 62
0.135915 0.085448 0.449000 61 66 60
0.137386 0.085448 0.449000 64 66 61
0.138857 0.085448 0.449000 64 66 61
0.140016 0.085257 0.448000 64 66 61
0.141484 0.085257 0.448000 64 65 60
0.142632 0.085067 0.447000 64 65 60
0.143775 0.084877 0.446000 62 64 59
0.144585 0.084496 0.444000 62 64 59
0.142613 0.080119 0.421000 69 69 69
0.143650 0.079929 0.420000 150 151 143
0.144336 0.079548 0.418000 162 162 154
0.145357 0.079358 0.417000 29 28 24
0.145668 0.078787 0.414000 45 44 40
0.146314 0.078406 0.412000 98 97 93
0.146589 0.077835 0.409000 27 26 22
0.147205 0.077455 0.407000 153 153 151
0.147809 0.077074 0.405000 121 121 121
0.148768 0.076884 0.404000 30 30 32
0.149348 0.076503 0.402000 31 31 31
0.149541 0.075932 0.399000 73 74 69
0.150471 0.075742 0.398000 148 148 138
0.151393 0.075552 0.397000 141 142 136
0.152694 0.075552 0.397000 139 141 140
0.153995 0.075552 0.397000 141 142 146
0.155296 0.075552 0.397000 20 21 26
0.156597 0.075552 0.397000 21 25 28
0.157897 0.075552 0.397000 15 16 18
0.159198 0.075552 0.397000 71 73 70
0.160499 0.075552 0.397000 103 105 102
0.161800 0.075552 0.397000 120 119 115
0.163101 0.075552 0.397000 135 134 132
0.164815 0.075742 0.398000 140 140 140
0.166120 0.075742 0.398000 22 23 25
0.167424 0.075742 0.398000 25 26 28
0.168728 0.075742 0.398000 102 106 109
0.170459 0.075932 0.399000 131 136 139
0.171766 0.075932 0.399000 128 136 138
0.173074 0.075932 0.399000 26 29 34
0.174381 0.075932 0.399000 20 21 23
0.175688 0.075932 0.399000 67 68 63
0.176996 0.075932 0.399000 136 137 132
0.178303 0.075932 0.399000 136 138 135
0.179160 0.075742 0.398000 97 98 100
0.198148 0.083164 0.437000 71 72 74
0.200037 0.083354 0.438000 68 68 68
0.201472 0.083354 0.438000 67 69 66
0.202444 0.083164 0.437000 70 70 68
0.204342 0.083354 0.438000 72 72 72
0.205307 0.083164 0.437000 74 74 74
0.206739 0.083164 0.437000 73 73 73
0.208171 0.083164 0.437000 71 73 72
0.209123 0.082974 0.436000 71 73 72
0.210069 0.082783 0.435000 74 76 75
0.211494 0.082783 0.435000 75 77 76
0.213409 0.082974 0.436000 75 77 76
0.212867 0.082212 0.432000 72 74 73
0.214282 0.082212 0.432000 73 73 73
0.215198 0.082022 0.431000 74 74 74
0.216611 0.082022 0.431000 74 74 74
0.218023 0.082022 0.431000 76 76 76
0.219435 0.082022 0.431000 75 75 75
0.116789 0.086923 0.449000 64 69 63
0.117997 0.086729 0.448000 63 68 62
0.119465 0.086729 0.448000 64 66 61
0.121203 0.086923 0.449000 64 66 61
0.122674 0.086923 0.449000 66 68 63
0.124145 0.086923 0.449000 66 68 65
0.125337 0.086729 0.448000 66 68 63
0.126804 0.086729 0.448000 65 67 62
0.127986 0.086535 0.447000 62 67 61
0.129161 0.086342 0.446000 63 68 62
0.130622 0.086342 0.446000 62 67 61
0.131788 0.086148 0.445000 64 69 63
0.133246 0.086148 0.445000 62 67 61
0.134704 0.086148 0.445000 63 68 62
0.136162 0.086148 0.445000 64 66 61
0.137311 0.085955 0.444000 65 67 62
0.138453 0.085761 0.443000 66 67 62
0.139905 0.085761 0.443000 65 66 61
0.141037 0.085567 0.442000 65 66 61
0.141518 0.084987 0.439000 66 67 62
0.142631 0.084793 0.438000 64 65 60
0.143737 0.084599 0.437000 63 63 63
0.145259 0.083825 0.433000 65 65 63
0.143992 0.081502 0.421000 149 149 141
0.144681 0.081115 0.419000 160 160 152
0.145357 0.080728 0.417000 29 28 24
0.145668 0.080147 0.414000 32 31 27
0.145959 0.079566 0.411000 29 25 22
0.146589 0.079179 0.409000 25 24 20
0.147205 0.078792 0.407000 103 102 97
0.148174 0.078598 0.406000 122 122 122
0.148768 0.078211 0.404000 32 32 34
0.149348 0.077824 0.402000 26 26 26
0.149916 0.077437 0.400000 60 59 54
0.150471 0.077049 0.398000 145 145 137
0.151393 0.076856 0.397000 145 146 140
0.152694 0.076856 0.397000 140 140 138
0.153995 0.076856 0.397000 141 142 144
0.155296 0.076856 0.397000 23 24 29
0.156597 0.076856 0.397000 21 22 26
0.157897 0.076856 0.397000 26 27 29
0.159198 0.076856 0.397000 137 139 136
0.160499 0.076856 0.397000 136 138 133
0.161800 0.076856 0.397000 136 138 135
0.163101 0.076856 0.397000 139 141 140
0.164815 0.077049 0.398000 146 147 149
0.166120 0.077049 0.398000 18 22 25
0.167424 0.077049 0.398000 19 20 24
0.169152 0.077243 0.399000 98 99 103
0.170459 0.077243 0.399000 134 135 137
0.171766 0.077243 0.399000 133 134 136
0.173074 0.077243 0.399000 24 27 34
0.174381 0.077243 0.399000 19 22 27
0.175688 0.077243 0.399000 59 61 60
0.176996 0.077243 0.399000 138 140 135
0.177856 0.077049 0.398000 136 138 137
0.179160 0.077049 0.398000 95 96 98
0.197695 0.084406 0.436000 74 74 76
0.197753 0.083825 0.433000 72 68 69
0.198252 0.083438 0.431000 68 68 68
0.199664 0.083438 0.431000 68 68 68
0.201076 0.083438 0.431000 70 70 70
0.202489 0.083438 0.431000 72 72 72
0.203428 0.083244 0.430000 71 71 71
0.204837 0.083244 0.430000 73 73 73
0.207205 0.083632 0.432000 72 74 73
0.209103 0.083825 0.433000 72 74 73
0.208091 0.082857 0.428000 75 75 75
0.209004 0.082664 0.427000 75 75 75
0.211389 0.083051 0.429000 74 74 74
0.211306 0.082470 0.426000 75 75 75
0.212702 0.082470 0.426000 76 76 76
0.214098 0.082470 0.426000 77 77 77
0.215494 0.082470 0.426000 75 75 75
0.216889 0.082470 0.426000 76 76 76
0.116009 0.087807 0.446000 64 69 63
0.117470 0.087807 0.446000 63 68 62
0.118132 0.087216 0.443000 63 68 62
0.119583 0.087216 0.443000 63 68 62
0.121035 0.087216 0.443000 62 67 61
0.122486 0.087216 0.443000 64 66 63
0.123938 0.087216 0.443000 65 67 64
0.125106 0.087019 0.442000 64 66 61
0.126268 0.086823 0.441000 65 67 62
0.127713 0.086823 0.441000 65 67 62
0.128865 0.086626 0.440000 64 66 61
0.130307 0.086626 0.440000 64 66 61
0.131749 0.086626 0.440000 64 66 61
0.132888 0.086429 0.439000 66 68 63
0.134326 0.086429 0.439000 63 65 60
0.135764 0.086429 0.439000 64 66 61
0.136890 0.086232 0.438000 65 66 61
0.138010 0.086035 0.437000 66 67 62
0.139122 0.085838 0.436000 64 64 62
0.140229 0.085641 0.435000 65 65 63
0.141328 0.085444 0.434000 65 65 63
0.142421 0.085248 0.433000 65 65 65
0.143508 0.085051 0.432000 65 65 63
0.144924 0.085051 0.432000 65 65 65
0.143992 0.082885 0.421000 139 139 129
0.144681 0.082491 0.419000 151 151 141
0.145357 0.082098 0.417000 137 136 132
0.145668 0.081507 0.414000 35 34 29
0.146314 0.081113 0.412000 29 25 22
0.146589 0.080523 0.409000 30 27 20
0.147567 0.080326 0.408000 26 26 18
0.148174 0.079932 0.406000 23 24 19
0.149136 0.079735 0.405000 25 25 23
0.149348 0.079144 0.402000 25 24 19
0.149916 0.078751 0.400000 53 50 43
0.150471 0.078357 0.398000 148 145 138
0.151393 0.078160 0.397000 146 147 139
0.152694 0.078160 0.397000 139 140 135
0.153995 0.078160 0.397000 140 141 143
0.155296 0.078160 0.397000 28 29 33
0.156597 0.078160 0.397000 26 27 31
0.157897 0.078160 0.397000 21 23 22
0.159198 0.078160 0.397000 136 138 135
0.160499 0.078160 0.397000 140 142 137
0.161800 0.078160 0.397000 135 139 138
0.163101 0.078160 0.397000 136 142 142
0.164815 0.078357 0.398000 139 143 146
0.166120 0.078357 0.398000 25 29 32
0.167424 0.078357 0.398000 22 23 27
0.169152 0.078554 0.399000 67 66 71
0.170459 0.078554 0.399000 98 98 100
0.171766 0.078554 0.399000 74 72 73
0.173074 0.078554 0.399000 30 31 36
0.174381 0.078554 0.399000 23 24 26
0.175688 0.078554 0.399000 50 51 46
0.176996 0.078554 0.399000 135 138 131
0.178303 0.078554 0.399000 136 141 137
0.179610 0.078554 0.399000 93 97 98
0.180918 0.078554 0.399000 71 71 73
0.195013 0.084066 0.427000 69 67 70
0.195952 0.083869 0.426000 68 68 68
0.197348 0.083869 0.426000 68 68 68
0.199210 0.084066 0.427000 69 69 69
0.199670 0.083673 0.425000 69 69 69
0.201062 0.083673 0.425000 67 67 67
0.202455 0.083673 0.425000 69 69 69
0.203368 0.083476 0.424000 69 71 70
0.204274 0.083279 0.423000 71 73 72
0.204201 0.082688 0.420000 74 74 74
0.205578 0.082688 0.420000 74 74 74
0.206954 0.082688 0.420000 74 74 74
0.208330 0.082688 0.420000 75 75 75
0.209706 0.082688 0.420000 75 75 75
0.211585 0.082885 0.421000 76 76 76
0.212964 0.082885 0.421000 74 74 74
0.214344 0.082885 0.421000 76 76 76
0.113928 0.087671 0.438000 64 69 63
0.115363 0.087671 0.438000 64 69 63
0.116532 0.087471 0.437000 63 68 62
0.117964 0.087471 0.437000 61 67 63
0.119395 0.087471 0.437000 62 68 64
0.120827 0.087471 0.437000 64 66 63
0.122259 0.087471 0.437000 65 65 63
0.123691 0.087471 0.437000 63 63 61
0.125123 0.087471 0.437000 64 65 60
0.126555 0.087471 0.437000 66 67 62
0.127694 0.087271 0.436000 65 66 61
0.129122 0.087271 0.436000 66 67 62
0.130251 0.087070 0.435000 65 66 61
0.131677 0.087070 0.435000 65 67 62
0.133102 0.087070 0.435000 64 66 61
0.134218 0.086870 0.434000 64 66 61
0.135328 0.086670 0.433000 66 67 62
0.136431 0.086470 0.432000 66 66 64
0.137846 0.086470 0.432000 65 65 63
0.138939 0.086270 0.431000 64 64 62
0.140351 0.086270 0.431000 65 65 63
0.141435 0.086070 0.430000 67 67 69
0.142511 0.085869 0.429000 64 64 62
0.143246 0.085469 0.427000 66 66 66
0.143290 0.084668 0.423000 65 65 63
0.143992 0.084268 0.421000 130 130 120
0.144681 0.083868 0.419000 148 148 136
0.145357 0.083467 0.417000 148 147 142
0.145668 0.082867 0.414000 153 153 145
0.146314 0.082467 0.412000 148 144 141
0.146947 0.082066 0.410000 52 49 40
0.147567 0.081666 0.408000 26 26 14
0.148174 0.081266 0.406000 19 20 14
0.149136 0.081066 0.405000 24 25 20
0.149720 0.080665 0.403000 27 27 19
0.149916 0.080065 0.400000 45 42 33
0.150849 0.079865 0.399000 150 145 139
0.151393 0.079464 0.397000 146 146 138
0.152694 0.079464 0.397000 140 141 136
0.153995 0.079464 0.397000 137 139 138
0.155296 0.079464 0.397000 29 30 34
0.156597 0.079464 0.397000 25 26 28
0.157897 0.079464 0.397000 17 19 18
0.159198 0.079464 0.397000 66 68 63
0.160499 0.079464 0.397000 52 54 49
0.161800 0.079464 0.397000 35 35 35
0.163511 0.079664 0.398000 23 24 28
0.164815 0.079664 0.398000 26 27 32
0.166120 0.079664 0.398000 25 26 31
0.167424 0.079664 0.398000 18 21 26
0.169152 0.079865 0.399000 20 24 27
0.170459 0.079865 0.399000 19 20 22
0.171766 0.079865 0.399000 23 25 24
0.173074 0.079865 0.399000 22 23 25
0.174381 0.079865 0.399000 24 24 22
0.175688 0.079865 0.399000 41 42 34
0.176996 0.079865 0.399000 136 139 130
0.178303 0.079865 0.399000 134 139 133
0.180061 0.080065 0.400000 98 102 103
0.190446 0.083467 0.417000 69 70 74
0.192732 0.083868 0.419000 67 67 67
0.194105 0.083868 0.419000 68 68 68
0.195944 0.084068 0.420000 68 68 68
0.197790 0.084268 0.421000 68 68 68
0.199170 0.084268 0.421000 68 68 68
0.201026 0.084468 0.422000 69 69 69
0.201929 0.084268 0.421000 68 68 68
0.202825 0.084068 0.420000 72 74 73
0.203229 0.083668 0.418000 75 75 77
0.204109 0.083467 0.417000 74 74 74
0.205476 0.083467 0.417000 73 73 73
0.206346 0.083267 0.416000 72 72 72
0.207709 0.083267 0.416000 73 73 73
0.209072 0.083267 0.416000 73 73 73
0.210435 0.083267 0.416000 73 73 73
0.212307 0.083467 0.417000 73 73 73
0.113148 0.088499 0.435000 64 69 62
0.114573 0.088499 0.435000 63 68 61
0.115198 0.087889 0.432000 63 68 61
0.116614 0.087889 0.432000 64 69 63
0.118029 0.087889 0.432000 63 68 62
0.119445 0.087889 0.432000 63 68 62
0.120860 0.087889 0.432000 65 67 62
0.122276 0.087889 0.432000 64 66 61
0.123691 0.087889 0.432000 64 66 61
0.125107 0.087889 0.432000 64 66 61
0.126229 0.087686 0.431000 64 66 61
0.127642 0.087686 0.431000 64 66 61
0.128754 0.087482 0.430000 64 66 61
0.130163 0.087482 0.430000 62 65 58
0.131572 0.087482 0.430000 63 66 59
0.132672 0.087279 0.429000 65 67 62
0.134078 0.087279 0.429000 66 67 62
0.135167 0.087075 0.428000 66 66 64
0.136570 0.087075 0.428000 65 65 63
0.137972 0.087075 0.428000 66 66 64
0.139374 0.087075 0.428000 66 66 64
0.140448 0.086872 0.427000 63 65 62
0.141515 0.086668 0.426000 64 66 65
0.142240 0.086262 0.424000 65 67 66
0.142952 0.085855 0.422000 67 67 67
0.143650 0.085448 0.420000 62 61 59
0.144336 0.085041 0.418000 123 122 117
0.145008 0.084634 0.416000 152 149 144
0.145668 0.084227 0.414000 147 144 137
0.146314 0.083820 0.412000 144 144 142
0.146947 0.083413 0.410000 147 148 143
0.147567 0.083006 0.408000 148 149 143
0.148174 0.082599 0.406000 67 67 59
0.148768 0.082193 0.404000 28 28 20
0.149348 0.081786 0.402000 32 29 20
0.149916 0.081379 0.400000 35 31 22
0.150471 0.080972 0.398000 148 143 137
0.151393 0.080768 0.397000 144 143 138
0.152694 0.080768 0.397000 141 140 136
0.153995 0.080768 0.397000 142 142 142
0.155296 0.080768 0.397000 28 28 30
0.156597 0.080768 0.397000 23 23 25
0.157897 0.080768 0.397000 20 20 18
0.159198 0.080768 0.397000 22 23 18
0.160499 0.080768 0.397000 22 21 16
0.161800 0.080768 0.397000 22 22 20
0.163511 0.080972 0.398000 19 19 19
0.164815 0.080972 0.398000 20 22 21
0.166120 0.080972 0.398000 19 21 20
0.167424 0.080972 0.398000 21 23 20
0.169152 0.081175 0.399000 23 25 22
0.170459 0.081175 0.399000 24 26 23
0.171766 0.081175 0.399000 22 22 20
0.173074 0.081175 0.399000 24 24 22
0.174381 0.081175 0.399000 26 26 24
0.175688 0.081175 0.399000 51 53 48
0.176996 0.081175 0.399000 132 134 129
0.178750 0.081379 0.400000 136 138 135
0.180511 0.081582 0.401000 108 109 111
0.184092 0.082599 0.406000 68 69 73
0.187249 0.083413 0.410000 69 68 73
0.190432 0.084227 0.414000 68 69 71
0.192715 0.084634 0.416000 68 70 69
0.194078 0.084634 0.416000 65 67 66
0.196381 0.085041 0.418000 66 68 67
0.198697 0.085448 0.420000 66 68 65
0.200073 0.085448 0.420000 68 68 66
0.200970 0.085244 0.419000 68 68 66
0.201377 0.084837 0.417000 70 70 68
0.202257 0.084634 0.416000 69 71 68
0.203130 0.084430 0.415000 71 73 70
0.203505 0.084024 0.413000 72 72 70
0.204362 0.083820 0.412000 74 76 73
0.205712 0.083820 0.412000 72 74 73
0.207062 0.083820 0.412000 74 76 75
0.208412 0.083820 0.412000 74 76 75
0.209762 0.083820 0.412000 75 77 76
0.111847 0.088895 0.430000 63 68 62
0.112466 0.088275 0.427000 63 68 62
0.114132 0.088481 0.428000 62 67 61
0.115534 0.088481 0.428000 63 68 62
0.116936 0.088481 0.428000 62 67 61
0.118339 0.088481 0.428000 62 67 61
0.119461 0.088275 0.427000 62 67 61
0.120861 0.088275 0.427000 62 67 61
0.122260 0.088275 0.427000 62 67 61
0.123369 0.088068 0.426000 62 67 61
0.124765 0.088068 0.426000 64 66 61
0.126161 0.088068 0.426000 64 66 61
0.127557 0.088068 0.426000 64 66 61
0.128650 0.087861 0.425000 66 69 62
0.130042 0.087861 0.425000 64 66 61
0.131435 0.087861 0.425000 64 66 63
0.132515 0.087654 0.424000 65 65 63
0.133904 0.087654 0.424000 65 65 65
0.135293 0.087654 0.424000 65 65 65
0.136360 0.087448 0.423000 66 66 66
0.137746 0.087448 0.423000 65 65 65
0.138803 0.087241 0.422000 63 65 64
0.139854 0.087034 0.421000 61 63 62
0.140898 0.086827 0.420000 60 62 61
0.141935 0.086621 0.419000 53 53 53
0.142966 0.086414 0.418000 51 51 51
0.143645 0.086001 0.416000 52 51 49
0.144660 0.085794 0.415000 40 39 34
0.145668 0.085587 0.414000 119 119 111
0.146314 0.085174 0.412000 48 46 47
0.146947 0.084760 0.410000 60 58 59
0.147567 0.084347 0.408000 152 151 147
0.148174 0.083933 0.406000 144 143 138
0.148768 0.083520 0.404000 156 156 148
0.149348 0.083106 0.402000 87 87 79
0.149916 0.082693 0.400000 41 41 33
0.150471 0.082279 0.398000 149 146 139
0.151393 0.082073 0.397000 141 140 135
0.152694 0.082073 0.397000 140 141 136
0.153995 0.082073 0.397000 137 137 135
0.155296 0.082073 0.397000 37 39 38
0.156597 0.082073 0.397000 29 31 30
0.157897 0.082073 0.397000 23 25 22
0.159198 0.082073 0.397000 21 23 18
0.160499 0.082073 0.397000 20 21 15
0.161800 0.082073 0.397000 21 23 20
0.163511 0.082279 0.398000 28 30 27
0.164815 0.082279 0.398000 41 43 40
0.166120 0.082279 0.398000 64 69 65
0.167844 0.082486 0.399000 93 98 94
0.169152 0.082486 0.399000 118 123 117
0.170459 0.082486 0.399000 131 133 128
0.171766 0.082486 0.399000 134 136 131
0.173507 0.082693 0.400000 132 134 131
0.174818 0.082693 0.400000 133 135 132
0.176129 0.082693 0.400000 134 136 135
0.177439 0.082693 0.400000 139 143 142
0.179197 0.082900 0.401000 137 141 140
0.181411 0.083313 0.403000 99 103 104
0.184092 0.083933 0.406000 70 74 77
0.186792 0.084553 0.409000 65 66 70
0.189512 0.085174 0.412000 63 67 68
0.191789 0.085587 0.414000 66 70 69
0.193612 0.085794 0.415000 66 68 67
0.194502 0.085587 0.414000 66 68 67
0.196804 0.086001 0.416000 66 68 67
0.199340 0.084760 0.410000 71 73 70
0.200683 0.084760 0.410000 71 73 70
0.201534 0.084553 0.409000 72 74 71
0.202874 0.084553 0.409000 70 72 69
0.203715 0.084347 0.408000 73 75 74
0.205051 0.084347 0.408000 73 75 74
0.206388 0.084347 0.408000 74 76 75
0.207216 0.084140 0.407000 72 76 75
0.108127 0.088417 0.421000 63 68 62
0.109506 0.088417 0.421000 64 69 63
0.110886 0.088417 0.421000 64 69 63
0.112532 0.088627 0.422000 64 69 63
0.114184 0.088837 0.423000 63 68 62
0.115570 0.088837 0.423000 63 68 62
0.116956 0.088837 0.423000 65 67 62
0.118063 0.088627 0.422000 64 66 61
0.119445 0.088627 0.422000 63 65 60
0.120828 0.088627 0.422000 63 65 60
0.122211 0.088627 0.422000 64 66 61
0.123301 0.088417 0.421000 62 67 61
0.124680 0.088417 0.421000 62 67 61
0.126059 0.088417 0.421000 61 66 60
0.127439 0.088417 0.421000 63 65 60
0.128818 0.088417 0.421000 63 65 62
0.130198 0.088417 0.421000 65 67 66
0.131265 0.088207 0.420000 65 67 66
0.132641 0.088207 0.420000 64 66 65
0.133698 0.087997 0.419000 64 64 66
0.135071 0.087997 0.419000 65 65 67
0.136118 0.087787 0.418000 64 64 66
0.137488 0.087787 0.418000 61 63 62
0.138525 0.087577 0.417000 58 60 59
0.139891 0.087577 0.417000 53 55 54
0.140919 0.087367 0.416000 48 50 49
0.141940 0.087157 0.415000 50 50 50
0.143300 0.087157 0.415000 47 47 45
0.144311 0.086947 0.414000 44 45 40
0.144964 0.086527 0.412000 44 45 39
0.145959 0.086317 0.411000 30 28 29
0.146947 0.086107 0.410000 32 30 31
0.147567 0.085687 0.408000 30 29 27
0.147809 0.085057 0.405000 48 47 43
0.148768 0.084847 0.404000 144 145 139
0.149348 0.084427 0.402000 145 146 140
0.149916 0.084007 0.400000 150 151 145
0.150471 0.083587 0.398000 146 147 141
0.151393 0.083377 0.397000 133 134 128
0.152694 0.083377 0.397000 139 141 136
0.153995 0.083377 0.397000 134 136 133
0.155296 0.083377 0.397000 107 111 110
0.156597 0.083377 0.397000 121 125 124
0.157897 0.083377 0.397000 128 132 131
0.159198 0.083377 0.397000 135 140 134
0.160499 0.083377 0.397000 133 138 132
0.162207 0.083587 0.398000 131 136 132
0.163511 0.083587 0.398000 133 138 134
0.164815 0.083587 0.398000 131 136 132
0.166537 0.083797 0.399000 135 140 136
0.167844 0.083797 0.399000 136 141 137
0.169152 0.083797 0.399000 135 140 136
0.170459 0.083797 0.399000 135 139 138
0.171766 0.083797 0.399000 134 138 137
0.173507 0.084007 0.400000 137 139 138
0.174818 0.084007 0.400000 137 141 142
0.176129 0.084007 0.400000 136 140 141
0.177439 0.084007 0.400000 130 134 135
0.178750 0.084007 0.400000 132 136 137
0.180961 0.084427 0.402000 110 114 115
0.183185 0.084847 0.404000 66 70 73
0.185879 0.085477 0.407000 67 71 74
0.188132 0.085897 0.409000 65 69 70
0.190862 0.086527 0.412000 66 70 69
0.192679 0.086737 0.413000 65 69 68
0.192623 0.086107 0.410000 65 69 68
0.197030 0.085687 0.408000 68 70 67
0.196909 0.085057 0.405000 68 70 69
0.199215 0.085477 0.407000 71 73 72
0.200055 0.085267 0.406000 70 72 71
0.201386 0.085267 0.406000 71 73 72
0.203215 0.085477 0.407000 72 74 71
0.204046 0.085267 0.406000 71 73 70
0.204871 0.085057 0.405000 72 74 71
0.206198 0.085057 0.405000 72 74 71
0.107099 0.088947 0.417000 66 68 65
0.108466 0.088947 0.417000 66 68 65
0.110095 0.089160 0.418000 66 68 65
0.111465 0.089160 0.418000 66 68 63
0.113105 0.089374 0.419000 65 67 62
0.114477 0.089374 0.419000 65 67 62
0.115574 0.089160 0.418000 64 66 61
0.116943 0.089160 0.418000 64 66 61
0.118313 0.089160 0.418000 63 65 60
0.119683 0.089160 0.418000 64 66 61
0.121052 0.089160 0.418000 65 67 62
0.122129 0.088947 0.417000 61 66 60
0.123495 0.088947 0.417000 63 68 62
0.124862 0.088947 0.417000 62 67 61
0.126228 0.088947 0.417000 64 66 63
0.127594 0.088947 0.417000 64 66 63
0.128961 0.088947 0.417000 64 66 63
0.130327 0.088947 0.417000 63 65 64
0.131378 0.088734 0.416000 62 64 63
0.132422 0.088521 0.415000 61 63 62
0.133781 0.088521 0.415000 62 64 63
0.134816 0.088307 0.414000 61 63 62
0.136172 0.088307 0.414000 59 59 59
0.137196 0.088094 0.413000 56 58 57
0.138550 0.088094 0.413000 53 55 54
0.139903 0.088094 0.413000 50 52 51
0.140914 0.087881 0.412000 48 50 49
0.142264 0.087881 0.412000 46 48 45
0.143265 0.087667 0.411000 48 50 45
0.144260 0.087454 0.410000 40 42 37
0.145248 0.087241 0.409000 34 34 34
0.146230 0.087027 0.408000 25 25 25
0.147205 0.086814 0.407000 27 27 25
0.147809 0.086387 0.405000 27 28 23
0.148768 0.086174 0.404000 85 86 80
0.149348 0.085748 0.402000 140 141 135
0.149916 0.085321 0.400000 142 143 135
0.150849 0.085108 0.399000 148 149 143
0.151775 0.084894 0.398000 133 134 129
0.152694 0.084681 0.397000 142 142 140
0.153995 0.084681 0.397000 139 141 140
0.155296 0.084681 0.397000 136 140 141
0.156597 0.084681 0.397000 136 140 141
0.157897 0.084681 0.397000 135 141 141
0.159198 0.084681 0.397000 135 141 139
0.160499 0.084681 0.397000 134 140 136
0.161800 0.084681 0.397000 135 139 138
0.163511 0.084894 0.398000 135 139 138
0.164815 0.084894 0.398000 135 139 138
0.166120 0.084894 0.398000 134 138 137
0.167424 0.084894 0.398000 136 140 141
0.168728 0.084894 0.398000 135 139 140
0.170459 0.085108 0.399000 134 138 139
0.171766 0.085108 0.399000 133 134 136
0.173074 0.085108 0.399000 135 136 140
0.174381 0.085108 0.399000 134 135 137
0.176129 0.085321 0.400000 134 138 139
0.177439 0.085321 0.400000 124 128 129
0.178750 0.085321 0.400000 101 105 106
0.180511 0.085534 0.401000 72 76 77
0.182278 0.085748 0.402000 72 76 77
0.184052 0.085961 0.403000 68 72 73
0.185832 0.086174 0.404000 67 71 70
0.188083 0.086601 0.406000 65 69 68
0.195788 0.085321 0.400000 69 73 72
0.198084 0.085748 0.402000 71 73 72
0.199898 0.085961 0.403000 72 74 73
0.200719 0.085748 0.402000 72 74 71
0.201533 0.085534 0.401000 73 73 71
0.203353 0.085748 0.402000 71 73 70
0.204670 0.085748 0.402000 70 72 69
0.103115 0.089234 0.412000 63 68 64
0.104465 0.089234 0.412000 63 68 64
0.106072 0.089451 0.413000 64 68 67
0.107425 0.089451 0.413000 63 67 66
0.108779 0.089451 0.413000 62 67 63
0.110398 0.089667 0.414000 62 67 63
0.111755 0.089667 0.414000 64 69 63
0.113111 0.089667 0.414000 63 68 62
0.114468 0.089667 0.414000 62 64 59
0.115824 0.089667 0.414000 63 65 60
0.117181 0.089667 0.414000 64 66 61
0.118537 0.089667 0.414000 66 68 63
0.119894 0.089667 0.414000 62 67 61
0.120958 0.089451 0.413000 61 66 60
0.122311 0.089451 0.413000 63 68 62
0.123365 0.089234 0.412000 63 68 62
0.124715 0.089234 0.412000 64 66 61
0.126065 0.089234 0.412000 63 65 60
0.127414 0.089234 0.412000 63 65 60
0.128764 0.089234 0.412000 60 62 57
0.130114 0.089234 0.412000 59 61 58
0.131464 0.089234 0.412000 60 62 59
0.132492 0.089018 0.411000 59 61 58
0.133839 0.089018 0.411000 57 59 56
0.134856 0.088801 0.410000 56 56 56
0.136200 0.088801 0.410000 54 54 54
0.137543 0.088801 0.410000 51 53 52
0.138887 0.088801 0.410000 53 55 54
0.139888 0.088584 0.409000 52 54 53
0.140883 0.088368 0.408000 51 56 52
0.142220 0.088368 0.408000 48 53 49
0.143556 0.088368 0.408000 43 48 44
0.144538 0.088151 0.407000 37 42 38
0.145872 0.088151 0.407000 33 38 32
0.146844 0.087935 0.406000 32 34 29
0.147444 0.087501 0.404000 30 33 26
0.148399 0.087285 0.403000 28 29 23
0.148977 0.086852 0.401000 79 79 71
0.149916 0.086635 0.400000 145 145 137
0.150471 0.086202 0.398000 146 146 138
0.151393 0.085985 0.397000 126 125 123
0.152694 0.085985 0.397000 139 139 139
0.153995 0.085985 0.397000 141 141 143
0.155296 0.085985 0.397000 134 135 139
0.156597 0.085985 0.397000 135 139 142
0.157897 0.085985 0.397000 136 140 143
0.159198 0.085985 0.397000 135 139 140
0.160499 0.085985 0.397000 136 140 141
0.161800 0.085985 0.397000 139 140 142
0.163101 0.085985 0.397000 138 139 141
0.164401 0.085985 0.397000 126 127 129
0.165702 0.085985 0.397000 109 110 114
0.167424 0.086202 0.398000 82 83 87
0.168728 0.086202 0.398000 66 67 71
0.170032 0.086202 0.398000 49 50 54
0.171336 0.086202 0.398000 40 39 45
0.172640 0.086202 0.398000 42 43 47
0.174381 0.086418 0.399000 45 46 48
0.175688 0.086418 0.399000 44 45 47
0.176996 0.086418 0.399000 47 47 49
0.178303 0.086418 0.399000 51 51 51
0.179610 0.086418 0.399000 61 61 61
0.180918 0.086418 0.399000 67 67 67
0.182225 0.086418 0.399000 69 69 71
0.183993 0.086635 0.400000 67 71 70
0.186230 0.087068 0.402000 70 75 71
0.184748 0.085769 0.396000 72 77 73
0.195299 0.086418 0.399000 65 69 68
0.196606 0.086418 0.399000 71 73 72
0.197417 0.086202 0.398000 72 74 73
0.199221 0.086418 0.399000 72 74 71
0.200026 0.086202 0.398000 72 72 70
0.201836 0.086418 0.399000 74 76 73
0.203652 0.086635 0.400000 72 74 71
0.103705 0.089928 0.409000 62 66 65
0.105045 0.089928 0.409000 63 67 66
0.106385 0.089928 0.409000 63 67 66
0.107725 0.089928 0.409000 61 65 64
0.109065 0.089928 0.409000 62 67 63
0.110405 0.089928 0.409000 63 68 62
0.111745 0.089928 0.409000 62 67 61
0.113085 0.089928 0.409000 62 67 61
0.114705 0.090148 0.410000 62 67 61
0.116049 0.090148 0.410000 62 67 61
0.117392 0.090148 0.410000 61 66 60
0.118736 0.090148 0.410000 61 66 60
0.119786 0.089928 0.409000 60 65 59
0.120830 0.089708 0.408000 61 66 60
0.122167 0.089708 0.408000 61 66 60
0.123504 0.089708 0.408000 62 67 61
0.124841 0.089708 0.408000 61 66 60
0.126177 0.089708 0.408000 60 65 58
0.127514 0.089708 0.408000 60 63 56
0.128535 0.089488 0.407000 60 62 57
0.129869 0.089488 0.407000 58 60 55
0.131202 0.089488 0.407000 56 58 53
0.132210 0.089268 0.406000 56 58 55
0.133541 0.089268 0.406000 54 54 54
0.134539 0.089048 0.405000 54 56 55
0.135530 0.088829 0.404000 54 56 55
0.136854 0.088829 0.404000 52 54 53
0.138178 0.088829 0.404000 54 56 55
0.139502 0.088829 0.404000 52 56 55
0.141174 0.089048 0.405000 50 54 53
0.142501 0.089048 0.405000 47 51 50
0.143473 0.088829 0.404000 42 49 42
0.144797 0.088829 0.404000 38 48 40
0.146120 0.088829 0.404000 36 43 36
0.147079 0.088609 0.403000 35 40 34
0.148031 0.088389 0.402000 40 41 35
0.148605 0.087949 0.400000 41 40 35
0.149541 0.087729 0.399000 45 42 37
0.150471 0.087509 0.398000 66 63 58
0.151393 0.087289 0.397000 128 127 125
0.152694 0.087289 0.397000 133 133 135
0.153995 0.087289 0.397000 118 118 120
0.155296 0.087289 0.397000 93 94 98
0.156597 0.087289 0.397000 66 67 71
0.157897 0.087289 0.397000 47 48 52
0.158797 0.087070 0.396000 32 33 37
0.160095 0.087070 0.396000 37 38 40
0.161392 0.087070 0.396000 40 40 42
0.162690 0.087070 0.396000 37 37 39
0.163987 0.087070 0.396000 40 41 43
0.165285 0.087070 0.396000 38 39 41
0.167003 0.087289 0.397000 39 40 44
0.168304 0.087289 0.397000 41 42 46
0.169605 0.087289 0.397000 43 42 47
0.171336 0.087509 0.398000 41 40 45
0.172640 0.087509 0.398000 40 41 45
0.173944 0.087509 0.398000 39 39 41
0.175248 0.087509 0.398000 41 41 41
0.176552 0.087509 0.398000 48 48 48
0.177409 0.087289 0.397000 55 55 55
0.178710 0.087289 0.397000 61 61 59
0.179558 0.087070 0.396000 61 61 61
0.180855 0.087070 0.396000 64 64 64
0.196921 0.087289 0.397000 72 74 71
0.104017 0.090379 0.405000 61 67 67
0.105605 0.090602 0.406000 61 67 67
0.106935 0.090602 0.406000 61 67 65
0.107998 0.090379 0.405000 60 66 62
0.109325 0.090379 0.405000 58 65 58
0.110652 0.090379 0.405000 58 65 58
0.111979 0.090379 0.405000 62 67 61
0.113586 0.090602 0.406000 59 64 58
0.114634 0.090379 0.405000 60 65 59
0.115961 0.090379 0.405000 61 66 60
0.117288 0.090379 0.405000 59 64 58
0.118322 0.090156 0.404000 59 64 58
0.119645 0.090156 0.404000 60 65 59
0.120670 0.089933 0.403000 60 65 59
0.121990 0.089933 0.403000 62 67 61
0.123311 0.089933 0.403000 60 65 59
0.124631 0.089933 0.403000 58 63 57
0.125952 0.089933 0.403000 58 63 57
0.126956 0.089709 0.402000 54 59 53
0.128273 0.089709 0.402000 57 59 54
0.129268 0.089486 0.401000 57 59 56
0.130257 0.089263 0.400000 53 55 52
0.131567 0.089263 0.400000 52 54 53
0.132546 0.089040 0.399000 52 54 53
0.133853 0.089040 0.399000 53 55 54
0.134822 0.088817 0.398000 52 54 53
0.136468 0.089040 0.399000 53 55 54
0.137775 0.089040 0.399000 53 55 54
0.139431 0.089263 0.400000 52 56 55
0.140742 0.089263 0.400000 51 55 54
0.142407 0.089486 0.401000 49 55 51
0.143721 0.089486 0.401000 44 50 46
0.145035 0.089486 0.401000 43 48 44
0.146349 0.089486 0.401000 42 47 43
0.147295 0.089263 0.400000 43 45 42
0.148234 0.089040 0.399000 46 46 44
0.148792 0.088594 0.397000 43 44 39
0.149714 0.088371 0.396000 44 43 39
0.151012 0.088371 0.396000 37 37 35
0.152309 0.088371 0.396000 37 37 35
0.153607 0.088371 0.396000 38 40 39
0.154905 0.088371 0.396000 39 41 40
0.156202 0.088371 0.396000 38 39 41
0.157500 0.088371 0.396000 39 40 42
0.158797 0.088371 0.396000 39 40 42
0.159690 0.088147 0.395000 37 38 40
0.160985 0.088147 0.395000 35 37 36
0.162279 0.088147 0.395000 39 41 40
0.163573 0.088147 0.395000 37 39 38
0.164867 0.088147 0.395000 39 41 40
0.166162 0.088147 0.395000 40 42 41
0.167456 0.088147 0.395000 40 42 41
0.168750 0.088147 0.395000 39 41 40
0.170475 0.088371 0.396000 39 41 40
0.171772 0.088371 0.396000 41 43 42
0.172633 0.088147 0.395000 42 44 41
0.173927 0.088147 0.395000 50 52 49
0.174334 0.087701 0.393000 55 55 53
0.175622 0.087701 0.393000 61 62 57
0.176459 0.087478 0.392000 62 63 58
0.177290 0.087255 0.391000 64 64 62
0.178115 0.087032 0.390000 63 65 62
0.178933 0.086808 0.389000 63 68 62
0.179744 0.086585 0.388000 66 71 65
0.104564 0.091030 0.402000 61 70 69
0.105881 0.091030 0.402000 60 69 68
0.107198 0.091030 0.402000 59 68 65
0.108516 0.091030 0.402000 60 70 62
0.109833 0.091030 0.402000 60 70 62
0.110874 0.090804 0.401000 62 69 62
0.112187 0.090804 0.401000 60 67 60
0.113501 0.090804 0.401000 61 68 61
0.114815 0.090804 0.401000 61 68 61
0.115840 0.090577 0.400000 59 64 58
0.117150 0.090577 0.400000 59 64 58
0.118165 0.090351 0.399000 59 64 58
0.119472 0.090351 0.399000 57 62 56
0.120477 0.090124 0.398000 58 63 59
0.121781 0.090124 0.398000 57 62 58
0.123085 0.090124 0.398000 56 61 55
0.124389 0.090124 0.398000 55 60 54
0.125693 0.090124 0.398000 53 58 52
0.126678 0.089898 0.397000 55 57 54
0.127656 0.089671 0.396000 55 57 54
0.128628 0.089445 0.395000 54 56 55
0.129594 0.089219 0.394000 52 54 53
0.130885 0.089219 0.394000 53 55 54
0.132176 0.089219 0.394000 54 56 55
0.133467 0.089219 0.394000 53 55 54
0.134758 0.089219 0.394000 53 55 54
0.136049 0.089219 0.394000 53 55 54
0.137688 0.089445 0.395000 53 54 56
0.139334 0.089671 0.396000 53 54 56
0.140987 0.089898 0.397000 51 55 56
0.142288 0.089898 0.397000 49 53 54
0.143588 0.089898 0.397000 47 51 52
0.144889 0.089898 0.397000 45 49 50
0.145822 0.089671 0.396000 42 46 47
0.146748 0.089445 0.395000 42 46 45
0.148042 0.089445 0.395000 48 50 49
0.148958 0.089219 0.394000 42 44 43
0.150249 0.089219 0.394000 47 49 46
0.151156 0.088992 0.393000 40 42 37
0.152443 0.088992 0.393000 41 46 40
0.153731 0.088992 0.393000 39 44 40
0.155019 0.088992 0.393000 37 42 38
0.156306 0.088992 0.393000 37 41 40
0.157594 0.088992 0.393000 37 41 40
0.158882 0.088992 0.393000 40 42 39
0.160169 0.088992 0.393000 36 41 37
0.161457 0.088992 0.393000 39 44 40
0.162745 0.088992 0.393000 40 45 41
0.164033 0.088992 0.393000 36 41 37
0.165320 0.088992 0.393000 39 44 38
0.166184 0.088766 0.392000 42 47 41
0.167896 0.088992 0.393000 43 48 42
0.168753 0.088766 0.392000 45 50 44
0.170037 0.088766 0.392000 46 51 45
0.170885 0.088539 0.391000 48 53 47
0.171726 0.088313 0.390000 55 57 52
0.172560 0.088086 0.389000 60 62 57
0.173388 0.087860 0.388000 65 67 62
0.174209 0.087633 0.387000 68 70 65
0.175477 0.087633 0.387000 65 67 62
0.176288 0.087407 0.386000 66 68 63
0.177093 0.087181 0.385000 64 69 63
0.178354 0.087181 0.385000 65 70 63
0.178683 0.086728 0.383000 66 71 65
0.179938 0.086728 0.383000 69 74 68
0.180719 0.086501 0.382000 69 71 66
0.182448 0.086728 0.383000 70 72 69
0.105091 0.091662 0.399000 63 68 64
0.106132 0.091432 0.398000 62 67 63
0.107436 0.091432 0.398000 62 67 61
0.108467 0.091202 0.397000 61 66 60
0.109768 0.091202 0.397000 62 67 61
0.111068 0.091202 0.397000 61 66 60
0.112086 0.090972 0.396000 61 66 59
0.113384 0.090972 0.396000 58 63 56
0.114681 0.090972 0.396000 61 66 59
0.115686 0.090743 0.395000 60 65 59
0.116980 0.090743 0.395000 61 66 60
0.117975 0.090513 0.394000 58 63 59
0.119266 0.090513 0.394000 59 61 58
0.120557 0.090513 0.394000 60 62 59
0.121848 0.090513 0.394000 57 62 56
0.123139 0.090513 0.394000 55 60 53
0.124114 0.090283 0.393000 56 61 54
0.125402 0.090283 0.393000 54 59 53
0.126367 0.090053 0.392000 54 56 53
0.127326 0.089824 0.391000 54 56 53
0.128278 0.089594 0.390000 56 56 56
0.129556 0.089594 0.390000 54 54 54
0.130834 0.089594 0.390000 54 54 54
0.132112 0.089594 0.390000 54 54 54
0.133389 0.089594 0.390000 54 54 56
0.134667 0.089594 0.390000 57 57 59
0.136294 0.089824 0.391000 53 53 55
0.137927 0.090053 0.392000 54 54 56
0.139211 0.090053 0.392000 52 54 53
0.140496 0.090053 0.392000 52 54 53
0.141418 0.089824 0.391000 51 53 52
0.142700 0.089824 0.391000 52 54 53
0.143612 0.089594 0.390000 50 52 51
0.144890 0.089594 0.390000 54 56 55
0.146168 0.089594 0.390000 52 52 52
0.147446 0.089594 0.390000 53 53 53
0.148724 0.089594 0.390000 50 52 49
0.150002 0.089594 0.390000 49 54 50
0.151280 0.089594 0.390000 49 54 50
0.152557 0.089594 0.390000 44 49 45
0.153441 0.089364 0.389000 41 46 42
0.154715 0.089364 0.389000 43 48 44
0.155990 0.089364 0.389000 42 47 43
0.157669 0.089594 0.390000 41 46 42
0.158947 0.089594 0.390000 40 45 38
0.160225 0.089594 0.390000 40 47 39
0.161503 0.089594 0.390000 40 47 39
0.162780 0.089594 0.390000 41 48 40
0.163638 0.089364 0.389000 43 50 43
0.164912 0.089364 0.389000 47 52 46
0.165760 0.089135 0.388000 47 52 46
0.167031 0.089135 0.388000 49 54 50
0.167868 0.088905 0.387000 51 56 50
0.168699 0.088675 0.386000 55 60 54
0.169084 0.088216 0.384000 57 62 56
0.170342 0.088216 0.384000 60 65 59
0.171153 0.087986 0.383000 65 70 64
0.171958 0.087756 0.382000 68 70 65
0.173210 0.087756 0.382000 65 67 62
0.174005 0.087526 0.381000 66 68 63
0.175253 0.087526 0.381000 65 70 64
0.176038 0.087297 0.380000 66 71 65
0.177283 0.087297 0.380000 66 71 65
0.178058 0.087067 0.379000 70 72 67
0.179300 0.087067 0.379000 72 73 68
0.180066 0.086837 0.378000 70 70 68
0.182743 0.087526 0.381000 73 73 71
0.106356 0.091807 0.394000 62 67 63
0.107374 0.091574 0.393000 62 67 63
0.108662 0.091574 0.393000 64 66 61
0.109670 0.091341 0.392000 60 65 59
0.110954 0.091341 0.392000 62 67 61
0.112238 0.091341 0.392000 61 66 60
0.113233 0.091108 0.391000 60 65 59
0.114514 0.091108 0.391000 63 68 62
0.115795 0.091108 0.391000 60 65 61
0.116777 0.090875 0.390000 59 61 58
0.118055 0.090875 0.390000 60 62 61
0.119333 0.090875 0.390000 59 61 58
0.120611 0.090875 0.390000 59 64 58
0.121576 0.090642 0.389000 56 61 55
0.122851 0.090642 0.389000 56 61 55
0.123806 0.090409 0.388000 56 61 55
0.125078 0.090409 0.388000 58 60 57
0.126023 0.090176 0.387000 54 56 55
0.127291 0.090176 0.387000 54 54 52
0.128227 0.089943 0.386000 56 56 54
0.129492 0.089943 0.386000 55 55 53
0.130757 0.089943 0.386000 54 54 52
0.132021 0.089943 0.386000 55 55 53
0.133286 0.089943 0.386000 55 57 56
0.134551 0.089943 0.386000 55 57 56
0.135816 0.089943 0.386000 53 55 54
0.137080 0.089943 0.386000 51 53 52
0.137987 0.089710 0.385000 52 54 53
0.139248 0.089710 0.385000 53 55 54
0.140510 0.089710 0.385000 55 57 56
0.141771 0.089710 0.385000 55 57 56
0.143033 0.089710 0.385000 54 56 55
0.144294 0.089710 0.385000 57 59 58
0.145556 0.089710 0.385000 56 56 56
0.146817 0.089710 0.385000 54 56 53
0.148079 0.089710 0.385000 57 59 56
0.149340 0.089710 0.385000 53 55 52
0.150602 0.089710 0.385000 51 56 52
0.151863 0.089710 0.385000 48 53 49
0.153125 0.089710 0.385000 48 53 49
0.154386 0.089710 0.385000 45 50 46
0.155648 0.089710 0.385000 45 50 46
0.156909 0.089710 0.385000 42 49 42
0.158171 0.089710 0.385000 44 51 44
0.159432 0.089710 0.385000 45 52 45
0.160276 0.089477 0.384000 48 54 50
0.161534 0.089477 0.384000 48 54 50
0.162369 0.089244 0.383000 51 56 52
0.163624 0.089244 0.383000 53 57 56
0.164448 0.089011 0.382000 57 59 58
0.165266 0.088778 0.381000 56 61 57
0.166514 0.088778 0.381000 59 64 60
0.167322 0.088545 0.380000 60 65 61
0.168567 0.088545 0.380000 63 68 64
0.169366 0.088312 0.379000 66 68 65
0.170157 0.088079 0.378000 67 69 66
0.171396 0.088079 0.378000 66 68 65
0.172178 0.087846 0.377000 68 70 67
0.173413 0.087846 0.377000 67 69 64
0.175111 0.088079 0.378000 65 70 64
0.175417 0.087613 0.376000 64 69 63
0.176649 0.087613 0.376000 70 72 67
0.177408 0.087380 0.375000 70 71 66
0.178637 0.087380 0.375000 73 72 70
0.179386 0.087147 0.374000 73 73 71
0.182809 0.086448 0.371000 72 72 70
0.184025 0.086448 0.371000 70 70 68
0.185740 0.086681 0.372000 71 71 69
0.186959 0.086681 0.372000 72 72 70
0.188683 0.086914 0.373000 73 75 72
0.188887 0.086448 0.371000 71 73 70
0.107556 0.091920 0.389000 64 66 63
0.108550 0.091684 0.388000 60 65 61
0.109822 0.091684 0.388000 61 66 60
0.111093 0.091684 0.388000 61 66 60
0.112075 0.091448 0.387000 61 66 60
0.113343 0.091448 0.387000 62 67 63
0.114611 0.091448 0.387000 61 66 62
0.115879 0.091448 0.387000 60 62 59
0.116844 0.091211 0.386000 61 63 62
0.118109 0.091211 0.386000 60 62 61
0.119064 0.090975 0.385000 57 62 58
0.120326 0.090975 0.385000 57 62 58
0.121272 0.090739 0.384000 58 63 59
0.122530 0.090739 0.384000 58 63 59
0.123788 0.090739 0.384000 60 62 61
0.124721 0.090502 0.383000 57 59 58
0.125976 0.090502 0.383000 56 56 54
0.127230 0.090502 0.383000 55 56 51
0.128485 0.090502 0.383000 55 56 51
0.129740 0.090502 0.383000 53 55 50
0.130995 0.090502 0.383000 53 55 52
0.131905 0.090266 0.382000 53 55 52
0.133157 0.090266 0.382000 52 54 51
0.134056 0.090030 0.381000 51 53 50
0.135305 0.090030 0.381000 52 52 52
0.136553 0.090030 0.381000 52 54 53
0.137802 0.090030 0.381000 52 54 53
0.139050 0.090030 0.381000 52 54 53
0.140298 0.090030 0.381000 53 55 54
0.141547 0.090030 0.381000 52 54 53
0.142795 0.090030 0.381000 54 56 55
0.144043 0.090030 0.381000 53 55 54
0.145292 0.090030 0.381000 52 54 53
0.146156 0.089793 0.380000 54 56 55
0.147401 0.089793 0.380000 52 54 53
0.148646 0.089793 0.380000 53 55 54
0.149891 0.089793 0.380000 51 53 52
0.151534 0.090030 0.381000 52 54 53
0.152782 0.090030 0.381000 50 54 53
0.153626 0.089793 0.380000 49 53 52
0.154871 0.089793 0.380000 47 53 51
0.156116 0.089793 0.380000 48 54 52
0.157361 0.089793 0.380000 47 53 51
0.158189 0.089557 0.379000 48 54 54
0.159431 0.089557 0.379000 51 55 56
0.160673 0.089557 0.379000 54 58 59
0.161915 0.089557 0.379000 56 57 59
0.163156 0.089557 0.379000 58 59 61
0.163965 0.089321 0.378000 58 60 57
0.165203 0.089321 0.378000 61 63 60
0.166442 0.089321 0.378000 61 63 60
0.167680 0.089321 0.378000 64 66 63
0.168472 0.089085 0.377000 67 69 66
0.169257 0.088848 0.376000 66 68 65
0.170489 0.088848 0.376000 66 68 65
0.171264 0.088612 0.375000 69 71 68
0.172033 0.088376 0.374000 68 70 67
0.172795 0.088139 0.373000 66 71 67
0.174017 0.088139 0.373000 64 69 65
0.174770 0.087903 0.372000 65 70 64
0.175989 0.087903 0.372000 68 69 64
0.176731 0.087667 0.371000 68 69 64
0.177947 0.087667 0.371000 70 71 66
0.178679 0.087430 0.370000 70 72 67
0.179406 0.087194 0.369000 70 71 66
0.180615 0.087194 0.369000 72 73 68
0.181824 0.087194 0.369000 70 71 66
0.183033 0.087194 0.369000 72 73 68
0.184242 0.087194 0.369000 71 72 67
0.185953 0.087430 0.370000 71 72 67
0.187166 0.087430 0.370000 71 73 68
0.187360 0.086958 0.368000 72 74 69
0.108690 0.092000 0.384000 60 65 61
0.109948 0.092000 0.384000 62 67 63
0.111206 0.092000 0.384000 59 64 60
0.112464 0.092000 0.384000 59 63 62
0.113722 0.092000 0.384000 61 63 62
0.114681 0.091761 0.383000 59 61 60
0.115936 0.091761 0.383000 61 63 62
0.116885 0.091521 0.382000 62 64 63
0.117827 0.091281 0.381000 60 62 61
0.119076 0.091281 0.381000 59 64 60
0.120008 0.091042 0.380000 57 62 58
0.121254 0.091042 0.380000 60 62 61
0.122499 0.091042 0.380000 58 60 59
0.123744 0.091042 0.380000 57 59 58
0.124989 0.091042 0.380000 56 58 55
0.126234 0.091042 0.380000 56 58 55
0.127479 0.091042 0.380000 55 57 54
0.128724 0.091042 0.380000 54 56 53
0.129627 0.090802 0.379000 53 55 52
0.130869 0.090802 0.379000 54 56 53
0.131762 0.090563 0.378000 53 55 52
0.133001 0.090563 0.378000 52 54 51
0.134239 0.090563 0.378000 54 54 54
0.135478 0.090563 0.378000 55 55 55
0.136716 0.090563 0.378000 54 54 54
0.137955 0.090563 0.378000 51 53 52
0.139194 0.090563 0.378000 52 54 53
0.140432 0.090563 0.378000 51 53 52
0.141671 0.090563 0.378000 52 54 53
0.142909 0.090563 0.378000 53 55 54
0.143766 0.090323 0.377000 55 57 56
0.145002 0.090323 0.377000 55 57 56
0.146237 0.090323 0.377000 53 55 54
0.147472 0.090323 0.377000 53 55 54
0.148708 0.090323 0.377000 54 56 55
0.149943 0.090323 0.377000 51 53 52
0.150777 0.090083 0.376000 51 53 52
0.151605 0.089844 0.375000 51 53 52
0.152833 0.089844 0.375000 47 53 53
0.153651 0.089604 0.374000 48 54 54
0.154877 0.089604 0.374000 51 57 57
0.156102 0.089604 0.374000 53 57 58
0.157328 0.089604 0.374000 52 56 57
0.158553 0.089604 0.374000 57 59 58
0.159779 0.089604 0.374000 59 59 59
0.161435 0.089844 0.375000 60 60 60
0.162663 0.089844 0.375000 61 63 62
0.163892 0.089844 0.375000 64 66 65
0.165121 0.089844 0.375000 63 65 64
0.165906 0.089604 0.374000 68 70 69
0.167131 0.089604 0.374000 67 69 68
0.167907 0.089365 0.373000 65 67 66
0.168675 0.089125 0.372000 67 67 67
0.169437 0.088886 0.371000 67 67 67
0.170193 0.088646 0.370000 69 69 69
0.170942 0.088406 0.369000 66 68 65
0.172151 0.088406 0.369000 66 71 67
0.173360 0.088406 0.369000 67 72 66
0.174569 0.088406 0.369000 69 71 66
0.175302 0.088167 0.368000 69 70 65
0.176028 0.087927 0.367000 69 71 66
0.177231 0.087927 0.367000 68 73 67
0.177947 0.087688 0.366000 71 73 68
0.179636 0.087927 0.367000 73 75 70
0.180838 0.087927 0.367000 69 71 66
0.182537 0.088167 0.368000 67 69 64
0.183743 0.088167 0.368000 70 72 67
0.184446 0.087927 0.367000 70 72 67
0.185648 0.087927 0.367000 70 72 67
0.185832 0.087448 0.365000 68 70 65
0.108802 0.092290 0.380000 62 66 65
0.110048 0.092290 0.380000 58 62 61
0.111293 0.092290 0.380000 59 63 62
0.112538 0.092290 0.380000 61 63 62
0.113783 0.092290 0.380000 61 63 62
0.114725 0.092047 0.379000 62 64 63
0.115967 0.092047 0.379000 62 64 63
0.116900 0.091804 0.378000 63 65 64
0.118138 0.091804 0.378000 58 62 61
0.119061 0.091562 0.377000 60 64 63
0.120296 0.091562 0.377000 60 62 61
0.121532 0.091562 0.377000 59 61 60
0.122441 0.091319 0.376000 60 62 61
0.123673 0.091319 0.376000 60 62 61
0.124905 0.091319 0.376000 57 59 58
0.126137 0.091319 0.376000 55 57 56
0.127369 0.091319 0.376000 54 56 55
0.128259 0.091076 0.375000 54 56 55
0.129488 0.091076 0.375000 53 55 54
0.130717 0.091076 0.375000 53 55 54
0.131945 0.091076 0.375000 51 55 54
0.133174 0.091076 0.375000 55 55 55
0.134403 0.091076 0.375000 55 55 55
0.135631 0.091076 0.375000 54 54 54
0.136860 0.091076 0.375000 51 53 52
0.138089 0.091076 0.375000 53 55 54
0.139318 0.091076 0.375000 52 54 53
0.140172 0.090833 0.374000 51 53 52
0.141397 0.090833 0.374000 53 55 54
0.142622 0.090833 0.374000 54 56 55
0.143848 0.090833 0.374000 54 56 55
0.145073 0.090833 0.374000 53 55 54
0.146299 0.090833 0.374000 53 55 54
0.147130 0.090590 0.373000 51 53 52
0.148352 0.090590 0.373000 53 55 54
0.149574 0.090590 0.373000 51 53 52
0.150392 0.090347 0.372000 54 56 55
0.151611 0.090347 0.372000 49 53 54
0.152419 0.090104 0.371000 54 60 60
0.153634 0.090104 0.371000 53 57 58
0.154850 0.090104 0.371000 56 60 59
0.156066 0.090104 0.371000 56 60 59
0.157705 0.090347 0.372000 58 60 59
0.158924 0.090347 0.372000 62 62 60
0.160143 0.090347 0.372000 62 62 60
0.160928 0.090104 0.371000 62 64 63
0.162144 0.090104 0.371000 61 63 62
0.162919 0.089861 0.370000 64 66 65
0.164131 0.089861 0.370000 66 68 67
0.165344 0.089861 0.370000 65 67 66
0.166106 0.089619 0.369000 66 66 66
0.166862 0.089376 0.368000 67 67 67
0.167611 0.089133 0.367000 66 66 66
0.168813 0.089133 0.367000 65 65 65
0.169552 0.088890 0.366000 69 71 70
0.170752 0.088890 0.366000 67 72 68
0.171951 0.088890 0.366000 67 72 66
0.172677 0.088647 0.365000 70 72 67
0.173873 0.088647 0.365000 69 71 66
0.174589 0.088404 0.364000 71 73 68
0.175782 0.088404 0.364000 67 72 66
0.176488 0.088161 0.363000 68 70 65
0.177678 0.088161 0.363000 66 71 65
0.179360 0.088404 0.364000 64 69 63
0.181049 0.088647 0.365000 66 71 65
0.182245 0.088647 0.365000 65 70 64
0.183441 0.088647 0.365000 65 70 64
0.184131 0.088404 0.364000 66 71 65
0.184305 0.087919 0.362000 69 74 68
0.110121 0.092554 0.376000 60 62 61
0.111353 0.092554 0.376000 63 65 64
0.112585 0.092554 0.376000 65 67 66
0.113817 0.092554 0.376000 61 63 62
0.115049 0.092554 0.376000 61 63 62
0.115972 0.092308 0.375000 63 65 64
0.117201 0.092308 0.375000 62 64 63
0.118114 0.092062 0.374000 61 63 62
0.119339 0.092062 0.374000 62 64 63
0.120242 0.091815 0.373000 60 62 61
0.121464 0.091815 0.373000 61 63 62
0.122357 0.091569 0.372000 62 64 63
0.123576 0.091569 0.372000 59 61 60
0.124795 0.091569 0.372000 59 61 60
0.126014 0.091569 0.372000 59 60 62
0.127233 0.091569 0.372000 58 59 61
0.128452 0.091569 0.372000 56 57 59
0.129671 0.091569 0.372000 52 53 55
0.130890 0.091569 0.372000 53 54 56
0.132109 0.091569 0.372000 53 53 53
0.133327 0.091569 0.372000 53 55 54
0.134546 0.091569 0.372000 53 55 54
0.135400 0.091323 0.371000 55 57 56
0.136616 0.091323 0.371000 52 54 53
0.137832 0.091323 0.371000 53 55 54
0.139047 0.091323 0.371000 54 56 55
0.140263 0.091323 0.371000 54 56 55
0.141478 0.091323 0.371000 55 57 56
0.142694 0.091323 0.371000 55 57 56
0.143910 0.091323 0.371000 57 59 58
0.144734 0.091077 0.370000 56 58 57
0.145552 0.090831 0.369000 56 58 57
0.146761 0.090831 0.369000 56 58 57
0.147569 0.090585 0.368000 56 58 57
0.148775 0.090585 0.368000 57 59 58
0.149981 0.090585 0.368000 54 58 57
0.151186 0.090585 0.368000 56 60 59
0.151978 0.090339 0.367000 55 59 58
0.153181 0.090339 0.367000 58 62 61
0.154383 0.090339 0.367000 60 65 61
0.155586 0.090339 0.367000 59 61 58
0.156788 0.090339 0.367000 62 64 61
0.157991 0.090339 0.367000 64 64 62
0.159193 0.090339 0.367000 64 66 65
0.160396 0.090339 0.367000 64 66 65
0.161598 0.090339 0.367000 64 66 65
0.162357 0.090092 0.366000 65 67 66
0.163109 0.089846 0.365000 65 67 66
0.163855 0.089600 0.364000 68 68 68
0.165048 0.089600 0.364000 68 68 68
0.165784 0.089354 0.363000 67 67 67
0.166973 0.089354 0.363000 67 67 67
0.168163 0.089354 0.363000 68 70 67
0.169352 0.089354 0.363000 66 71 67
0.170541 0.089354 0.363000 66 73 66
0.171731 0.089354 0.363000 67 72 66
0.172444 0.089108 0.362000 68 70 65
0.173630 0.089108 0.362000 67 69 64
0.174333 0.088862 0.361000 68 70 65
0.175516 0.088862 0.361000 68 70 65
0.176699 0.088862 0.361000 65 70 64
0.177882 0.088862 0.361000 66 71 65
0.179065 0.088862 0.361000 65 70 64
0.180747 0.089108 0.362000 66 73 66
0.181933 0.089108 0.362000 68 75 68
0.182107 0.088615 0.360000 64 69 63
0.182778 0.088369 0.359000 67 72 66
0.110169 0.092791 0.372000 63 65 64
0.111387 0.092791 0.372000 61 63 62
0.112606 0.092791 0.372000 64 66 65
0.113519 0.092542 0.371000 63 65 64
0.115044 0.092791 0.372000 62 64 63
0.115950 0.092542 0.371000 61 63 62
0.117166 0.092542 0.371000 61 63 62
0.118063 0.092293 0.370000 60 62 61
0.119275 0.092293 0.370000 61 63 62
0.120162 0.092043 0.369000 61 63 62
0.121042 0.091794 0.368000 60 62 61
0.122248 0.091794 0.368000 61 63 62
0.123453 0.091794 0.368000 60 62 61
0.124659 0.091794 0.368000 60 62 61
0.125865 0.091794 0.368000 57 59 58
0.127071 0.091794 0.368000 59 60 62
0.128276 0.091794 0.368000 58 59 61
0.129482 0.091794 0.368000 59 60 62
0.130688 0.091794 0.368000 56 58 57
0.131894 0.091794 0.368000 56 58 57
0.132738 0.091544 0.367000 55 57 56
0.133940 0.091544 0.367000 55 57 56
0.135143 0.091544 0.367000 55 57 56
0.136345 0.091544 0.367000 55 57 56
0.137548 0.091544 0.367000 57 59 58
0.138750 0.091544 0.367000 58 58 58
0.139953 0.091544 0.367000 58 60 59
0.140771 0.091295 0.366000 61 63 62
0.141970 0.091295 0.366000 58 60 59
0.142778 0.091045 0.365000 59 61 60
0.143974 0.091045 0.365000 59 61 60
0.144772 0.090796 0.364000 56 58 57
0.145965 0.090796 0.364000 60 62 61
0.147158 0.090796 0.364000 59 61 60
0.148350 0.090796 0.364000 60 62 61
0.149543 0.090796 0.364000 60 62 61
0.150736 0.090796 0.364000 60 62 61
0.151511 0.090546 0.363000 61 63 62
0.152700 0.090546 0.363000 62 64 63
0.153890 0.090546 0.363000 62 64 63
0.155079 0.090546 0.363000 65 67 66
0.156269 0.090546 0.363000 64 66 65
0.157024 0.090297 0.362000 65 67 66
0.158210 0.090297 0.362000 65 67 66
0.159397 0.090297 0.362000 63 65 64
0.160139 0.090048 0.361000 66 68 67
0.161322 0.090048 0.361000 65 67 66
0.162505 0.090048 0.361000 67 69 68
0.163688 0.090048 0.361000 66 68 67
0.164870 0.090048 0.361000 66 66 66
0.166053 0.090048 0.361000 65 67 64
0.166773 0.089798 0.360000 66 71 67
0.167952 0.089798 0.360000 65 71 67
0.169132 0.089798 0.360000 65 72 65
0.170312 0.089798 0.360000 63 68 62
0.171015 0.089549 0.359000 67 69 64
0.172191 0.089549 0.359000 69 70 65
0.173367 0.089549 0.359000 68 69 64
0.174057 0.089299 0.358000 66 67 62
0.175230 0.089299 0.358000 66 68 63
0.176403 0.089299 0.358000 66 68 63
0.178073 0.089549 0.359000 65 70 64
0.179748 0.089798 0.360000 65 70 64
0.179923 0.089299 0.358000 63 68 62
0.180084 0.088800 0.356000 66 68 63
0.181250 0.088800 0.356000 68 70 65
0.111093 0.092750 0.367000 61 63 62
0.112295 0.092750 0.367000 62 64 63
0.113498 0.092750 0.367000 62 64 63
0.114700 0.092750 0.367000 60 62 61
0.115587 0.092497 0.366000 60 62 61
0.116786 0.092497 0.366000 62 64 63
0.117985 0.092497 0.366000 62 64 63
0.119185 0.092497 0.366000 62 64 63
0.120384 0.092497 0.366000 63 63 61
0.121251 0.092244 0.365000 62 62 60
0.122447 0.092244 0.365000 61 63 60
0.123643 0.092244 0.365000 63 65 64
0.124839 0.092244 0.365000 63 65 64
0.126035 0.092244 0.365000 61 63 62
0.127231 0.092244 0.365000 61 63 62
0.128075 0.091992 0.364000 58 60 59
0.129268 0.091992 0.364000 58 60 59
0.130460 0.091992 0.364000 58 60 59
0.131653 0.091992 0.364000 58 60 59
0.132846 0.091992 0.364000 59 61 60
0.133670 0.091739 0.363000 59 61 60
0.134859 0.091739 0.363000 59 59 59
0.136049 0.091739 0.363000 60 60 60
0.137238 0.091739 0.363000 60 60 60
0.138046 0.091486 0.362000 57 59 58
0.139232 0.091486 0.362000 58 62 61
0.140031 0.091234 0.361000 61 63 62
0.141213 0.091234 0.361000 62 64 63
0.142396 0.091234 0.361000 61 63 62
0.143579 0.091234 0.361000 59 61 60
0.144762 0.091234 0.361000 61 63 62
0.145945 0.091234 0.361000 61 63 62
0.146720 0.090981 0.360000 61 61 61
0.147900 0.090981 0.360000 64 66 65
0.149079 0.090981 0.360000 62 64 63
0.150259 0.090981 0.360000 64 66 65
0.151438 0.090981 0.360000 63 64 66
0.152194 0.090728 0.359000 64 65 67
0.153370 0.090728 0.359000 62 63 65
0.154116 0.090475 0.358000 63 64 66
0.155723 0.090728 0.359000 63 65 64
0.156462 0.090475 0.358000 64 66 65
0.157635 0.090475 0.358000 61 63 62
0.158808 0.090475 0.358000 65 67 66
0.159981 0.090475 0.358000 66 68 67
0.161154 0.090475 0.358000 65 67 66
0.162327 0.090475 0.358000 65 67 66
0.163500 0.090475 0.358000 66 68 67
0.164213 0.090223 0.357000 66 68 65
0.165383 0.090223 0.357000 64 69 65
0.166086 0.089970 0.356000 63 70 63
0.167253 0.089970 0.356000 63 70 63
0.168419 0.089970 0.356000 63 68 62
0.169109 0.089717 0.355000 68 69 64
0.170273 0.089717 0.355000 70 70 68
0.171436 0.089717 0.355000 70 70 68
0.172599 0.089717 0.355000 69 68 64
0.173762 0.089717 0.355000 67 68 63
0.174925 0.089717 0.355000 68 69 64
0.175592 0.089464 0.354000 68 70 65
0.112261 0.092931 0.363000 59 61 60
0.113138 0.092675 0.362000 61 63 62
0.114324 0.092675 0.362000 61 63 62
0.115510 0.092675 0.362000 61 63 62
0.116696 0.092675 0.362000 60 62 61
0.117882 0.092675 0.362000 60 62 61
0.119068 0.092675 0.362000 62 64 63
0.120254 0.092675 0.362000 61 63 62
0.121441 0.092675 0.362000 62 64 63
0.122627 0.092675 0.362000 63 65 64
0.123813 0.092675 0.362000 61 63 62
0.124654 0.092419 0.361000 61 63 62
0.125836 0.092419 0.361000 61 63 62
0.126667 0.092163 0.360000 60 62 61
0.127847 0.092163 0.360000 59 61 60
0.129027 0.092163 0.360000 59 61 60
0.130206 0.092163 0.360000 59 61 60
0.131386 0.092163 0.360000 62 62 62
0.132565 0.092163 0.360000 60 60 60
0.133745 0.092163 0.360000 63 63 63
0.134924 0.092163 0.360000 64 64 64
0.136104 0.092163 0.360000 63 63 63
0.136902 0.091907 0.359000 63 63 65
0.138079 0.091907 0.359000 61 62 64
0.138867 0.091651 0.358000 62 63 65
0.140040 0.091651 0.358000 63 65 64
0.141213 0.091651 0.358000 60 62 61
0.142386 0.091651 0.358000 62 64 61
0.143158 0.091395 0.357000 64 66 63
0.144328 0.091395 0.357000 62 64 61
0.145497 0.091395 0.357000 61 63 60
0.146667 0.091395 0.357000 63 65 62
0.147423 0.091139 0.356000 62 64 61
0.148589 0.091139 0.356000 61 63 60
0.149756 0.091139 0.356000 62 64 63
0.150498 0.090883 0.355000 65 67 66
0.151661 0.090883 0.355000 65 67 66
0.152825 0.090883 0.355000 65 65 65
0.154422 0.091139 0.356000 62 64 63
0.155588 0.091139 0.356000 65 67 66
0.156314 0.090883 0.355000 65 67 66
0.157477 0.090883 0.355000 64 66 65
0.158641 0.090883 0.355000 65 67 66
0.159804 0.090883 0.355000 66 68 67
0.160514 0.090627 0.354000 66 68 67
0.161673 0.090627 0.354000 65 69 68
0.162373 0.090371 0.353000 64 68 67
0.163530 0.090371 0.353000 64 68 67
0.164687 0.090371 0.353000 62 66 65
0.165843 0.090371 0.353000 64 69 65
0.167000 0.090371 0.353000 66 68 65
0.169313 0.090371 0.353000 65 67 64
0.112200 0.093087 0.359000 61 63 62
0.113376 0.093087 0.359000 59 61 60
0.114553 0.093087 0.359000 59 61 60
0.115407 0.092828 0.358000 61 63 62
0.116580 0.092828 0.358000 63 65 64
0.118082 0.093087 0.359000 62 64 63
0.119258 0.093087 0.359000 60 62 61
0.120434 0.093087 0.359000 60 62 61
0.121272 0.092828 0.358000 62 64 63
0.122445 0.092828 0.358000 61 63 62
0.123618 0.092828 0.358000 61 63 62
0.124442 0.092568 0.357000 60 62 61
0.125964 0.092828 0.358000 61 63 62
0.126782 0.092568 0.357000 60 62 61
0.127951 0.092568 0.357000 60 62 61
0.129121 0.092568 0.357000 59 61 60
0.130291 0.092568 0.357000 60 62 61
0.131461 0.092568 0.357000 63 63 63
0.132630 0.092568 0.357000 61 61 61
0.133800 0.092568 0.357000 61 61 61
0.134592 0.092309 0.356000 64 64 64
0.135758 0.092309 0.356000 63 65 64
0.136540 0.092050 0.355000 61 63 62
0.137703 0.092050 0.355000 60 62 61
0.138866 0.092050 0.355000 60 62 61
0.140030 0.092050 0.355000 62 64 63
0.140795 0.091790 0.354000 61 63 60
0.141955 0.091790 0.354000 63 65 62
0.143115 0.091790 0.354000 61 66 62
0.144275 0.091790 0.354000 60 65 61
0.145024 0.091531 0.353000 60 62 59
0.146181 0.091531 0.353000 62 64 61
0.146920 0.091272 0.352000 63 65 62
0.148073 0.091272 0.352000 63 65 62
0.149226 0.091272 0.352000 63 65 64
0.150380 0.091272 0.352000 63 65 64
0.151533 0.091272 0.352000 63 65 64
0.152687 0.091272 0.352000 63 65 64
0.153403 0.091012 0.351000 65 67 66
0.154553 0.091012 0.351000 64 66 65
0.155703 0.091012 0.351000 65 67 66
0.113276 0.093216 0.355000 60 62 59
0.114439 0.093216 0.355000 59 61 58
0.115928 0.093478 0.356000 58 60 57
0.117095 0.093478 0.356000 60 62 59
0.117929 0.093216 0.355000 61 63 60
0.119092 0.093216 0.355000 62 64 61
0.120255 0.093216 0.355000 62 64 63
0.121419 0.093216 0.355000 63 65 64
0.122237 0.092953 0.354000 61 63 62
0.123396 0.092953 0.354000 60 62 61
0.124556 0.092953 0.354000 61 63 62
0.126071 0.093216 0.355000 61 63 62
0.126876 0.092953 0.354000 62 64 63
0.128036 0.092953 0.354000 60 62 61
0.129196 0.092953 0.354000 63 65 64
0.130356 0.092953 0.354000 61 63 62
0.131516 0.092953 0.354000 60 62 59
0.132301 0.092691 0.353000 63 65 62
0.133458 0.092691 0.353000 61 63 60
0.134614 0.092691 0.353000 62 64 61
0.135771 0.092691 0.353000 62 64 61
0.136927 0.092691 0.353000 62 64 61
0.138084 0.092691 0.353000 63 65 62
0.138846 0.092428 0.352000 64 66 63
0.140000 0.092428 0.352000 60 65 61
0.140752 0.092166 0.351000 61 66 62
0.141902 0.092166 0.351000 61 66 62
0.142645 0.091903 0.350000 59 64 60
0.143791 0.091903 0.350000 60 65 61
0.144938 0.091903 0.350000 61 66 62
0.146085 0.091903 0.350000 63 65 62
0.147232 0.091903 0.350000 64 66 63
0.148379 0.091903 0.350000 63 65 64
0.149098 0.091640 0.349000 61 63 62
0.113795 0.093850 0.353000 57 62 58
0.114626 0.093584 0.352000 57 62 58
0.115779 0.093584 0.352000 60 62 57
0.116932 0.093584 0.352000 60 62 59
0.117750 0.093319 0.351000 61 63 60
0.118900 0.093319 0.351000 61 63 60
0.120051 0.093319 0.351000 60 62 61
0.121201 0.093319 0.351000 61 63 62
0.122351 0.093319 0.351000 61 63 62
0.123501 0.093319 0.351000 61 63 62
0.124651 0.093319 0.351000 63 65 64
0.125801 0.093319 0.351000 63 65 64
0.126951 0.093319 0.351000 61 63 62
0.128101 0.093319 0.351000 63 65 64
0.128883 0.093053 0.350000 61 63 60
0.130030 0.093053 0.350000 60 62 59
0.131177 0.093053 0.350000 63 65 62
0.132323 0.093053 0.350000 63 65 62
0.133470 0.093053 0.350000 63 65 60
0.134617 0.093053 0.350000 63 65 60
0.135764 0.093053 0.350000 62 67 63
0.136519 0.092787 0.349000 62 67 63
0.137663 0.092787 0.349000 62 67 63
0.138409 0.092521 0.348000 61 66 62
0.139549 0.092521 0.348000 61 66 62
0.142970 0.092521 0.348000 60 65 61
0.114463 0.093664 0.348000 61 63 58
0.115604 0.093664 0.348000 60 62 59
0.116744 0.093664 0.348000 62 64 61
0.117884 0.093664 0.348000 63 65 62
0.119024 0.093664 0.348000 60 62 61
0.120165 0.093664 0.348000 61 63 62
0.121305 0.093664 0.348000 60 62 61
0.122445 0.093664 0.348000 62 64 63
0.123585 0.093664 0.348000 61 63 62
0.124367 0.093395 0.347000 62 64 63
0.125504 0.093395 0.347000 61 63 62
0.126641 0.093395 0.347000 61 63 62
0.127778 0.093395 0.347000 60 62 59
0.128915 0.093395 0.347000 61 63 60
0.130052 0.093395 0.347000 64 66 63
0.131189 0.093395 0.347000 64 66 63
0.132326 0.093395 0.347000 58 63 57
0.115738 0.093990 0.345000 62 64 61
0.116868 0.093990 0.345000 61 63 62
0.117998 0.093990 0.345000 60 62 61
0.119129 0.093990 0.345000 60 62 61
0.119911 0.093718 0.344000 60 62 61
0.155770 0.055095 0.408727 253 254 255
0.154507 0.055607 0.408823 253 254 255
0.153694 0.055684 0.409759 252 255 255
0.152882 0.055761 0.410695 250 254 255
0.152530 0.055404 0.412461 230 234 237
0.152181 0.055046 0.414222 172 175 180
0.158758 0.055166 0.408871 252 255 255
0.157505 0.055679 0.408958 225 226 231
0.156247 0.056193 0.409051 197 196 201
0.154985 0.056708 0.409148 248 247 252
0.154627 0.056347 0.410918 251 252 254
0.153817 0.056425 0.411851 253 254 255
0.153465 0.056064 0.413614 251 252 254
0.153118 0.055702 0.415371 251 253 252
0.152775 0.055341 0.417124 249 253 252
0.151971 0.055417 0.418050 252 255 255
0.151168 0.055494 0.418976 231 235 236
0.161806 0.054424 0.411646 232 233 237
0.160121 0.055379 0.410879 121 120 126
0.158427 0.056335 0.410122 108 107 112
0.157173 0.056851 0.410212 108 106 111
0.155915 0.057368 0.410308 105 102 111
0.155557 0.057005 0.412074 102 100 111
0.154750 0.057082 0.413006 109 107 120
0.154399 0.056718 0.414765 139 137 148
0.154052 0.056354 0.416519 207 207 215
0.153249 0.056430 0.417445 244 244 252
0.152909 0.056065 0.419192 254 255 255
0.152107 0.056141 0.420115 250 251 255
0.151773 0.055776 0.421855 249 253 255
0.151444 0.055410 0.423589 248 254 254
0.151119 0.055043 0.425318 249 255 255
0.150798 0.054677 0.427043 250 255 255
0.150482 0.054309 0.428762 244 248 249
0.162716 0.055062 0.412810 113 113 123
0.161036 0.056023 0.412041 108 106 119
0.159347 0.056984 0.411283 102 101 107
0.158096 0.057503 0.411372 102 101 109
0.157291 0.057580 0.412301 101 99 110
0.156936 0.057213 0.414062 95 93 106
0.156133 0.057290 0.414988 99 98 106
0.155785 0.056923 0.416741 103 102 108
0.154984 0.056999 0.417665 102 101 109
0.154182 0.057075 0.418588 106 104 117
0.153843 0.056707 0.420332 111 111 121
0.153508 0.056339 0.422070 117 117 125
0.153178 0.055970 0.423804 142 145 154
0.152851 0.055600 0.425532 206 209 218
0.153000 0.054785 0.428066 247 250 255
0.152684 0.054415 0.429782 251 255 255
0.152373 0.054044 0.431493 252 255 255
0.152066 0.053673 0.433199 250 252 249
0.151284 0.053748 0.434100 250 252 251
0.150502 0.053822 0.435002 250 254 255
0.166166 0.053839 0.416442 117 117 125
0.165821 0.053469 0.418190 109 109 117
0.161507 0.057106 0.412361 106 106 116
0.160264 0.057628 0.412443 105 105 117
0.159463 0.057704 0.413367 95 95 103
0.159110 0.057334 0.415124 91 92 96
0.157860 0.057856 0.415214 95 96 100
0.157963 0.057040 0.417796 101 100 108
0.158530 0.055776 0.421193 92 90 103
0.157739 0.055851 0.422105 167 166 174
0.156490 0.056373 0.422194 240 239 244
0.155697 0.056449 0.423108 217 217 229
0.154441 0.056972 0.423205 132 131 145
0.154111 0.056599 0.424935 109 108 122
0.154721 0.055331 0.428284 98 97 111
0.154404 0.054958 0.429999 143 141 154
0.154091 0.054584 0.431709 248 249 254
0.153309 0.054659 0.432610 251 252 254
0.152527 0.054733 0.433512 252 255 253
0.151745 0.054808 0.434413 234 238 237
0.150963 0.054882 0.435314 172 176 179
0.150181 0.054956 0.436215 178 181 188
0.168372 0.053110 0.420137 223 224 228
0.168034 0.052736 0.421874 152 153 157
0.167261 0.052810 0.422765 108 112 115
0.160295 0.059162 0.411926 102 105 114
0.161714 0.056995 0.417029 188 191 198
0.161367 0.056622 0.418776 252 253 255
0.161923 0.055350 0.422178 254 255 255
0.161590 0.054975 0.423910 239 239 247
0.161261 0.054600 0.425637 215 213 226
0.160937 0.054224 0.427359 251 249 255
0.160159 0.054298 0.428255 250 249 255
0.158922 0.054822 0.428333 150 149 163
0.158142 0.054896 0.429232 110 109 125
0.157362 0.054971 0.430131 134 132 146
0.156582 0.055045 0.431030 249 246 255
0.156271 0.054668 0.432737 253 250 255
0.155493 0.054742 0.433633 255 254 255
0.154715 0.054816 0.434529 227 228 232
0.153463 0.055342 0.434625 175 178 183
0.152683 0.055416 0.435524 180 183 188
0.151424 0.055942 0.435627 182 185 190
0.150643 0.056016 0.436528 178 181 188
0.149861 0.056091 0.437429 117 120 127
0.112186 0.090564 0.378423 102 105 110
0.111240 0.090654 0.379513 98 102 105
0.110295 0.090744 0.380603 96 100 103
0.109349 0.090834 0.381693 95 99 102
0.168927 0.053333 0.423025 254 255 255
0.169034 0.052504 0.425593 232 235 242
0.168708 0.052126 0.427314 124 126 138
0.165518 0.053248 0.428299 160 161 163
0.165649 0.052417 0.430840 113 114 119
0.164884 0.052490 0.431721 112 110 123
0.164119 0.052562 0.432602 109 107 121
0.163355 0.052635 0.433484 99 97 110
0.163048 0.052255 0.435182 135 135 147
0.161825 0.052781 0.435247 245 245 255
0.159672 0.054214 0.433691 252 251 255
0.159366 0.053833 0.435390 255 253 255
0.158130 0.054361 0.435469 221 219 222
0.156890 0.054888 0.435553 178 177 182
0.156116 0.054962 0.436445 183 184 189
0.154870 0.055490 0.436536 180 183 192
0.153619 0.056018 0.436633 177 180 189
0.152363 0.056547 0.436734 178 181 188
0.151104 0.057076 0.436841 173 176 181
0.150322 0.057151 0.437742 148 151 156
0.114196 0.090479 0.381163 102 105 110
0.113257 0.090569 0.382246 97 100 105
0.112318 0.090658 0.383328 96 100 103
0.111378 0.090747 0.384411 91 95 98
0.109946 0.091293 0.384716 99 103 104
0.108510 0.091839 0.385026 91 97 97
0.107567 0.091929 0.386113 92 98 98
0.169486 0.053544 0.425899 186 186 194
0.169598 0.052708 0.428456 185 188 195
0.168836 0.052781 0.429335 252 255 255
0.168517 0.052398 0.431045 250 251 255
0.167757 0.052471 0.431921 254 254 255
0.166997 0.052543 0.432798 157 156 172
0.166236 0.052615 0.433674 101 98 119
0.165476 0.052688 0.434551 130 127 144
0.164715 0.052760 0.435427 246 245 250
0.163955 0.052832 0.436304 254 255 255
0.163194 0.052905 0.437180 253 253 255
0.161511 0.053890 0.436434 230 230 232
0.160283 0.054419 0.436506 176 175 180
0.159050 0.054949 0.436584 182 181 187
0.157814 0.055479 0.436666 179 178 184
0.156572 0.056010 0.436754 180 180 188
0.155327 0.056541 0.436846 182 182 190
0.154077 0.057072 0.436944 180 183 192
0.152823 0.057604 0.437046 176 179 188
0.151565 0.058136 0.437153 176 179 184
0.150302 0.058669 0.437265 176 180 183
0.115716 0.090836 0.383112 106 109 114
0.114781 0.090925 0.384189 101 104 109
0.114333 0.090555 0.386048 98 102 105
0.113400 0.090643 0.387124 92 96 99
0.112467 0.090732 0.388199 90 96 96
0.111535 0.090821 0.389274 92 98 98
0.109114 0.092289 0.388034 91 97 97
0.108175 0.092378 0.389116 92 96 97
0.108736 0.091087 0.392499 90 94 95
0.107804 0.091176 0.393574 93 97 98
0.107375 0.090804 0.395411 94 98 99
0.106445 0.090893 0.396483 92 96 97
0.105514 0.090981 0.397556 95 96 98
0.169938 0.054583 0.426206 254 255 255
0.170048 0.053742 0.428760 254 255 255
0.169726 0.053357 0.430472 251 252 255
0.169409 0.052971 0.432179 158 157 171
0.168650 0.053044 0.433053 109 108 126
0.167892 0.053116 0.433927 130 129 147
0.167583 0.052730 0.435624 246 244 255
0.166827 0.052801 0.436495 255 254 255
0.165617 0.053332 0.436549 255 255 255
0.164859 0.053404 0.437423 236 236 236
0.163643 0.053936 0.437484 176 176 178
0.162422 0.054467 0.437550 186 187 191
0.161197 0.054999 0.437621 180 181 186
0.159504 0.055992 0.436891 182 182 192
0.158268 0.056525 0.436975 179 179 189
0.157028 0.057058 0.437063 183 183 193
0.155784 0.057592 0.437156 92 92 102
0.154536 0.058126 0.437254 45 47 59
0.152808 0.059122 0.436564 167 170 179
0.151548 0.059657 0.436675 169 172 177
0.150764 0.059732 0.437579 180 181 185
0.149499 0.060268 0.437697 102 103 107
0.116783 0.090807 0.386913 99 102 107
0.115855 0.090895 0.387983 94 98 101
0.115414 0.090522 0.389831 90 96 96
0.114978 0.090148 0.391674 93 97 98
0.114054 0.090236 0.392740 90 94 95
0.110783 0.090962 0.395169 93 94 96
0.110859 0.090124 0.397764 94 95 97
0.109937 0.090212 0.398826 94 95 97
0.108509 0.090763 0.399131 92 96 97
0.107585 0.090851 0.400196 95 96 98
0.106661 0.090939 0.401261 96 97 99
0.105737 0.091027 0.402326 95 96 98
0.104813 0.091115 0.403391 96 97 99
0.170614 0.053927 0.431608 107 106 122
0.170297 0.053539 0.433312 132 131 145
0.169541 0.053611 0.434183 249 249 255
0.169231 0.053222 0.435879 251 252 254
0.168477 0.053293 0.436748 255 255 255
0.167723 0.053365 0.437617 238 238 240
0.166517 0.053898 0.437669 179 178 184
0.165761 0.053970 0.438541 182 180 191
0.164548 0.054504 0.438600 180 179 187
0.163331 0.055039 0.438664 180 181 186
0.161648 0.056036 0.437927 175 178 183
0.160420 0.056571 0.438003 182 187 191
0.158723 0.057570 0.437283 102 105 114
0.157017 0.058570 0.436572 44 43 57
0.155772 0.059107 0.436669 41 38 55
0.154523 0.059644 0.436770 40 42 57
0.153269 0.060182 0.436877 117 119 131
0.152011 0.060720 0.436988 166 169 174
0.150748 0.061259 0.437105 175 176 178
0.119220 0.091049 0.387783 100 101 105
0.118296 0.091137 0.388848 99 102 107
0.117856 0.090760 0.390693 96 100 103
0.117421 0.090383 0.392533 92 98 98
0.116990 0.090005 0.394368 92 96 97
0.116564 0.089627 0.396199 96 97 99
0.115648 0.089714 0.397254 95 96 98
0.114733 0.089801 0.398309 94 94 96
0.113817 0.089888 0.399364 94 94 96
0.112902 0.089975 0.400419 96 96 98
0.111986 0.090063 0.401475 97 97 99
0.110566 0.090616 0.401772 93 94 96
0.110155 0.090237 0.403585 92 96 99
0.109239 0.090324 0.404640 94 98 99
0.108324 0.090411 0.405696 92 96 97
0.107408 0.090498 0.406751 93 97 98
0.106493 0.090585 0.407806 94 98 99
0.105577 0.090672 0.408861 93 97 98
0.105181 0.090291 0.410657 93 97 98
0.104789 0.089910 0.412447 92 96 97
0.103877 0.089997 0.413497 93 93 93
0.102966 0.090083 0.414548 96 96 96
0.102583 0.089701 0.416328 95 95 95
0.101674 0.089788 0.417376 97 97 97
0.171183 0.054100 0.434443 255 254 255
0.170872 0.053708 0.436138 254 254 255
0.170120 0.053780 0.437004 249 249 249
0.169368 0.053851 0.437871 185 185 187
0.168168 0.054387 0.437919 180 181 185
0.167414 0.054459 0.438788 179 180 185
0.166206 0.054995 0.438843 180 180 190
0.164995 0.055532 0.438903 177 180 185
0.163779 0.056069 0.438968 183 188 192
0.162559 0.056607 0.439038 117 120 129
0.160873 0.057611 0.438310 39 41 54
0.159642 0.058150 0.438392 53 51 64
0.157940 0.059155 0.437681 38 36 49
0.156230 0.060161 0.436980 40 38 52
0.154982 0.060701 0.437082 39 39 51
0.153730 0.061242 0.437190 68 68 78
0.151998 0.062250 0.436513 169 170 175
0.150735 0.062792 0.436633 163 167 170
0.149947 0.062867 0.437542 109 113 114
0.119803 0.091454 0.390781 97 101 102
0.119367 0.091074 0.392620 97 102 105
0.118935 0.090694 0.394454 91 96 99
0.118507 0.090313 0.396283 95 96 98
0.117593 0.090400 0.397336 94 95 97
0.116680 0.090487 0.398389 94 95 97
0.115767 0.090574 0.399442 95 95 97
0.114853 0.090660 0.400494 94 94 96
0.113940 0.090747 0.401547 94 94 96
0.113026 0.090834 0.402600 98 96 99
0.112113 0.090921 0.403652 97 95 98
0.111200 0.091008 0.404705 94 94 96
0.110286 0.091095 0.405758 95 95 97
0.109373 0.091182 0.406811 96 96 98
0.108971 0.090798 0.408610 95 95 97
0.108060 0.090885 0.409660 94 95 97
0.107148 0.090972 0.410711 95 96 98
0.106755 0.090588 0.412500 94 95 97
0.105846 0.090674 0.413548 95 96 98
0.105459 0.090289 0.415330 96 96 98
0.104552 0.090376 0.416375 96 96 98
0.103645 0.090462 0.417421 96 96 98
0.102738 0.090548 0.418466 97 97 99
0.101831 0.090634 0.419511 97 97 99
0.172945 0.053723 0.437227 244 243 248
0.172198 0.053794 0.438089 190 189 194
0.171007 0.054332 0.438128 182 181 186
0.170257 0.054403 0.438992 182 181 187
0.169060 0.054942 0.439038 182 183 188
0.167858 0.055481 0.439089 174 177 184
0.166652 0.056020 0.439145 185 185 197
0.165442 0.056560 0.439206 129 129 137
0.164227 0.057100 0.439272 43 46 53
0.163009 0.057641 0.439343 45 47 59
0.161325 0.058650 0.438616 40 39 55
0.160095 0.059192 0.438700 35 35 47
0.158861 0.059734 0.438788 29 28 36
0.156689 0.061215 0.437291 75 75 83
0.155442 0.061758 0.437394 38 38 48
0.153720 0.062771 0.436712 43 43 51
0.152462 0.063316 0.436827 169 170 175
0.151200 0.063860 0.436948 166 170 173
0.149934 0.064406 0.437074 142 146 147
0.123225 0.089879 0.395832 99 103 104
0.122318 0.089966 0.396877 96 100 103
0.120927 0.090523 0.397147 92 96 99
0.120018 0.090609 0.398195 93 94 96
0.119109 0.090696 0.399242 93 94 96
0.118200 0.090782 0.400290 94 95 97
0.117291 0.090869 0.401338 94 95 97
0.116877 0.090483 0.403149 93 94 96
0.115970 0.090570 0.404194 95 95 97
0.115063 0.090656 0.405240 94 94 96
0.114156 0.090742 0.406285 93 93 95
0.113249 0.090828 0.407330 94 94 96
0.112342 0.090915 0.408375 94 94 96
0.111943 0.090528 0.410169 94 94 96
0.111039 0.090614 0.411212 94 94 96
0.110134 0.090700 0.412255 94 95 97
0.109229 0.090786 0.413298 93 94 96
0.108841 0.090398 0.415079 94 95 97
0.107938 0.090484 0.416119 95 96 98
0.107557 0.090096 0.417893 97 97 99
0.106656 0.090182 0.418931 97 97 99
0.106281 0.089793 0.420697 96 96 98
0.105383 0.089878 0.421732 96 96 98
0.104484 0.089963 0.422768 94 94 96
0.103586 0.090049 0.423803 95 95 97
0.102688 0.090134 0.424838 96 96 98
0.101789 0.090220 0.425874 97 97 99
0.100891 0.090305 0.426909 98 98 98
0.099993 0.090391 0.427945 98 98 98
0.175748 0.053656 0.437467 237 238 242
0.175005 0.053727 0.438323 184 183 189
0.174261 0.053797 0.439180 182 181 187
0.173078 0.054338 0.439212 184 183 189
0.171891 0.054878 0.439249 184 183 189
0.170699 0.055419 0.439291 177 177 185
0.169503 0.055961 0.439338 181 181 191
0.168303 0.056503 0.439390 140 143 152
0.167098 0.057045 0.439447 48 45 62
0.165889 0.057588 0.439509 43 43 55
0.164676 0.058131 0.439576 35 38 47
0.163458 0.058675 0.439648 34 36 48
0.162236 0.059219 0.439725 36 38 51
0.160549 0.060235 0.439007 114 117 124
0.159316 0.060780 0.439096 174 178 181
0.157613 0.061797 0.438396 154 159 162
0.155902 0.062815 0.437705 40 40 48
0.154182 0.063834 0.437025 31 31 39
0.152926 0.064382 0.437142 176 177 182
0.151665 0.064929 0.437263 169 170 174
0.150400 0.065477 0.437390 172 173 175
0.125196 0.089689 0.398534 98 99 101
0.124296 0.089775 0.399572 96 97 101
0.123395 0.089860 0.400609 97 98 102
0.122010 0.090420 0.400875 93 94 96
0.121107 0.090506 0.401915 93 94 96
0.120204 0.090591 0.402956 92 93 95
0.119302 0.090677 0.403996 91 92 94
0.118399 0.090763 0.405036 93 94 96
0.117992 0.090374 0.406836 92 93 95
0.117092 0.090460 0.407874 93 94 96
0.116192 0.090545 0.408912 93 94 96
0.115291 0.090631 0.409950 94 94 96
0.114391 0.090717 0.410988 95 95 97
0.113997 0.090327 0.412773 96 96 98
0.113099 0.090412 0.413809 95 95 97
0.112200 0.090497 0.414844 97 97 99
0.111815 0.090106 0.416619 94 95 97
0.110919 0.090192 0.417652 95 96 98
0.110023 0.090277 0.418685 94 95 97
0.109646 0.089885 0.420450 98 98 100
0.108752 0.089970 0.421481 96 96 98
0.107858 0.090055 0.422511 97 97 99
0.107490 0.089662 0.424267 97 97 99
0.106599 0.089747 0.425295 97 97 99
0.106237 0.089354 0.427043 98 98 100
0.105347 0.089439 0.428068 97 97 99
0.104458 0.089523 0.429094 98 98 100
0.103568 0.089608 0.430119 98 98 98
0.102678 0.089692 0.431145 98 98 98
0.101789 0.089777 0.432170 99 99 99
0.100899 0.089862 0.433195 98 98 98
0.100009 0.089946 0.434221 98 98 98
0.099120 0.090031 0.435246 99 99 99
0.098780 0.089636 0.436970 100 100 100
0.176929 0.054593 0.436907 183 187 190
0.176186 0.054663 0.437764 169 170 175
0.175443 0.054734 0.438620 181 180 186
0.174700 0.054805 0.439477 181 180 188
0.173518 0.055348 0.439510 177 176 184
0.172332 0.055892 0.439548 181 179 190
0.171141 0.056436 0.439591 152 152 162
0.169946 0.056980 0.439639 49 51 63
0.168747 0.057525 0.439692 42 44 57
0.167544 0.058070 0.439750 41 38 55
0.166336 0.058616 0.439812 36 36 48
0.165124 0.059162 0.439880 26 29 38
0.163908 0.059708 0.439953 35 39 50
0.162687 0.060255 0.440031 32 34 46
0.161002 0.061277 0.439315 165 168 175
0.159771 0.061825 0.439405 164 168 169
0.157606 0.063323 0.437912 172 178 178
0.156362 0.063872 0.438017 38 41 48
0.154644 0.064897 0.437338 35 35 43
0.153389 0.065447 0.437456 158 159 164
0.152130 0.065998 0.437578 167 168 172
0.150866 0.066549 0.437706 167 168 170
0.127159 0.089481 0.401230 98 99 101
0.126265 0.089566 0.402261 96 97 101
0.125371 0.089651 0.403291 95 94 99
0.123993 0.090213 0.403550 94 94 96
0.123097 0.090298 0.404583 95 95 97
0.122201 0.090383 0.405616 95 95 97
0.121305 0.090469 0.406649 93 94 96
0.120409 0.090554 0.407682 93 94 96
0.119513 0.090639 0.408714 94 95 97
0.119113 0.090246 0.410504 94 95 97
0.118219 0.090331 0.411534 93 94 96
0.117325 0.090416 0.412565 95 95 97
0.116431 0.090501 0.413595 94 94 96
0.115537 0.090587 0.414625 96 96 98
0.115151 0.090193 0.416400 95 95 97
0.114259 0.090277 0.417428 95 95 97
0.113367 0.090362 0.418456 95 95 97
0.112476 0.090447 0.419484 97 97 99
0.112100 0.090052 0.421246 97 97 99
0.111210 0.090137 0.422271 99 99 101
0.110841 0.089741 0.424026 96 96 98
0.110476 0.089345 0.425776 97 97 99
0.109591 0.089429 0.426796 97 97 99
0.108705 0.089513 0.427817 96 96 98
0.108349 0.089117 0.429556 97 97 99
0.107466 0.089201 0.430574 95 95 97
0.106583 0.089285 0.431592 97 97 99
0.105699 0.089369 0.432610 98 98 98
0.104816 0.089453 0.433628 100 100 100
0.103933 0.089537 0.434646 99 99 99
0.103592 0.089138 0.436369 98 98 98
0.102711 0.089222 0.437384 101 101 101
0.101830 0.089306 0.438400 101 101 101
0.101497 0.088907 0.440112 102 102 102
0.100618 0.088990 0.441125 101 101 101
0.099739 0.089074 0.442138 101 101 101
0.099415 0.088674 0.443841 100 100 100
0.098539 0.088758 0.444851 101 101 101
0.097662 0.088841 0.445862 99 99 99
0.096785 0.088924 0.446872 98 98 98
0.177367 0.055600 0.437204 161 164 173
0.176624 0.055671 0.438061 175 174 180
0.175881 0.055741 0.438917 178 177 183
0.175138 0.055812 0.439774 174 173 181
0.173957 0.056358 0.439808 168 166 177
0.172772 0.056905 0.439847 62 62 72
0.171583 0.057452 0.439891 41 41 53
0.170390 0.057999 0.439939 35 37 49
0.169192 0.058547 0.439993 34 36 48
0.167990 0.059095 0.440052 22 24 36
0.166783 0.059644 0.440115 77 80 87
0.165573 0.060193 0.440184 163 168 172
0.164358 0.060742 0.440258 29 33 42
0.163138 0.061292 0.440336 33 35 47
0.161456 0.062319 0.439622 128 128 136
0.160226 0.062870 0.439713 173 174 178
0.158065 0.064377 0.438223 121 122 126
0.156822 0.064929 0.438329 36 39 46
0.155107 0.065960 0.437652 34 37 44
0.153853 0.066513 0.437770 128 129 134
0.152123 0.067545 0.437110 168 169 173
0.151332 0.067621 0.438022 169 170 172
0.150066 0.068175 0.438155 97 97 99
0.127749 0.089819 0.404169 100 99 104
0.126859 0.089904 0.405194 92 91 96
0.125970 0.089988 0.406220 94 92 95
0.125080 0.090073 0.407245 95 93 96
0.124190 0.090158 0.408271 95 93 96
0.123301 0.090242 0.409296 94 94 96
0.122411 0.090327 0.410322 93 93 95
0.121521 0.090412 0.411347 94 94 96
0.120632 0.090496 0.412373 95 95 97
0.120240 0.090100 0.414151 95 95 97
0.119352 0.090184 0.415174 95 95 97
0.118465 0.090269 0.416197 94 94 96
0.117577 0.090353 0.417220 94 94 96
0.116690 0.090437 0.418243 95 95 97
0.115802 0.090522 0.419266 95 95 97
0.115425 0.090124 0.421027 95 95 97
0.114540 0.090208 0.422048 96 96 98
0.114169 0.089810 0.423801 97 97 99
0.113286 0.089894 0.424819 100 100 102
0.112922 0.089494 0.426566 97 97 99
0.112562 0.089095 0.428307 97 97 99
0.111683 0.089178 0.429320 96 96 98
0.111330 0.088778 0.431054 96 96 98
0.110453 0.088862 0.432065 96 96 98
0.109577 0.088945 0.433075 97 97 99
0.108700 0.089029 0.434086 97 97 99
0.107823 0.089112 0.435096 97 97 97
0.106946 0.089195 0.436107 98 98 98
0.106608 0.088794 0.437823 101 101 101
0.105734 0.088877 0.438831 97 97 97
0.105402 0.088475 0.440541 101 101 101
0.104530 0.088558 0.441546 103 103 103
0.104204 0.088155 0.443248 102 102 102
0.103334 0.088238 0.444251 101 101 101
0.102464 0.088320 0.445254 102 102 102
0.101593 0.088403 0.446257 100 100 100
0.101279 0.087999 0.447946 102 102 102
0.100411 0.088082 0.448947 100 100 100
0.099543 0.088164 0.449947 102 102 102
0.098675 0.088247 0.450948 99 99 99
0.097806 0.088330 0.451949 99 99 99
0.096938 0.088412 0.452949 100 100 100
0.096070 0.088495 0.453950 102 102 102
0.095202 0.088577 0.454950 102 102 102
0.177806 0.056607 0.437501 159 162 167
0.177062 0.056678 0.438358 168 169 174
0.176319 0.056749 0.439214 174 175 180
0.175576 0.056820 0.440071 175 175 183
0.174397 0.057369 0.440106 56 56 64
0.173213 0.057918 0.440145 43 43 53
0.171585 0.058947 0.439373 35 38 47
0.170390 0.059497 0.439425 33 36 45
0.169192 0.060048 0.439482 28 31 40
0.167989 0.060599 0.439545 113 117 126
0.167230 0.060671 0.440419 168 173 176
0.166021 0.061223 0.440488 163 172 171
0.164354 0.062256 0.439760 40 45 49
0.163134 0.062809 0.439842 36 38 50
0.161909 0.063362 0.439929 55 55 63
0.159761 0.064877 0.438432 30 29 35
0.158523 0.065431 0.438534 34 33 41
0.157281 0.065986 0.438641 31 31 41
0.155569 0.067023 0.437965 38 38 46
0.154317 0.067579 0.438084 74 75 80
0.152589 0.068617 0.437426 168 169 173
0.151326 0.069174 0.437558 166 167 169
0.150533 0.069249 0.438472 97 98 100
0.129705 0.089578 0.406849 99 98 103
0.128822 0.089662 0.407867 98 97 102
0.127938 0.089746 0.408885 94 94 96
0.127055 0.089831 0.409903 94 94 96
0.126172 0.089915 0.410921 95 95 97
0.125289 0.089999 0.411939 95 95 97
0.124405 0.090083 0.412957 96 94 97
0.123522 0.090167 0.413975 96 94 97
0.122639 0.090251 0.414993 96 94 97
0.121756 0.090335 0.416011 96 94 97
0.120873 0.090419 0.417029 94 94 96
0.119989 0.090503 0.418047 96 96 98
0.119106 0.090587 0.419065 96 96 98
0.118223 0.090671 0.420083 96 96 98
0.117847 0.090270 0.421840 95 95 97
0.116966 0.090353 0.422856 96 96 98
0.116596 0.089952 0.424606 96 96 98
0.116231 0.089550 0.426352 97 97 99
0.115870 0.089147 0.428092 97 97 99
0.115513 0.088744 0.429828 95 95 97
0.114641 0.088827 0.430834 98 98 100
0.113769 0.088910 0.431839 97 97 99
0.112896 0.088993 0.432845 97 97 99
0.112024 0.089076 0.433850 97 97 99
0.111680 0.088672 0.435571 97 97 99
0.110810 0.088755 0.436574 100 100 102
0.109939 0.088838 0.437577 102 102 102
0.109604 0.088433 0.439288 97 97 97
0.109273 0.088027 0.440994 99 99 99
0.108407 0.088110 0.441992 97 97 97
0.107541 0.088192 0.442990 99 99 99
0.107219 0.087786 0.444686 100 100 100
0.106355 0.087868 0.445681 98 98 98
0.106040 0.087461 0.447370 100 100 100
0.105178 0.087543 0.448363 100 100 100
0.104316 0.087625 0.449356 100 100 100
0.103455 0.087707 0.450349 100 100 100
0.102593 0.087789 0.451342 100 100 100
0.101731 0.087871 0.452335 101 101 101
0.100870 0.087953 0.453329 99 99 99
0.100008 0.088035 0.454322 100 100 100
0.099712 0.087626 0.455988 99 99 99
0.098852 0.087708 0.456978 99 99 99
0.097423 0.088281 0.457301 100 100 100
0.096561 0.088363 0.458294 99 99 99
0.095700 0.088445 0.459288 101 101 101
0.094838 0.088527 0.460281 103 101 102
0.094555 0.088117 0.461932 102 100 101
0.093695 0.088199 0.462923 104 102 103
0.178244 0.057615 0.437798 157 161 164
0.177501 0.057686 0.438655 163 164 168
0.176757 0.057756 0.439512 167 171 174
0.176014 0.057827 0.440368 173 176 181
0.174836 0.058379 0.440404 85 88 95
0.173217 0.059413 0.439626 40 43 50
0.172028 0.059966 0.439674 35 38 45
0.170835 0.060519 0.439727 25 28 35
0.169638 0.061073 0.439785 29 32 39
0.168436 0.061627 0.439848 66 69 74
0.167230 0.062182 0.439915 161 167 167
0.166019 0.062737 0.439988 165 171 169
0.164805 0.063292 0.440066 78 83 86
0.163132 0.064331 0.439350 41 44 53
0.161906 0.064888 0.439441 34 34 42
0.160218 0.065928 0.438742 33 34 39
0.158982 0.066486 0.438845 35 35 45
0.157741 0.067043 0.438952 27 27 37
0.156031 0.068086 0.438279 34 34 42
0.154313 0.069129 0.437615 38 39 44
0.153055 0.069689 0.437742 171 172 176
0.151793 0.070249 0.437875 168 169 171
0.150527 0.070809 0.438012 129 130 132
0.131653 0.089320 0.409523 103 104 108
0.130298 0.089889 0.409762 95 96 100
0.129419 0.089973 0.410775 93 94 96
0.128540 0.090056 0.411788 93 94 96
0.127661 0.090140 0.412801 91 92 94
0.126783 0.090223 0.413814 91 92 94
0.126392 0.089821 0.415586 94 94 96
0.125516 0.089904 0.416597 95 95 97
0.124639 0.089987 0.417607 97 97 99
0.123762 0.090071 0.418618 96 96 98
0.122885 0.090154 0.419629 96 96 96
0.122009 0.090238 0.420639 96 96 96
0.121132 0.090321 0.421650 95 95 95
0.120255 0.090405 0.422660 95 95 95
0.119884 0.090000 0.424410 95 95 95
0.119518 0.089595 0.426154 96 96 96
0.119155 0.089189 0.427894 95 95 95
0.118285 0.089272 0.428897 95 95 95
0.117929 0.088866 0.430629 99 99 99
0.117061 0.088949 0.431630 96 96 96
0.116712 0.088542 0.433355 97 97 97
0.115846 0.088625 0.434353 96 96 96
0.114980 0.088707 0.435351 96 96 96
0.114114 0.088789 0.436349 98 98 98
0.113775 0.088382 0.438061 96 96 96
0.112912 0.088464 0.439057 99 99 99
0.112048 0.088546 0.440053 101 101 101
0.111718 0.088137 0.441755 99 99 99
0.110856 0.088219 0.442748 99 99 99
0.110533 0.087810 0.444443 100 100 100
0.109673 0.087892 0.445434 100 100 100
0.109356 0.087482 0.447121 98 98 98
0.108499 0.087564 0.448110 98 98 98
0.108188 0.087154 0.449790 99 99 99
0.107333 0.087235 0.450775 99 99 99
0.106478 0.087316 0.451761 98 98 98
0.105623 0.087398 0.452747 100 100 100
0.104768 0.087479 0.453733 100 100 100
0.104470 0.087067 0.455398 101 101 101
0.103617 0.087149 0.456381 101 101 101
0.102764 0.087230 0.457364 102 102 102
0.101347 0.087804 0.457675 101 101 101
0.100491 0.087886 0.458661 100 100 100
0.099636 0.087967 0.459647 100 100 100
0.098781 0.088049 0.460633 100 100 100
0.098498 0.087636 0.462280 102 102 102
0.097645 0.087717 0.463264 104 102 103
0.096792 0.087798 0.464247 106 104 105
0.095939 0.087879 0.465230 105 103 104
0.095086 0.087960 0.466213 104 102 103
0.094233 0.088041 0.467196 104 104 104
0.093966 0.087627 0.468827 103 103 103
0.092527 0.088204 0.469163 105 105 105
0.178682 0.058622 0.438095 156 156 164
0.177939 0.058693 0.438952 156 160 163
0.177196 0.058764 0.439809 169 173 176
0.176021 0.059318 0.439843 171 174 179
0.174842 0.059873 0.439881 142 145 150
0.173659 0.060429 0.439925 46 49 54
0.172471 0.060985 0.439974 30 33 38
0.171280 0.061541 0.440028 27 30 35
0.170083 0.062098 0.440087 27 28 33
0.168883 0.062655 0.440151 45 46 51
0.167678 0.063213 0.440219 175 176 180
0.166020 0.064256 0.439490 164 168 167
0.164805 0.064815 0.439572 136 140 143
0.163585 0.065374 0.439658 43 46 53
0.161906 0.066419 0.438953 30 33 38
0.160675 0.066979 0.439052 23 27 30
0.159440 0.067540 0.439155 105 108 115
0.157739 0.068587 0.438476 143 143 153
0.156494 0.069149 0.438592 33 33 41
0.154778 0.070198 0.437930 34 35 40
0.153521 0.070760 0.438058 170 171 175
0.152261 0.071323 0.438192 167 168 170
0.150996 0.071886 0.438330 176 177 179
0.133119 0.089533 0.411420 99 100 104
0.132246 0.089616 0.412425 94 95 99
0.131374 0.089699 0.413431 93 97 98
0.129540 0.090759 0.412905 91 95 96
0.129146 0.090353 0.414679 90 94 95
0.128757 0.089948 0.416447 90 94 95
0.127884 0.090031 0.417453 93 94 96
0.127012 0.090114 0.418459 95 96 98
0.126631 0.089707 0.420217 93 94 96
0.125761 0.089790 0.421220 95 96 98
0.124890 0.089872 0.422223 94 94 94
0.124020 0.089955 0.423226 96 96 96
0.123150 0.090038 0.424230 95 95 95
0.122782 0.089630 0.425973 94 94 94
0.122418 0.089222 0.427712 95 95 95
0.121552 0.089304 0.428710 95 95 95
0.121195 0.088895 0.430442 95 95 95
0.120843 0.088486 0.432168 96 94 95
0.119981 0.088568 0.433161 96 96 96
0.119635 0.088158 0.434880 96 96 96
0.118775 0.088240 0.435871 96 96 96
0.117916 0.088321 0.436861 96 96 96
0.117056 0.088403 0.437852 97 97 97
0.116197 0.088485 0.438843 97 97 97
0.115337 0.088567 0.439833 97 97 97
0.115006 0.088155 0.441535 97 97 97
0.114149 0.088237 0.442523 96 96 96
0.113824 0.087825 0.444217 98 98 98
0.112969 0.087906 0.445203 98 98 98
0.112650 0.087493 0.446890 101 101 101
0.111797 0.087575 0.447873 102 102 102
0.110944 0.087656 0.448856 102 102 102
0.110635 0.087242 0.450533 101 101 101
0.109784 0.087323 0.451514 99 99 99
0.108933 0.087404 0.452494 101 101 101
0.108632 0.086990 0.454161 100 100 100
0.107783 0.087071 0.455139 100 100 100
0.106934 0.087151 0.456118 102 102 102
0.106086 0.087232 0.457096 100 100 100
0.105237 0.087313 0.458074 101 101 101
0.104388 0.087394 0.459052 101 101 101
0.103539 0.087474 0.460031 100 100 100
0.102691 0.087555 0.461009 101 101 101
0.101842 0.087636 0.461987 101 101 101
0.100993 0.087717 0.462965 103 103 103
0.100144 0.087797 0.463944 104 102 103
0.099296 0.087878 0.464922 103 101 102
0.099023 0.087461 0.466557 103 101 102
0.098176 0.087542 0.467532 103 101 102
0.097329 0.087622 0.468508 103 101 102
0.097065 0.087204 0.470133 102 102 102
0.096221 0.087285 0.471106 103 103 103
0.179863 0.059559 0.437536 121 122 127
0.179120 0.059630 0.438392 155 154 160
0.178377 0.059700 0.439249 158 161 166
0.177634 0.059771 0.440106 173 177 180
0.176461 0.060329 0.440140 167 172 175
0.175283 0.060887 0.440180 169 174 177
0.174101 0.061445 0.440225 37 42 46
0.172915 0.062004 0.440275 34 37 42
0.171724 0.062563 0.440329 29 33 36
0.170529 0.063123 0.440389 27 28 32
0.168887 0.064171 0.439647 34 34 42
0.167681 0.064732 0.439719 176 177 182
0.166471 0.065293 0.439796 167 171 170
0.164808 0.066343 0.439079 168 172 173
0.163135 0.067394 0.438371 43 46 51
0.161908 0.067957 0.438468 31 34 41
0.160676 0.068520 0.438570 158 161 166
0.159441 0.069083 0.438677 162 167 170
0.158201 0.069647 0.438789 169 174 178
0.156956 0.070212 0.438905 41 44 51
0.155243 0.071267 0.438245 31 34 41
0.153988 0.071832 0.438374 174 175 180
0.152259 0.072888 0.437731 169 170 174
0.151464 0.072964 0.438648 179 180 182
0.135526 0.088751 0.414857 96 97 101
0.134662 0.088833 0.415852 95 98 103
0.132843 0.089898 0.415314 91 95 98
0.132935 0.088998 0.417844 90 94 97
0.131107 0.090064 0.417315 92 96 97
0.131207 0.089162 0.419835 93 97 98
0.129857 0.089737 0.420073 95 96 98
0.129479 0.089326 0.421826 94 95 97
0.128615 0.089409 0.422822 96 96 98
0.127752 0.089491 0.423817 96 96 98
0.127383 0.089080 0.425560 95 95 97
0.126521 0.089162 0.426553 94 94 94
0.125659 0.089244 0.427547 93 93 93
0.125299 0.088832 0.429280 96 96 96
0.124943 0.088420 0.431008 94 94 94
0.124085 0.088502 0.431996 94 94 94
0.123736 0.088089 0.433716 95 95 95
0.122880 0.088170 0.434702 94 94 94
0.122537 0.087757 0.436415 94 94 94
0.121684 0.087838 0.437398 97 97 97
0.120831 0.087919 0.438382 98 98 98
0.119978 0.088001 0.439365 95 95 95
0.119125 0.088082 0.440348 96 96 96
0.118272 0.088163 0.441331 98 98 98
0.117419 0.088244 0.442315 97 97 97
0.116566 0.088325 0.443298 96 96 96
0.116242 0.087910 0.444989 97 97 97
0.115391 0.087991 0.445969 102 102 102
0.115074 0.087575 0.447653 98 98 98
0.114225 0.087656 0.448631 99 99 99
0.113914 0.087240 0.450307 100 100 100
0.113067 0.087320 0.451282 99 99 99
0.112221 0.087401 0.452258 98 98 98
0.111374 0.087481 0.453234 99 99 99
0.111074 0.087064 0.454897 101 101 101
0.110230 0.087144 0.455871 101 101 101
0.109385 0.087224 0.456844 102 102 102
0.109094 0.086806 0.458498 100 100 100
0.108251 0.086886 0.459468 100 100 100
0.106852 0.087465 0.459764 101 101 101
0.106007 0.087546 0.460737 99 99 99
0.105163 0.087626 0.461711 101 101 101
0.104318 0.087706 0.462684 102 102 102
0.103474 0.087787 0.463657 102 102 102
0.102630 0.087867 0.464630 103 103 101
0.101785 0.087947 0.465604 104 104 102
0.101513 0.087527 0.467235 103 103 101
0.100671 0.087607 0.468206 102 102 100
0.099828 0.087688 0.469177 102 102 102
0.099565 0.087267 0.470798 104 104 104
0.098725 0.087347 0.471766 102 102 102
0.179881 0.061055 0.437002 71 71 79
0.179559 0.060637 0.438689 162 161 167
0.178391 0.061197 0.438720 156 157 162
0.177645 0.061268 0.439579 170 174 177
0.176900 0.061339 0.440438 170 174 177
0.175724 0.061900 0.440479 175 180 183
0.174543 0.062461 0.440525 33 38 42
0.173358 0.063023 0.440575 33 38 42
0.172169 0.063585 0.440631 29 32 37
0.170535 0.064639 0.439883 30 34 37
0.169335 0.065202 0.439951 25 28 35
0.168131 0.065765 0.440024 159 162 167
0.166922 0.066329 0.440102 167 171 174
0.165261 0.067385 0.439386 165 169 172
0.163591 0.068442 0.438680 35 38 43
0.162365 0.069008 0.438778 40 43 50
0.161135 0.069574 0.438881 126 129 134
0.159900 0.070140 0.438989 160 164 167
0.158662 0.070707 0.439101 170 173 178
0.157418 0.071275 0.439219 36 39 46
0.155708 0.072335 0.438560 34 34 42
0.153988 0.073397 0.437912 142 143 148
0.152728 0.073966 0.438049 167 168 172
0.151933 0.074041 0.438965 172 173 175
0.137923 0.087947 0.418287 99 100 104
0.137542 0.087534 0.420041 94 97 102
0.136689 0.087615 0.421025 94 98 101
0.136315 0.087202 0.422772 91 95 98
0.135464 0.087283 0.423752 89 93 94
0.134130 0.087858 0.423974 91 95 96
0.132792 0.088435 0.424201 93 94 96
0.131937 0.088516 0.425187 96 97 99
0.131082 0.088597 0.426173 97 97 99
0.130226 0.088679 0.427158 95 95 97
0.129865 0.088264 0.428890 95 95 97
0.129012 0.088345 0.429874 95 95 97
0.128159 0.088426 0.430857 94 94 94
0.127305 0.088508 0.431840 96 96 96
0.126955 0.088092 0.433560 94 94 94
0.126608 0.087676 0.435274 94 94 94
0.125759 0.087757 0.436253 94 94 94
0.125419 0.087340 0.437960 94 94 94
0.124572 0.087421 0.438936 96 96 96
0.123726 0.087501 0.439912 95 95 95
0.122879 0.087582 0.440887 95 95 95
0.122033 0.087662 0.441863 96 96 96
0.121186 0.087743 0.442839 97 97 97
0.120339 0.087823 0.443815 97 97 97
0.119493 0.087904 0.444790 96 96 96
0.118646 0.087984 0.445766 96 96 96
0.117800 0.088065 0.446742 96 96 96
0.117483 0.087646 0.448422 98 98 98
0.116639 0.087726 0.449395 98 98 98
0.115794 0.087807 0.450369 99 99 99
0.115486 0.087387 0.452039 99 99 99
0.114644 0.087467 0.453009 96 96 96
0.114343 0.087047 0.454672 99 99 99
0.113502 0.087127 0.455640 100 100 100
0.112662 0.087207 0.456609 100 100 100
0.111822 0.087287 0.457577 102 102 102
0.111532 0.086865 0.459227 99 99 99
0.110694 0.086945 0.460193 99 99 99
0.109856 0.087025 0.461159 100 100 100
0.109018 0.087104 0.462125 101 101 101
0.108180 0.087184 0.463091 98 98 98
0.107342 0.087264 0.464056 101 101 101
0.105941 0.087846 0.464355 100 100 100
0.105101 0.087926 0.465324 103 103 103
0.104828 0.087503 0.466954 106 106 104
0.103990 0.087583 0.467920 103 103 101
0.103152 0.087662 0.468886 103 103 101
0.102887 0.087239 0.470506 102 102 100
0.102051 0.087318 0.471469 102 102 100
0.179902 0.062558 0.436470 47 47 59
0.179576 0.062137 0.438159 161 160 166
0.178830 0.062208 0.439018 158 159 164
0.178085 0.062278 0.439877 167 168 172
0.177340 0.062349 0.440736 171 175 176
0.176164 0.062913 0.440778 170 175 178
0.174985 0.063477 0.440824 55 60 64
0.173801 0.064042 0.440876 36 41 47
0.172177 0.065101 0.440122 30 33 38
0.170983 0.065666 0.440186 26 30 33
0.169784 0.066233 0.440255 30 33 38
0.168581 0.066799 0.440329 118 121 128
0.167373 0.067366 0.440407 91 94 103
0.165714 0.068428 0.439693 29 32 41
0.164047 0.069491 0.438989 37 40 49
0.162823 0.070059 0.439088 31 34 41
0.161594 0.070628 0.439192 76 79 84
0.160360 0.071197 0.439300 137 140 145
0.158665 0.072263 0.438628 41 42 47
0.157421 0.072833 0.438749 42 42 50
0.155710 0.073900 0.438095 38 38 46
0.154456 0.074472 0.438228 95 94 100
0.153197 0.075043 0.438367 168 167 172
0.151933 0.075616 0.438510 172 173 175
0.139840 0.087615 0.420940 94 95 99
0.139937 0.086702 0.423454 96 97 102
0.139092 0.086782 0.424427 95 99 102
0.138248 0.086863 0.425400 94 98 101
0.137403 0.086943 0.426374 91 95 96
0.136559 0.087023 0.427347 90 94 95
0.135231 0.087602 0.427565 93 94 96
0.134384 0.087682 0.428541 94 95 97
0.133538 0.087763 0.429516 94 94 96
0.132691 0.087843 0.430492 95 95 97
0.131844 0.087924 0.431468 95 95 97
0.130998 0.088004 0.432444 95 95 97
0.130151 0.088085 0.433420 94 94 96
0.129803 0.087666 0.435133 95 95 95
0.128959 0.087746 0.436107 93 93 93
0.128114 0.087827 0.437080 94 94 94
0.127775 0.087407 0.438784 94 94 94
0.126933 0.087487 0.439755 95 95 95
0.126090 0.087567 0.440726 95 95 95
0.125760 0.087147 0.442420 95 95 95
0.124920 0.087226 0.443388 96 96 96
0.124080 0.087306 0.444356 96 96 96
0.123239 0.087386 0.445325 96 96 96
0.122399 0.087466 0.446293 94 94 94
0.121559 0.087546 0.447261 95 95 95
0.120719 0.087626 0.448230 96 96 96
0.119879 0.087706 0.449198 98 98 98
0.119039 0.087786 0.450166 97 97 97
0.118730 0.087363 0.451835 99 99 99
0.117892 0.087443 0.452801 99 99 99
0.117589 0.087020 0.454463 97 97 97
0.116753 0.087099 0.455426 97 97 97
0.115917 0.087179 0.456390 97 97 97
0.115081 0.087258 0.457353 97 97 97
0.114789 0.086834 0.459002 97 97 97
0.113956 0.086913 0.459963 98 98 98
0.113122 0.086993 0.460924 99 99 99
0.112288 0.087072 0.461885 101 101 101
0.111455 0.087151 0.462846 101 101 101
0.110621 0.087231 0.463807 103 103 103
0.109787 0.087310 0.464768 100 100 100
0.108954 0.087389 0.465728 100 100 100
0.108120 0.087469 0.466689 100 100 100
0.107286 0.087548 0.467650 101 101 101
0.106453 0.087627 0.468611 101 101 101
0.105619 0.087706 0.469572 101 101 99
0.105355 0.087280 0.471189 103 103 101
0.104524 0.087359 0.472147 104 105 100
0.180343 0.063571 0.436769 37 39 54
0.179595 0.063642 0.437630 166 167 172
0.178848 0.063713 0.438492 153 154 159
0.178100 0.063784 0.439353 156 157 161
0.177353 0.063855 0.440215 169 173 174
0.176177 0.064422 0.440260 169 174 177
0.174996 0.064990 0.440310 102 107 111
0.173812 0.065558 0.440365 41 46 52
0.172623 0.066126 0.440424 34 39 45
0.171430 0.066694 0.440489 15 20 24
0.170232 0.067263 0.440559 124 128 131
0.169030 0.067833 0.440633 159 162 169
0.167824 0.068403 0.440713 37 39 51
0.166614 0.068973 0.440798 33 35 48
0.164503 0.070539 0.439299 27 30 39
0.163280 0.071110 0.439398 57 60 67
0.162052 0.071682 0.439502 162 165 170
0.160366 0.072753 0.438825 35 38 45
0.159127 0.073326 0.438942 42 43 48
0.157885 0.073899 0.439064 38 37 45
0.156177 0.074972 0.438411 31 30 38
0.154923 0.075546 0.438545 49 48 54
0.153200 0.076620 0.437910 168 167 172
0.152403 0.076696 0.438829 168 169 171
0.150198 0.078271 0.437439 109 110 114
0.142792 0.085347 0.427627 94 95 100
0.141485 0.085926 0.427823 90 94 97
0.140649 0.086006 0.428786 91 95 98
0.139335 0.086586 0.428990 91 95 96
0.138017 0.087166 0.429199 90 94 95
0.137659 0.086745 0.430922 93 94 96
0.136821 0.086825 0.431888 94 95 97
0.135983 0.086905 0.432853 95 95 97
0.135145 0.086985 0.433819 95 95 97
0.134307 0.087064 0.434785 96 96 98
0.133469 0.087144 0.435751 95 95 97
0.132136 0.087726 0.435977 94 94 96
0.131296 0.087806 0.436945 95 95 97
0.130456 0.087886 0.437914 94 94 94
0.129616 0.087966 0.438882 95 95 95
0.129279 0.087543 0.440580 95 95 95
0.128441 0.087622 0.441546 94 94 94
0.127603 0.087702 0.442512 95 95 95
0.127276 0.087278 0.444200 95 95 95
0.126440 0.087358 0.445163 94 94 94
0.125604 0.087437 0.446127 96 96 96
0.124768 0.087517 0.447090 95 95 95
0.124451 0.087092 0.448766 95 95 95
0.123618 0.087171 0.449727 95 95 95
0.122784 0.087250 0.450688 95 95 95
0.121950 0.087330 0.451649 96 96 96
0.121117 0.087409 0.452609 96 96 96
0.120813 0.086983 0.454270 97 97 97
0.119981 0.087062 0.455229 97 97 97
0.119684 0.086635 0.456882 97 97 97
0.118854 0.086714 0.457838 98 98 98
0.118025 0.086793 0.458794 98 98 98
0.117196 0.086872 0.459750 98 98 98
0.116366 0.086951 0.460706 98 98 98
0.115537 0.087030 0.461662 99 99 99
0.114708 0.087108 0.462618 101 101 101
0.113878 0.087187 0.463573 99 99 99
0.113049 0.087266 0.464529 99 99 99
0.112220 0.087345 0.465485 103 103 103
0.111390 0.087424 0.466441 100 100 100
0.110561 0.087503 0.467397 101 101 101
0.109731 0.087582 0.468353 101 101 101
0.109464 0.087152 0.469972 101 101 101
0.108637 0.087231 0.470925 101 101 101
0.107810 0.087310 0.471879 103 103 101
0.106982 0.087388 0.472832 103 103 101
0.180367 0.065082 0.436239 43 45 60
0.179617 0.065153 0.437103 145 145 153
0.178868 0.065225 0.437967 155 156 161
0.178541 0.064798 0.439652 159 160 164
0.177793 0.064869 0.440514 170 174 175
0.176619 0.065439 0.440560 170 175 178
0.175440 0.066009 0.440610 156 161 165
0.174256 0.066580 0.440666 43 47 56
0.173069 0.067151 0.440727 33 37 46
0.171877 0.067722 0.440792 157 161 170
0.170681 0.068294 0.440863 163 167 168
0.169480 0.068866 0.440938 172 175 180
0.168275 0.069439 0.441019 33 35 47
0.166621 0.070513 0.440308 44 46 58
0.164959 0.071587 0.439608 157 160 169
0.163737 0.072162 0.439708 168 171 176
0.162060 0.073237 0.439025 171 174 179
0.160827 0.073813 0.439138 37 40 47
0.159590 0.074389 0.439255 40 39 45
0.158348 0.074965 0.439378 32 31 39
0.156643 0.076043 0.438727 32 32 40
0.154929 0.077123 0.438086 31 32 37
0.153670 0.077701 0.438229 172 173 177
0.152407 0.078279 0.438376 167 168 170
0.150672 0.079360 0.437760 143 144 148
0.146106 0.083460 0.432557 97 98 102
0.144340 0.084544 0.431975 96 97 101
0.143040 0.085126 0.432165 94 95 99
0.141736 0.085708 0.432360 93 94 96
0.140907 0.085787 0.433316 92 93 95
0.139597 0.086370 0.433518 92 93 95
0.138765 0.086449 0.434476 93 94 96
0.138419 0.086023 0.436184 96 96 98
0.137590 0.086102 0.437139 95 95 97
0.136760 0.086181 0.438095 94 94 96
0.135439 0.086765 0.438310 94 94 96
0.134607 0.086844 0.439268 94 94 96
0.133280 0.087429 0.439490 95 95 97
0.132446 0.087508 0.440451 94 94 94
0.131612 0.087587 0.441412 95 95 95
0.130779 0.087667 0.442373 96 96 96
0.130450 0.087240 0.444060 93 93 93
0.129618 0.087319 0.445019 95 95 95
0.129296 0.086891 0.446699 96 96 96
0.128467 0.086970 0.447654 95 95 95
0.127637 0.087049 0.448610 96 96 96
0.127323 0.086621 0.450280 97 97 97
0.126496 0.086700 0.451234 95 95 95
0.125669 0.086778 0.452187 97 97 97
0.124842 0.086857 0.453141 97 97 97
0.124539 0.086428 0.454798 97 97 97
0.123714 0.086506 0.455749 96 96 96
0.122889 0.086585 0.456700 97 97 97
0.122594 0.086155 0.458348 99 99 99
0.121771 0.086233 0.459296 96 96 96
0.120948 0.086311 0.460245 101 101 101
0.120125 0.086389 0.461193 98 98 98
0.119302 0.086468 0.462141 97 97 97
0.118480 0.086546 0.463090 99 99 99
0.117657 0.086624 0.464038 98 98 98
0.116834 0.086703 0.464987 99 99 99
0.116011 0.086781 0.465935 99 99 99
0.115188 0.086859 0.466884 103 103 103
0.113813 0.087448 0.467160 100 100 100
0.113542 0.087016 0.468781 100 100 100
0.112719 0.087094 0.469729 102 102 102
0.111896 0.087172 0.470678 102 102 102
0.111073 0.087251 0.471626 103 103 103
0.110813 0.086817 0.473234 101 101 101
0.180394 0.066599 0.435712 36 38 53
0.180059 0.066169 0.437403 95 95 105
0.179310 0.066241 0.438267 154 155 160
0.178560 0.066312 0.439131 157 158 162
0.177810 0.066383 0.439995 170 174 175
0.177061 0.066455 0.440859 169 174 177
0.175883 0.067028 0.440911 173 178 184
0.174701 0.067602 0.440967 42 46 55
0.173515 0.068176 0.441029 39 41 53
0.172324 0.068750 0.441095 116 118 130
0.171129 0.069325 0.441167 166 170 171
0.169491 0.070403 0.440443 165 169 172
0.168285 0.070979 0.440527 131 134 139
0.167075 0.071555 0.440616 167 170 177
0.165415 0.072635 0.439917 169 172 179
0.164194 0.073213 0.440018 165 168 173
0.162520 0.074294 0.439336 171 174 179
0.161288 0.074873 0.439450 61 64 71
0.160052 0.075452 0.439569 36 37 42
0.158356 0.076535 0.438912 33 33 41
0.157109 0.077115 0.439043 32 32 40
0.155398 0.078200 0.438404 25 28 33
0.154140 0.078781 0.438547 176 177 181
0.152878 0.079362 0.438696 169 170 172
0.150678 0.080955 0.437313 158 159 161
0.148466 0.082549 0.435946 100 99 104
0.147182 0.083132 0.436119 95 96 100
0.145421 0.084222 0.435537 95 96 100
0.144127 0.084806 0.435723 93 94 96
0.142829 0.085391 0.435913 92 93 95
0.141526 0.085976 0.436109 94 95 97
0.140701 0.086055 0.437060 94 94 96
0.139876 0.086133 0.438011 96 96 98
0.139051 0.086212 0.438962 96 96 98
0.138226 0.086290 0.439913 95 95 97
0.137401 0.086369 0.440864 93 93 95
0.136576 0.086447 0.441815 93 93 95
0.135256 0.087034 0.442030 95 95 97
0.134429 0.087113 0.442984 94 94 96
0.133602 0.087191 0.443937 96 96 96
0.132774 0.087270 0.444890 95 95 95
0.131947 0.087349 0.445844 95 95 95
0.131626 0.086918 0.447520 95 95 95
0.131308 0.086487 0.449192 95 95 95
0.130485 0.086565 0.450140 95 95 95
0.129663 0.086644 0.451089 96 96 96
0.129354 0.086212 0.452750 96 96 96
0.128533 0.086290 0.453696 96 96 96
0.127712 0.086368 0.454642 95 95 95
0.127412 0.085935 0.456294 96 96 96
0.126594 0.086013 0.457238 98 98 98
0.125775 0.086091 0.458181 97 97 97
0.124957 0.086169 0.459125 97 97 97
0.124667 0.085735 0.460764 98 98 98
0.123851 0.085813 0.461705 97 97 97
0.123034 0.085891 0.462646 100 100 100
0.122218 0.085968 0.463587 96 96 96
0.121402 0.086046 0.464528 97 97 97
0.120585 0.086124 0.465469 100 100 100
0.119769 0.086201 0.466410 98 98 98
0.118408 0.086792 0.466673 98 98 98
0.117589 0.086870 0.467616 98 98 98
0.116771 0.086948 0.468560 100 100 100
0.115952 0.087026 0.469503 97 97 97
0.115686 0.086590 0.471115 98 98 98
0.114870 0.086667 0.472056 101 101 101
0.114054 0.086745 0.472997 101 101 101
0.113237 0.086823 0.473938 98 98 98
0.180837 0.067618 0.436012 33 35 47
0.180085 0.067689 0.436879 50 52 64
0.179752 0.067257 0.438567 152 155 162
0.179002 0.067328 0.439431 155 159 162
0.178252 0.067400 0.440295 166 170 171
0.177503 0.067471 0.441159 166 171 174
0.176326 0.068047 0.441211 171 176 182
0.175146 0.068624 0.441269 42 46 55
0.173960 0.069201 0.441331 37 39 51
0.172338 0.070283 0.440594 71 73 85
0.171142 0.070861 0.440669 174 175 180
0.169942 0.071440 0.440749 169 170 174
0.168737 0.072018 0.440833 175 176 178
0.167528 0.072598 0.440923 169 173 176
0.165871 0.073684 0.440226 169 172 177
0.164652 0.074264 0.440328 175 180 186
0.162979 0.075352 0.439648 75 79 88
0.161749 0.075933 0.439763 36 40 49
0.160514 0.076514 0.439882 31 34 39
0.158821 0.077604 0.439227 30 33 38
0.157118 0.078694 0.438582 33 36 43
0.155866 0.079278 0.438722 153 158 162
0.154610 0.079861 0.438866 168 172 175
0.153350 0.080446 0.439015 171 172 174
0.151154 0.082047 0.437635 171 172 174
0.149880 0.082632 0.437800 96 95 100
0.148602 0.083218 0.437969 97 96 101
0.147320 0.083804 0.438143 96 95 100
0.146034 0.084391 0.438322 94 94 96
0.144743 0.084978 0.438506 92 92 94
0.143448 0.085565 0.438695 94 94 96
0.142630 0.085643 0.439638 95 95 97
0.141811 0.085721 0.440582 94 94 96
0.140993 0.085799 0.441525 95 93 96
0.140174 0.085877 0.442469 94 94 96
0.138866 0.086466 0.442673 94 94 96
0.138045 0.086544 0.443619 94 94 96
0.137225 0.086622 0.444565 94 94 96
0.135908 0.087211 0.444778 95 95 97
0.135085 0.087289 0.445727 95 95 97
0.134262 0.087368 0.446675 94 94 94
0.133942 0.086934 0.448349 95 95 95
0.133625 0.086500 0.450017 95 95 95
0.133313 0.086065 0.451680 95 95 95
0.132497 0.086143 0.452621 94 94 94
0.131680 0.086221 0.453562 96 96 96
0.130864 0.086298 0.454503 96 96 96
0.130563 0.085863 0.456154 97 97 97
0.129748 0.085940 0.457092 95 95 95
0.128934 0.086018 0.458031 96 96 96
0.128120 0.086095 0.458970 97 97 97
0.127829 0.085659 0.460608 97 97 97
0.127017 0.085736 0.461544 98 98 98
0.126205 0.085813 0.462480 98 98 98
0.125393 0.085890 0.463416 97 97 97
0.124581 0.085968 0.464352 99 99 99
0.123768 0.086045 0.465288 98 98 98
0.122956 0.086122 0.466224 97 97 97
0.122144 0.086200 0.467160 97 97 97
0.121332 0.086277 0.468096 97 97 97
0.120520 0.086354 0.469032 98 98 98
0.119708 0.086431 0.469968 100 100 100
0.118896 0.086509 0.470905 100 100 100
0.118633 0.086069 0.472511 101 101 101
0.117823 0.086146 0.473444 98 98 98
0.117013 0.086223 0.474378 100 100 100
0.180868 0.069143 0.435487 25 28 37
0.180529 0.068709 0.437179 36 38 50
0.179777 0.068780 0.438046 159 162 169
0.179025 0.068852 0.438912 156 160 163
0.178273 0.068923 0.439779 155 161 161
0.177521 0.068995 0.440645 167 172 175
0.176770 0.069066 0.441512 170 175 181
0.175590 0.069646 0.441570 66 68 80
0.173976 0.070734 0.440827 39 41 54
0.172786 0.071314 0.440898 43 42 56
0.171591 0.071895 0.440974 177 175 186
0.170393 0.072476 0.441054 170 171 175
0.169189 0.073058 0.441140 168 170 169
0.167982 0.073640 0.441230 181 185 184
0.166327 0.074732 0.440535 109 112 117
0.165109 0.075315 0.440638 33 37 48
0.163439 0.076409 0.439960 32 36 48
0.162210 0.076993 0.440075 29 36 46
0.160977 0.077577 0.440196 24 29 35
0.159285 0.078673 0.439542 116 121 125
0.157586 0.079769 0.438899 170 175 179
0.156335 0.080355 0.439039 164 169 173
0.155080 0.080942 0.439184 167 172 175
0.153821 0.081529 0.439335 171 175 176
0.152093 0.082628 0.438724 151 152 154
0.150823 0.083216 0.438886 109 108 113
0.150017 0.083293 0.439815 96 95 100
0.148741 0.083881 0.439985 93 92 97
0.147933 0.083958 0.440916 93 93 95
0.146650 0.084547 0.441093 92 92 94
0.145363 0.085137 0.441276 92 92 94
0.144071 0.085727 0.441463 92 92 94
0.143257 0.085805 0.442401 94 92 95
0.142443 0.085882 0.443340 94 92 95
0.141143 0.086473 0.443537 93 93 95
0.140326 0.086551 0.444478 92 92 94
0.139510 0.086628 0.445419 94 94 96
0.138693 0.086706 0.446360 93 93 95
0.137877 0.086784 0.447301 94 94 96
0.137060 0.086861 0.448242 94 94 96
0.136244 0.086939 0.449183 96 96 98
0.135928 0.086502 0.450848 96 96 96
0.135617 0.086064 0.452508 96 96 96
0.134805 0.086141 0.453444 96 96 96
0.134500 0.085703 0.455097 95 95 95
0.133690 0.085780 0.456030 96 96 96
0.132880 0.085857 0.456964 96 96 96
0.132070 0.085934 0.457897 97 97 97
0.131260 0.086011 0.458831 96 96 96
0.130969 0.085572 0.460468 96 96 96
0.130161 0.085649 0.461400 96 96 96
0.129353 0.085726 0.462331 97 97 97
0.128545 0.085802 0.463262 97 97 97
0.127737 0.085879 0.464193 96 96 96
0.126930 0.085956 0.465124 97 97 97
0.126122 0.086033 0.466055 98 98 98
0.125314 0.086110 0.466986 99 99 99
0.124506 0.086187 0.467917 99 99 99
0.123698 0.086264 0.468848 100 100 100
0.122890 0.086340 0.469779 100 100 100
0.122083 0.086417 0.470710 97 97 97
0.121819 0.085975 0.472316 99 99 99
0.121013 0.086052 0.473244 99 99 99
0.120207 0.086128 0.474173 98 98 98
0.180558 0.070237 0.436657 31 36 42
0.180220 0.069799 0.438346 156 159 164
0.179468 0.069871 0.439213 152 156 159
0.178717 0.069942 0.440079 151 155 158
0.177965 0.070014 0.440946 170 174 175
0.177213 0.070085 0.441812 168 171 176
0.176035 0.070668 0.441871 118 121 130
0.174423 0.071761 0.441130 41 43 56
0.173234 0.072345 0.441202 38 40 55
0.171608 0.073440 0.440479 179 178 186
0.170408 0.074025 0.440562 175 172 179
0.169642 0.074098 0.441446 151 148 157
0.168435 0.074683 0.441538 43 41 52
0.166783 0.075780 0.440844 43 43 55
0.165566 0.076366 0.440948 38 38 50
0.163899 0.077466 0.440272 27 30 39
0.162671 0.078053 0.440388 75 78 85
0.160989 0.079153 0.439729 170 175 178
0.159750 0.079742 0.439857 167 175 177
0.158053 0.080844 0.439216 166 171 175
0.156804 0.081433 0.439357 167 172 178
0.155550 0.082022 0.439503 181 184 191
0.154292 0.082612 0.439654 83 86 93
0.153030 0.083203 0.439810 77 80 85
0.152228 0.083279 0.440734 93 96 101
0.150960 0.083870 0.440897 92 93 97
0.150156 0.083946 0.441823 88 89 91
0.149353 0.084023 0.442749 89 90 92
0.148075 0.084615 0.442923 89 90 92
0.147270 0.084691 0.443851 89 90 92
0.145986 0.085284 0.444032 88 89 91
0.144698 0.085876 0.444218 90 91 93
0.143405 0.086470 0.444408 91 92 94
0.142593 0.086547 0.445344 90 91 93
0.141781 0.086624 0.446280 89 90 92
0.140969 0.086702 0.447216 92 92 94
0.140648 0.086262 0.448885 94 94 94
0.139838 0.086339 0.449819 96 96 96
0.139028 0.086416 0.450753 94 94 94
0.138218 0.086493 0.451686 95 95 95
0.137908 0.086052 0.453343 95 95 95
0.137100 0.086129 0.454274 96 96 96
0.136796 0.085688 0.455923 97 97 97
0.135990 0.085764 0.456852 95 95 95
0.135185 0.085841 0.457780 96 96 96
0.134379 0.085918 0.458709 96 96 96
0.134086 0.085475 0.460345 95 95 95
0.133282 0.085552 0.461272 95 95 95
0.132479 0.085628 0.462198 95 95 95
0.131675 0.085704 0.463124 97 97 97
0.130872 0.085781 0.464050 97 97 97
0.130068 0.085857 0.464976 98 98 98
0.129790 0.085413 0.466595 97 97 97
0.128989 0.085490 0.467519 97 97 97
0.128188 0.085566 0.468443 98 98 98
0.126854 0.086163 0.468680 96 96 96
0.126051 0.086240 0.469607 100 100 100
0.125247 0.086316 0.470533 99 99 99
0.124982 0.085871 0.472137 99 99 99
0.124181 0.085947 0.473061 98 98 98
0.123379 0.086023 0.473984 99 99 99
0.122578 0.086100 0.474908 101 101 101
0.121777 0.086176 0.475832 98 98 98
0.181695 0.072140 0.433568 30 35 39
0.181347 0.071700 0.435266 24 29 35
0.181003 0.071259 0.436959 27 30 39
0.180249 0.071331 0.437828 124 124 132
0.179495 0.071403 0.438697 154 157 162
0.179160 0.070961 0.440380 157 161 164
0.178408 0.071033 0.441246 167 171 174
0.177656 0.071104 0.442113 168 172 175
0.176054 0.072203 0.441366 162 165 172
0.174443 0.073303 0.440629 44 46 58
0.173253 0.073890 0.440704 38 40 55
0.172059 0.074477 0.440784 137 135 146
0.170861 0.075064 0.440869 55 54 62
0.169658 0.075652 0.440959 37 35 46
0.168451 0.076240 0.441053 37 37 49
0.167239 0.076829 0.441153 39 39 51
0.166023 0.077418 0.441258 35 38 47
0.164359 0.078523 0.440583 160 163 168
0.163132 0.079113 0.440700 172 177 180
0.161453 0.080219 0.440043 167 172 175
0.159764 0.081327 0.439396 170 175 179
0.158520 0.081918 0.439533 174 179 185
0.157272 0.082510 0.439675 122 125 134
0.156020 0.083103 0.439822 62 65 74
0.155223 0.083179 0.440740 72 75 82
0.153964 0.083772 0.440895 85 88 95
0.153165 0.083848 0.441816 80 83 88
0.152366 0.083924 0.442737 85 89 92
0.151566 0.084000 0.443658 84 88 89
0.150767 0.084076 0.444579 87 91 92
0.149495 0.084670 0.444748 85 89 90
0.148694 0.084746 0.445672 87 91 92
0.147416 0.085341 0.445849 87 91 92
0.146612 0.085418 0.446775 86 90 91
0.145328 0.086013 0.446959 91 92 94
0.144039 0.086609 0.447148 92 93 95
0.143231 0.086686 0.448079 92 93 95
0.142911 0.086243 0.449745 91 91 93
0.142105 0.086320 0.450673 93 93 93
0.141791 0.085876 0.452332 93 93 93
0.140988 0.085953 0.453258 94 94 94
0.140681 0.085509 0.454908 93 93 93
0.139879 0.085585 0.455832 95 95 95
0.139078 0.085661 0.456756 94 94 94
0.138276 0.085737 0.457679 95 95 95
0.137980 0.085292 0.459318 95 95 95
0.137181 0.085368 0.460239 96 96 96
0.136382 0.085444 0.461160 97 97 97
0.135582 0.085520 0.462081 96 96 96
0.134783 0.085596 0.463002 96 96 96
0.133984 0.085672 0.463923 97 97 97
0.133185 0.085748 0.464845 97 97 97
0.132905 0.085302 0.466463 96 96 96
0.132108 0.085378 0.467382 96 96 96
0.131311 0.085453 0.468300 96 96 96
0.130514 0.085529 0.469219 97 97 97
0.129717 0.085605 0.470138 98 98 98
0.128920 0.085681 0.471056 100 100 100
0.128123 0.085757 0.471975 99 99 99
0.127326 0.085832 0.472894 100 100 100
0.126529 0.085908 0.473812 97 97 97
0.125732 0.085984 0.474731 100 100 100
0.124935 0.086060 0.475650 100 100 100
0.181384 0.073240 0.434745 25 28 35
0.181037 0.072797 0.436439 25 28 35
0.180694 0.072353 0.438129 72 72 80
0.179940 0.072425 0.438998 155 156 161
0.179186 0.072496 0.439867 160 161 165
0.178432 0.072568 0.440736 170 171 175
0.177678 0.072640 0.441605 169 173 176
0.174466 0.074851 0.440130 40 43 52
0.173275 0.075441 0.440208 35 37 49
0.172080 0.076031 0.440292 33 33 43
0.171313 0.076104 0.441176 28 28 38
0.170111 0.076694 0.441266 29 32 41
0.168469 0.077803 0.440571 19 22 31
0.167256 0.078395 0.440674 124 127 134
0.166040 0.078987 0.440782 175 180 184
0.164819 0.079580 0.440895 164 169 172
0.163148 0.080691 0.440232 169 178 177
0.161916 0.081285 0.440357 167 172 175
0.160230 0.082398 0.439712 161 164 169
0.158988 0.082993 0.439850 63 66 73
0.158195 0.083068 0.440763 70 70 78
0.157402 0.083144 0.441677 75 75 83
0.156151 0.083739 0.441825 74 74 82
0.155356 0.083815 0.442741 83 86 91
0.154561 0.083890 0.443657 87 91 94
0.153767 0.083966 0.444573 84 88 89
0.152972 0.084041 0.445490 84 88 89
0.152177 0.084117 0.446406 87 91 92
0.151382 0.084193 0.447322 86 90 91
0.150114 0.084790 0.447490 85 89 90
0.149316 0.084866 0.448408 88 89 91
0.148519 0.084941 0.449327 89 90 92
0.147242 0.085539 0.449504 88 89 91
0.146443 0.085615 0.450426 87 89 88
0.145644 0.085691 0.451347 88 90 89
0.144845 0.085767 0.452268 91 91 91
0.144534 0.085321 0.453920 92 92 92
0.143737 0.085396 0.454839 93 93 93
0.142940 0.085472 0.455758 93 93 93
0.142143 0.085548 0.456676 95 95 95
0.141346 0.085624 0.457595 95 95 95
0.140549 0.085700 0.458514 94 94 94
0.140253 0.085251 0.460149 94 94 94
0.139458 0.085327 0.461065 94 94 94
0.138664 0.085403 0.461981 94 94 94
0.137869 0.085478 0.462897 95 95 95
0.137074 0.085554 0.463813 94 94 94
0.136279 0.085630 0.464729 97 97 97
0.135998 0.085180 0.466347 96 96 96
0.135206 0.085255 0.467261 94 94 94
0.134413 0.085331 0.468174 96 96 96
0.134141 0.084880 0.469782 97 97 97
0.133350 0.084955 0.470693 98 98 98
0.132560 0.085031 0.471605 98 98 98
0.131769 0.085106 0.472516 97 97 97
0.130979 0.085181 0.473427 99 99 99
0.130188 0.085256 0.474338 97 97 97
0.129397 0.085331 0.475249 99 99 99
0.128607 0.085407 0.476161 98 98 98
0.127816 0.085482 0.477072 100 100 100
0.181482 0.073822 0.436742 28 31 36
0.180726 0.073894 0.437613 49 49 57
0.179970 0.073966 0.438485 159 158 166
0.179630 0.073518 0.440168 156 157 161
0.178876 0.073590 0.441037 163 164 168
0.178122 0.073662 0.441906 170 171 175
0.176946 0.074253 0.441971 168 171 176
0.173299 0.076997 0.439714 34 37 46
0.172532 0.077070 0.440598 32 35 44
0.171334 0.077664 0.440687 23 26 33
0.170131 0.078257 0.440781 76 79 86
0.168925 0.078852 0.440880 172 175 180
0.167713 0.079446 0.440984 164 167 172
0.166498 0.080041 0.441093 165 170 173
0.164836 0.081158 0.440424 164 169 172
0.163610 0.081754 0.440545 179 184 187
0.162380 0.082351 0.440672 94 97 102
0.161145 0.082948 0.440803 61 62 67
0.160357 0.083023 0.441712 65 65 73
0.159115 0.083620 0.441850 70 70 78
0.158325 0.083695 0.442762 69 70 75
0.157534 0.083771 0.443673 74 75 80
0.156744 0.083846 0.444584 79 83 86
0.155953 0.083921 0.445495 81 85 86
0.155162 0.083996 0.446406 84 88 89
0.154372 0.084072 0.447318 81 85 86
0.153581 0.084147 0.448229 84 88 89
0.152791 0.084222 0.449140 85 86 88
0.151528 0.084821 0.449304 88 89 91
0.150735 0.084897 0.450217 89 90 92
0.149942 0.084972 0.451131 89 90 92
0.149150 0.085048 0.452045 88 89 91
0.148357 0.085123 0.452958 89 91 90
0.147564 0.085199 0.453872 89 91 90
0.146771 0.085274 0.454786 90 90 90
0.146466 0.084824 0.456430 91 91 91
0.145675 0.084899 0.457341 93 93 93
0.144885 0.084974 0.458252 89 89 89
0.144094 0.085049 0.459163 92 92 92
0.143304 0.085124 0.460075 92 92 92
0.142513 0.085200 0.460986 92 92 92
0.141722 0.085275 0.461897 93 93 93
0.140932 0.085350 0.462808 95 95 95
0.140141 0.085425 0.463720 93 93 93
0.139351 0.085501 0.464631 94 94 94
0.139069 0.085048 0.466248 93 93 93
0.138280 0.085123 0.467156 95 95 95
0.137492 0.085198 0.468065 95 95 95
0.136703 0.085273 0.468974 96 96 96
0.136432 0.084819 0.470578 96 96 96
0.135646 0.084894 0.471484 96 96 96
0.134860 0.084969 0.472391 96 96 96
0.134598 0.084514 0.473985 98 98 98
0.133813 0.084589 0.474889 98 98 98
0.133029 0.084664 0.475793 97 97 97
0.132245 0.084738 0.476696 97 97 97
0.131461 0.084813 0.477600 97 97 97
0.182228 0.076265 0.432829 26 30 33
0.181872 0.075817 0.434530 24 28 31
0.181111 0.075889 0.435406 24 28 31
0.180762 0.075440 0.437099 39 38 44
0.180416 0.074990 0.438787 167 166 172
0.179660 0.075062 0.439658 158 159 163
0.178904 0.075134 0.440530 150 151 155
0.178148 0.075206 0.441401 168 169 173
0.176970 0.075801 0.441469 168 172 175
0.175788 0.076396 0.441541 84 87 92
0.174177 0.077514 0.440820 34 37 44
0.172984 0.078110 0.440905 46 47 52
0.171787 0.078706 0.440995 162 163 168
0.170586 0.079303 0.441089 177 178 182
0.169381 0.079900 0.441189 166 167 171
0.168171 0.080498 0.441294 169 170 174
0.166957 0.081096 0.441404 176 177 182
0.165738 0.081694 0.441518 155 156 161
0.164515 0.082293 0.441638 61 61 69
0.163288 0.082892 0.441763 66 67 72
0.162057 0.083491 0.441892 65 64 70
0.161271 0.083566 0.442798 66 65 71
0.160485 0.083641 0.443705 65 64 70
0.159698 0.083716 0.444611 66 67 72
0.158456 0.084317 0.444753 72 73 77
0.157668 0.084392 0.445662 76 80 81
0.156879 0.084467 0.446570 82 86 85
0.156091 0.084542 0.447479 86 88 87
0.155302 0.084617 0.448388 85 87 86
0.154514 0.084692 0.449297 86 88 87
0.153726 0.084767 0.450205 87 89 88
0.152937 0.084842 0.451114 87 89 88
0.152149 0.084917 0.452023 87 89 88
0.151360 0.084992 0.452932 87 89 88
0.150572 0.085067 0.453840 88 90 89
0.149783 0.085142 0.454749 88 90 89
0.148995 0.085217 0.455658 87 89 88
0.148690 0.084763 0.457299 89 89 89
0.147904 0.084838 0.458205 91 91 91
0.147118 0.084913 0.459111 92 92 92
0.146331 0.084988 0.460017 90 90 90
0.145545 0.085062 0.460924 90 90 90
0.144264 0.085667 0.461110 91 91 91
0.143476 0.085742 0.462019 93 93 93
0.142687 0.085817 0.462928 93 93 93
0.141899 0.085892 0.463836 91 91 91
0.141614 0.085436 0.465455 93 93 93
0.140828 0.085511 0.466361 94 94 94
0.140549 0.085055 0.467972 93 93 93
0.139765 0.085130 0.468876 95 95 95
0.139492 0.084673 0.470479 97 97 97
0.138710 0.084748 0.471381 97 97 97
0.137928 0.084822 0.472282 96 96 96
0.137665 0.084365 0.473875 95 95 95
0.136885 0.084439 0.474774 97 97 97
0.136105 0.084513 0.475673 97 97 97
0.135325 0.084587 0.476572 96 96 96
0.134545 0.084661 0.477471 96 96 96
0.182275 0.077823 0.432311 21 24 29
0.181915 0.077372 0.434013 22 26 29
0.181560 0.076920 0.435710 31 35 36
0.180799 0.076992 0.436586 37 38 43
0.180450 0.076540 0.438276 155 156 161
0.179692 0.076612 0.439150 157 158 162
0.179350 0.076159 0.440832 149 150 154
0.178594 0.076231 0.441704 169 170 172
0.177417 0.076829 0.441772 169 170 174
0.176237 0.077426 0.441845 131 132 136
0.175052 0.078025 0.441924 137 140 145
0.173436 0.079149 0.441211 175 176 180
0.172669 0.079222 0.442095 170 171 175
0.171041 0.080348 0.441398 169 170 174
0.169837 0.080948 0.441498 174 175 180
0.168628 0.081549 0.441604 158 159 164
0.167415 0.082150 0.441714 64 64 72
0.166638 0.082224 0.442611 70 68 79
0.165418 0.082825 0.442729 63 61 74
0.164638 0.082899 0.443628 63 63 71
0.163413 0.083501 0.443753 60 61 66
0.162631 0.083576 0.444654 63 62 68
0.161849 0.083650 0.445556 65 64 69
0.160614 0.084253 0.445691 67 68 72
0.159830 0.084328 0.446595 73 74 78
0.159046 0.084402 0.447499 79 80 82
0.158262 0.084477 0.448402 81 85 84
0.157478 0.084552 0.449306 85 87 86
0.156694 0.084626 0.450210 86 88 87
0.155910 0.084701 0.451114 86 88 87
0.155125 0.084775 0.452018 84 86 85
0.154341 0.084850 0.452921 85 87 86
0.153557 0.084925 0.453825 87 89 88
0.152773 0.084999 0.454729 87 89 88
0.151989 0.085074 0.455633 88 88 88
0.151205 0.085148 0.456536 89 91 90
0.150901 0.084692 0.458174 87 89 88
0.150119 0.084766 0.459075 88 88 88
0.149337 0.084840 0.459976 89 89 89
0.148555 0.084915 0.460878 93 93 93
0.147773 0.084989 0.461779 88 88 88
0.146991 0.085064 0.462680 91 91 91
0.145716 0.085670 0.462863 93 93 93
0.144932 0.085745 0.463767 90 90 90
0.144148 0.085820 0.464670 91 91 91
0.143363 0.085894 0.465574 91 91 91
0.143081 0.085436 0.467187 91 91 91
0.142803 0.084977 0.468794 90 90 90
0.142024 0.085051 0.469693 93 93 93
0.141752 0.084591 0.471293 94 94 94
0.140975 0.084665 0.472189 94 94 94
0.140197 0.084739 0.473086 94 94 94
0.139934 0.084279 0.474676 94 94 94
0.139159 0.084352 0.475570 94 94 94
0.138383 0.084426 0.476464 95 95 95
0.137608 0.084500 0.477358 97 97 97
0.136832 0.084574 0.478251 95 95 95
0.182726 0.078860 0.432617 160 163 170
0.181961 0.078932 0.433498 160 164 167
0.181602 0.078478 0.435197 120 126 126
0.181248 0.078023 0.436890 58 61 66
0.180487 0.078096 0.437767 109 112 117
0.180139 0.077640 0.439453 154 158 161
0.179381 0.077712 0.440327 158 159 161
0.178623 0.077784 0.441201 166 167 169
0.177864 0.077856 0.442075 168 169 173
0.176685 0.078457 0.442149 171 172 176
0.175502 0.079058 0.442228 171 172 177
0.174314 0.079660 0.442313 168 172 175
0.173122 0.080262 0.442402 168 171 176
0.171925 0.080864 0.442496 173 176 181
0.170724 0.081467 0.442595 87 87 95
0.169519 0.082070 0.442699 63 63 73
0.168746 0.082144 0.443590 65 65 75
0.167534 0.082748 0.443702 60 58 69
0.166759 0.082821 0.444595 62 60 71
0.165983 0.082895 0.445489 58 58 66
0.164763 0.083500 0.445611 61 62 67
0.163985 0.083574 0.446507 61 62 66
0.163208 0.083648 0.447403 65 66 70
0.161979 0.084253 0.447535 69 70 72
0.161199 0.084327 0.448433 73 74 76
0.160419 0.084402 0.449332 78 79 81
0.159639 0.084476 0.450231 78 82 81
0.158860 0.084550 0.451130 83 85 84
0.158080 0.084624 0.452029 85 87 86
0.157300 0.084698 0.452927 86 88 87
0.156520 0.084772 0.453826 85 87 86
0.155740 0.084847 0.454725 85 87 86
0.154961 0.084921 0.455624 87 87 87
0.154181 0.084995 0.456523 87 87 87
0.153401 0.085069 0.457421 88 88 88
0.153098 0.084609 0.459055 88 90 87
0.152320 0.084683 0.459952 87 89 86
0.151543 0.084757 0.460848 89 89 87
0.150765 0.084831 0.461744 93 93 93
0.149987 0.084905 0.462641 89 89 89
0.149210 0.084979 0.463537 89 89 89
0.148432 0.085053 0.464433 91 91 91
0.147654 0.085127 0.465330 90 90 90
0.146877 0.085201 0.466226 91 91 91
0.146099 0.085275 0.467122 91 91 91
0.145321 0.085349 0.468019 92 92 92
0.145044 0.084887 0.469623 93 93 93
0.144269 0.084961 0.470517 90 90 90
0.143998 0.084498 0.472114 91 91 91
0.143225 0.084572 0.473005 93 93 93
0.142452 0.084645 0.473896 93 93 93
0.142190 0.084182 0.475483 94 94 94
0.141419 0.084255 0.476372 95 95 95
0.140647 0.084328 0.477261 95 95 95
0.139876 0.084402 0.478150 94 94 94
0.139105 0.084475 0.479039 96 96 96
0.182412 0.079969 0.433804 133 138 142
0.181647 0.080042 0.434685 155 160 163
0.181289 0.079584 0.436381 159 162 167
0.180936 0.079126 0.438071 155 159 162
0.180175 0.079199 0.438947 157 161 164
0.179828 0.078740 0.440630 153 157 158
0.179070 0.078812 0.441504 165 166 168
0.178312 0.078884 0.442378 173 174 178
0.177134 0.079488 0.442453 172 173 177
0.175951 0.080092 0.442533 168 169 173
0.174765 0.080697 0.442618 172 175 180
0.174000 0.080769 0.443500 133 138 144
0.172807 0.081374 0.443592 53 57 66
0.172040 0.081447 0.444476 63 65 77
0.170840 0.082053 0.444576 59 61 73
0.170071 0.082126 0.445462 54 54 64
0.168865 0.082732 0.445570 62 62 70
0.168094 0.082806 0.446458 55 55 63
0.167323 0.082879 0.447347 57 58 63
0.166552 0.082953 0.448236 58 62 65
0.165335 0.083560 0.448356 60 61 65
0.164562 0.083633 0.449247 65 66 70
0.163788 0.083707 0.450139 71 72 74
0.163015 0.083781 0.451030 73 74 76
0.162242 0.083854 0.451921 79 80 82
0.161468 0.083928 0.452813 79 83 84
0.160695 0.084001 0.453704 81 83 82
0.159922 0.084075 0.454595 83 85 84
0.159148 0.084148 0.455487 83 85 84
0.158375 0.084222 0.456378 82 84 83
0.157601 0.084296 0.457270 85 85 85
0.156828 0.084369 0.458161 87 87 87
0.156055 0.084443 0.459052 87 87 87
0.155755 0.083980 0.460680 86 86 86
0.154984 0.084053 0.461569 88 90 87
0.154213 0.084126 0.462458 89 91 88
0.153441 0.084200 0.463347 90 90 88
0.152670 0.084273 0.464236 90 90 90
0.151899 0.084347 0.465125 90 90 90
0.151128 0.084420 0.466014 90 90 90
0.150357 0.084493 0.466903 89 89 89
0.149585 0.084567 0.467791 91 91 91
0.148814 0.084640 0.468680 90 90 90
0.148043 0.084713 0.469569 90 90 90
0.147769 0.084248 0.471168 89 89 89
0.147000 0.084321 0.472054 90 90 90
0.146231 0.084394 0.472940 94 94 94
0.145462 0.084467 0.473827 94 94 94
0.145199 0.084001 0.475413 96 96 96
0.144432 0.084074 0.476297 97 97 97
0.143665 0.084147 0.477181 96 96 96
0.142898 0.084220 0.478065 96 96 96
0.142131 0.084293 0.478948 96 96 96
0.182462 0.081538 0.433292 73 73 83
0.182098 0.081078 0.434991 166 166 174
0.181739 0.080618 0.436685 158 161 166
0.180976 0.080690 0.437564 159 163 166
0.180624 0.080229 0.439251 159 163 166
0.179863 0.080302 0.440128 155 159 160
0.179103 0.080374 0.441004 155 159 160
0.178342 0.080446 0.441881 166 170 173
0.177582 0.080519 0.442757 165 169 172
0.176822 0.080591 0.443634 169 172 177
0.175638 0.081198 0.443717 60 64 73
0.174876 0.081271 0.444596 57 64 72
0.173686 0.081879 0.444687 54 61 69
0.172921 0.081951 0.445568 57 61 70
0.172157 0.082024 0.446450 51 55 64
0.170958 0.082633 0.446550 52 55 62
0.170191 0.082706 0.447434 54 57 64
0.169425 0.082779 0.448318 59 60 65
0.168658 0.082852 0.449202 58 62 65
0.167891 0.082925 0.450086 60 65 68
0.167124 0.082998 0.450970 62 66 67
0.165911 0.083608 0.451088 66 70 71
0.165142 0.083681 0.451974 71 72 74
0.164372 0.083754 0.452861 74 76 75
0.163603 0.083827 0.453747 77 79 78
0.162834 0.083900 0.454634 82 84 83
0.161608 0.084512 0.454767 85 87 86
0.161296 0.084047 0.456406 86 88 87
0.160527 0.084120 0.457293 84 86 85
0.160222 0.083654 0.458925 84 86 85
0.159455 0.083727 0.459809 85 87 86
0.159156 0.083261 0.461434 88 90 89
0.158391 0.083334 0.462315 85 87 86
0.157627 0.083406 0.463197 87 87 87
0.156862 0.083479 0.464078 87 87 87
0.156097 0.083552 0.464959 90 90 90
0.155332 0.083625 0.465841 89 89 89
0.154087 0.084238 0.465996 92 92 92
0.153320 0.084311 0.466880 92 92 92
0.152553 0.084384 0.467764 91 91 91
0.151786 0.084457 0.468648 90 90 90
0.151019 0.084530 0.469532 91 91 91
0.150252 0.084603 0.470416 89 89 89
0.149979 0.084134 0.472011 91 91 91
0.149214 0.084207 0.472892 89 89 89
0.148450 0.084279 0.473774 91 91 91
0.147685 0.084352 0.474655 93 93 93
0.146920 0.084425 0.475537 95 95 95
0.146660 0.083955 0.477117 97 97 97
0.145897 0.084028 0.477996 95 95 95
0.145135 0.084100 0.478875 95 95 95
0.144372 0.084173 0.479754 96 96 96
0.182549 0.082115 0.435297 75 75 85
0.182189 0.081652 0.436990 118 121 128
0.181426 0.081724 0.437869 196 199 206
0.181072 0.081260 0.439555 199 202 207
0.180312 0.081333 0.440432 178 179 183
0.179551 0.081405 0.441308 151 152 156
0.178791 0.081477 0.442185 183 184 189
0.178030 0.081550 0.443061 108 109 114
0.177270 0.081622 0.443937 63 62 70
0.176509 0.081694 0.444814 58 62 71
0.175749 0.081767 0.445690 54 58 67
0.174563 0.082377 0.445780 54 59 65
0.173800 0.082450 0.446659 51 56 62
0.173038 0.082522 0.447538 53 58 62
0.172275 0.082595 0.448416 55 58 63
0.171512 0.082667 0.449295 56 59 64
0.170750 0.082740 0.450174 59 62 67
0.169987 0.082812 0.451053 59 64 67
0.169225 0.082885 0.451932 62 68 68
0.168462 0.082957 0.452811 67 71 72
0.167700 0.083030 0.453690 69 73 74
0.166490 0.083643 0.453807 72 73 75
0.165725 0.083716 0.454688 78 80 79
0.164960 0.083788 0.455569 81 83 82
0.164195 0.083861 0.456451 83 85 84
0.163431 0.083934 0.457332 84 86 85
0.162666 0.084007 0.458214 85 87 86
0.162361 0.083538 0.459843 85 87 86
0.162061 0.083069 0.461467 85 87 86
0.161301 0.083141 0.462343 84 86 85
0.161007 0.082671 0.463960 84 86 85
0.160249 0.082744 0.464834 86 86 86
0.159491 0.082816 0.465708 86 86 86
0.158732 0.082888 0.466582 87 87 87
0.157974 0.082960 0.467456 90 90 90
0.157216 0.083032 0.468330 88 88 88
0.155978 0.083647 0.468478 90 90 90
0.155217 0.083720 0.469355 89 89 89
0.154457 0.083792 0.470231 90 90 90
0.153210 0.084408 0.470390 89 89 89
0.152448 0.084481 0.471269 91 91 91
0.152176 0.084009 0.472861 91 91 91
0.151415 0.084082 0.473737 89 89 89
0.150655 0.084154 0.474614 90 90 90
0.149894 0.084226 0.475490 93 93 93
0.149134 0.084299 0.476367 94 94 94
0.148373 0.084371 0.477243 95 95 95
0.148116 0.083898 0.478817 97 97 97
0.146853 0.084516 0.478996 95 95 95
0.183401 0.082613 0.436416 59 62 69
0.182638 0.082685 0.437295 57 60 69
0.182281 0.082219 0.438983 57 57 67
0.181520 0.082291 0.439859 54 54 62
0.181169 0.081824 0.441539 114 114 122
0.180411 0.081896 0.442413 92 91 99
0.179653 0.081968 0.443287 58 57 65
0.178895 0.082040 0.444161 64 61 72
0.178136 0.082112 0.445035 62 59 70
0.176958 0.082725 0.445118 56 56 64
0.176197 0.082797 0.445994 52 55 62
0.175437 0.082870 0.446871 51 56 62
0.175103 0.082401 0.448531 54 59 63
0.174345 0.082473 0.449405 53 58 62
0.173587 0.082545 0.450279 59 63 66
0.172828 0.082617 0.451153 59 63 66
0.172070 0.082689 0.452027 61 65 68
0.171312 0.082761 0.452901 61 66 69
0.170554 0.082834 0.453775 66 72 72
0.169795 0.082906 0.454649 70 74 75
0.169037 0.082978 0.455523 73 77 78
0.167833 0.083593 0.455635 77 81 82
0.167072 0.083665 0.456512 82 84 83
0.166312 0.083738 0.457388 82 84 83
0.165551 0.083810 0.458265 84 86 85
0.165246 0.083339 0.459893 83 85 84
0.164487 0.083411 0.460767 84 86 85
0.164188 0.082938 0.462388 85 87 86
0.163432 0.083010 0.463259 85 87 86
0.162676 0.083082 0.464131 84 86 85
0.162385 0.082609 0.465741 85 85 85
0.161631 0.082681 0.466610 88 88 88
0.161347 0.082207 0.468213 85 85 85
0.160595 0.082279 0.469080 90 90 90
0.159843 0.082350 0.469947 91 91 91
0.158615 0.082968 0.470086 94 94 94
0.157861 0.083040 0.470955 93 93 93
0.157107 0.083111 0.471824 90 90 90
0.155871 0.083730 0.471974 89 89 89
0.155115 0.083802 0.472845 92 92 92
0.153871 0.084421 0.473003 91 91 91
0.153113 0.084493 0.473877 91 91 91
0.152846 0.084017 0.475460 94 94 94
0.152090 0.084089 0.476331 95 95 95
0.151334 0.084161 0.477203 93 93 93
0.150578 0.084233 0.478074 94 94 94
0.150322 0.083757 0.479645 94 94 94
0.149568 0.083829 0.480514 95 95 95
0.183851 0.083646 0.436721 50 55 59
0.183490 0.083177 0.438410 56 59 68
0.183133 0.082707 0.440094 55 58 67
0.182375 0.082779 0.440968 61 64 71
0.181617 0.082852 0.441842 58 58 66
0.181269 0.082381 0.443517 57 57 65
0.180512 0.082453 0.444388 63 62 70
0.179756 0.082525 0.445260 59 57 68
0.179000 0.082597 0.446131 55 52 63
0.177825 0.083212 0.446212 53 53 61
0.177067 0.083284 0.447086 52 55 60
0.176732 0.082812 0.448746 56 59 64
0.175976 0.082884 0.449617 55 59 62
0.175220 0.082956 0.450489 55 60 63
0.174463 0.083028 0.451360 58 63 66
0.173707 0.083100 0.452232 62 66 69
0.172951 0.083172 0.453103 65 69 72
0.172195 0.083244 0.453975 68 74 74
0.171439 0.083316 0.454846 72 78 78
0.171123 0.082842 0.456483 75 79 80
0.170369 0.082914 0.457352 78 82 83
0.169615 0.082986 0.458221 80 84 83
0.168861 0.083057 0.459090 83 85 84
0.168107 0.083129 0.459959 82 84 83
0.167353 0.083201 0.460829 81 83 82
0.166600 0.083273 0.461698 83 85 84
0.166301 0.082797 0.463315 86 88 87
0.165549 0.082869 0.464181 85 87 86
0.164797 0.082940 0.465048 85 87 86
0.164508 0.082464 0.466655 84 84 84
0.163758 0.082535 0.467519 87 87 87
0.163008 0.082607 0.468383 88 88 88
0.162259 0.082678 0.469247 89 89 89
0.161980 0.082201 0.470842 87 87 87
0.161232 0.082272 0.471704 89 89 89
0.160485 0.082343 0.472565 91 91 91
0.159737 0.082414 0.473427 89 89 89
0.158990 0.082485 0.474289 90 90 90
0.157761 0.083106 0.474432 88 88 88
0.157011 0.083177 0.475296 92 92 92
0.155776 0.083799 0.475446 91 91 91
0.155024 0.083870 0.476313 94 94 94
0.154272 0.083942 0.477179 93 93 93
0.153520 0.084013 0.478046 91 91 91
0.152768 0.084085 0.478912 94 94 94
0.152513 0.083605 0.480480 93 93 93
0.183938 0.084208 0.438714 50 55 61
0.183983 0.083190 0.441205 51 56 62
0.183227 0.083262 0.442076 52 57 61
0.182877 0.082788 0.443750 54 59 63
0.182123 0.082860 0.444619 55 58 63
0.181369 0.082932 0.445488 59 62 67
0.180616 0.083004 0.446357 61 62 67
0.179862 0.083075 0.447226 61 61 69
0.178690 0.083694 0.447305 58 61 66
0.178354 0.083219 0.448964 58 62 65
0.177600 0.083290 0.449833 57 61 64
0.176846 0.083362 0.450702 59 63 66
0.176092 0.083434 0.451571 60 66 66
0.175338 0.083506 0.452440 63 69 69
0.175014 0.083030 0.454084 66 70 71
0.174263 0.083101 0.454950 70 74 75
0.173511 0.083173 0.455817 73 77 78
0.173196 0.082696 0.457450 78 82 83
0.172446 0.082767 0.458314 78 82 83
0.171697 0.082838 0.459178 81 85 84
0.170947 0.082910 0.460043 80 84 83
0.170197 0.082981 0.460907 81 83 82
0.169895 0.082503 0.462525 83 85 84
0.169148 0.082574 0.463387 83 85 84
0.168400 0.082645 0.464249 81 83 82
0.167653 0.082716 0.465110 83 85 84
0.166905 0.082787 0.465972 85 87 86
0.166158 0.082859 0.466833 85 87 86
0.165871 0.082379 0.468435 86 86 86
0.165126 0.082450 0.469294 86 86 86
0.164380 0.082521 0.470153 86 86 86
0.164102 0.082041 0.471745 87 87 87
0.163359 0.082111 0.472601 84 84 84
0.162616 0.082182 0.473458 89 89 89
0.161873 0.082253 0.474314 87 87 87
0.161130 0.082323 0.475171 88 88 88
0.160386 0.082394 0.476028 88 88 88
0.159643 0.082465 0.476884 87 87 87
0.158900 0.082536 0.477741 88 88 88
0.158157 0.082606 0.478597 91 91 91
0.156927 0.083230 0.478744 91 91 91
0.156182 0.083301 0.479603 94 94 94
0.155436 0.083372 0.480462 93 93 93
0.154691 0.083443 0.481321 94 94 94
0.184429 0.084215 0.441507 45 53 55
0.184076 0.083739 0.443182 50 58 60
0.183728 0.083262 0.444852 54 59 62
0.182976 0.083334 0.445719 53 58 61
0.182224 0.083405 0.446585 58 63 66
0.181472 0.083477 0.447452 57 62 65
0.180720 0.083548 0.448318 59 63 66
0.179969 0.083620 0.449185 60 64 67
0.179217 0.083691 0.450051 63 67 70
0.178465 0.083763 0.450918 63 69 69
0.178136 0.083284 0.452566 65 71 71
0.177386 0.083355 0.453430 65 71 71
0.176637 0.083427 0.454294 69 73 74
0.176316 0.082947 0.455932 75 79 80
0.175569 0.083019 0.456793 77 81 82
0.174821 0.083090 0.457655 77 81 80
0.174510 0.082609 0.459283 80 84 83
0.173764 0.082680 0.460142 78 82 81
0.173019 0.082751 0.461001 79 83 82
0.172273 0.082822 0.461860 81 83 82
0.171528 0.082893 0.462719 82 84 83
0.171229 0.082412 0.464332 83 85 84
0.170486 0.082482 0.465189 82 84 83
0.169743 0.082553 0.466045 85 87 86
0.169000 0.082624 0.466902 83 85 84
0.168257 0.082694 0.467759 83 85 84
0.167513 0.082765 0.468615 84 84 84
0.167230 0.082282 0.470211 85 85 85
0.166489 0.082353 0.471065 87 87 87
0.165748 0.082423 0.471919 87 87 87
0.165472 0.081940 0.473505 86 86 86
0.164734 0.082010 0.474357 85 85 85
0.163995 0.082080 0.475208 86 86 86
0.163256 0.082151 0.476060 87 87 87
0.162517 0.082221 0.476912 88 88 88
0.161778 0.082291 0.477763 88 88 88
0.161518 0.081806 0.479332 90 90 90
0.160300 0.082432 0.479466 88 88 88
0.159561 0.082502 0.480318 90 90 90
0.158822 0.082572 0.481170 92 92 92
0.158084 0.082643 0.482021 94 94 94
0.185325 0.083658 0.445089 49 54 57
0.184575 0.083730 0.445953 54 59 62
0.184232 0.083250 0.447615 58 63 66
0.183485 0.083321 0.448476 58 63 66
0.182737 0.083392 0.449338 60 65 68
0.182403 0.082911 0.450990 61 66 69
0.180827 0.084086 0.450273 64 69 72
0.180495 0.083605 0.451923 63 69 69
0.180166 0.083123 0.453567 67 73 73
0.179421 0.083194 0.454426 70 76 76
0.178676 0.083265 0.455285 73 79 79
0.178356 0.082783 0.456920 75 79 80
0.177613 0.082853 0.457777 77 81 82
0.176870 0.082924 0.458633 79 83 84
0.176559 0.082441 0.460258 83 85 84
0.175818 0.082511 0.461112 82 84 83
0.175077 0.082582 0.461966 83 85 84
0.174775 0.082098 0.463581 83 85 84
0.174036 0.082168 0.464432 84 86 85
0.173297 0.082238 0.465284 83 85 84
0.172558 0.082309 0.466136 82 84 83
0.171819 0.082379 0.466987 82 84 83
0.171080 0.082449 0.467839 83 85 84
0.170341 0.082520 0.468691 84 86 85
0.169603 0.082590 0.469542 84 84 84
0.168864 0.082660 0.470394 85 85 85
0.168125 0.082730 0.471245 86 86 86
0.167846 0.082244 0.472833 84 84 84
0.167110 0.082314 0.473682 84 84 84
0.166373 0.082384 0.474531 87 87 87
0.166103 0.081897 0.476109 87 87 87
0.165368 0.081967 0.476955 89 89 89
0.164634 0.082037 0.477802 88 88 88
0.163899 0.082107 0.478649 88 88 88
0.163640 0.081618 0.480214 88 88 88
0.162908 0.081688 0.481058 89 89 89
0.162175 0.081758 0.481902 89 89 89
0.161443 0.081827 0.482746 92 92 92
0.187713 0.082942 0.446938 51 55 58
0.186970 0.083012 0.447794 54 58 61
0.185823 0.083637 0.447852 55 60 63
0.185078 0.083708 0.448711 59 64 67
0.184740 0.083225 0.450364 60 65 68
0.184406 0.082740 0.452013 62 67 70
0.183665 0.082811 0.452867 64 69 72
0.182924 0.082881 0.453721 63 72 71
0.182183 0.082952 0.454575 68 77 76
0.181860 0.082467 0.456211 69 78 77
0.181122 0.082537 0.457063 76 82 82
0.180383 0.082607 0.457915 78 84 82
0.179644 0.082678 0.458766 81 85 86
0.179332 0.082191 0.460390 81 85 86
0.178595 0.082261 0.461239 82 83 85
0.177858 0.082332 0.462088 85 87 86
0.177121 0.082402 0.462938 83 85 84
0.176820 0.081914 0.464549 84 86 85
0.176086 0.081984 0.465396 85 87 86
0.175351 0.082054 0.466242 86 88 87
0.174616 0.082124 0.467089 82 84 83
0.173882 0.082194 0.467936 85 87 86
0.173147 0.082264 0.468782 86 88 87
0.172413 0.082334 0.469629 85 87 86
0.171678 0.082404 0.470476 86 86 86
0.170943 0.082473 0.471322 86 86 86
0.170209 0.082543 0.472169 87 87 87
0.169474 0.082613 0.473016 85 85 85
0.169199 0.082124 0.474597 82 82 82
0.168466 0.082193 0.475441 86 86 86
0.167734 0.082263 0.476286 87 87 87
0.167467 0.081772 0.477857 86 86 86
0.166737 0.081842 0.478699 87 87 87
0.166007 0.081911 0.479541 87 87 87
0.165276 0.081981 0.480382 88 88 88
0.164546 0.082050 0.481224 88 88 88
0.163816 0.082120 0.482066 89 89 89
0.187808 0.083463 0.448893 56 61 64
0.187468 0.082976 0.450545 58 63 66
0.186326 0.083604 0.450601 60 66 66
0.185991 0.083117 0.452249 62 68 68
0.185660 0.082629 0.453891 68 74 74
0.184923 0.082699 0.454741 69 75 75
0.184599 0.082211 0.456376 71 77 77
0.183865 0.082281 0.457223 72 78 78
0.183130 0.082351 0.458069 76 82 82
0.182395 0.082421 0.458916 81 85 84
0.181661 0.082491 0.459763 80 84 83
0.181350 0.082001 0.461383 85 87 86
0.180617 0.082071 0.462227 82 84 83
0.180312 0.081581 0.463840 88 90 89
0.179582 0.081651 0.464682 85 87 86
0.178852 0.081720 0.465524 86 88 87
0.178122 0.081790 0.466365 88 90 89
0.177391 0.081859 0.467207 86 88 87
0.176661 0.081929 0.468049 85 87 86
0.175931 0.081998 0.468890 85 87 86
0.175200 0.082068 0.469732 87 89 88
0.174470 0.082137 0.470574 85 87 86
0.173740 0.082206 0.471415 85 87 86
0.173010 0.082276 0.472257 84 86 85
0.172279 0.082345 0.473099 86 88 87
0.171549 0.082415 0.473941 83 85 84
0.171274 0.081922 0.475519 86 88 87
0.170546 0.081991 0.476358 84 86 85
0.169818 0.082061 0.477197 89 89 89
0.169090 0.082130 0.478036 87 87 87
0.168362 0.082199 0.478876 87 87 87
0.168100 0.081705 0.480439 88 88 88
0.167374 0.081774 0.481276 89 89 89
0.166648 0.081843 0.482112 89 89 89
0.165922 0.081912 0.482949 90 90 90
0.189440 0.082788 0.451589 59 64 67
0.189106 0.082298 0.453234 60 65 68
0.188373 0.082367 0.454078 62 68 68
0.187315 0.081946 0.456557 71 77 75
0.186585 0.082015 0.457398 72 78 76
0.185855 0.082085 0.458240 77 81 82
0.185125 0.082154 0.459082 81 85 84
0.184394 0.082224 0.459924 77 81 80
0.183664 0.082293 0.460765 80 84 83
0.183354 0.081801 0.462382 83 87 86
0.182626 0.081870 0.463222 84 86 85
0.181897 0.081939 0.464061 83 85 84
0.181596 0.081446 0.465668 87 89 88
0.180870 0.081515 0.466505 83 85 84
0.180144 0.081584 0.467341 85 87 86
0.179418 0.081653 0.468178 85 87 86
0.178692 0.081722 0.469015 86 88 87
0.177966 0.081791 0.469852 86 88 87
0.177240 0.081860 0.470688 87 89 88
0.176514 0.081929 0.471525 87 89 88
0.175788 0.081998 0.472362 84 86 85
0.175062 0.082068 0.473199 85 87 86
0.174336 0.082137 0.474035 87 89 88
0.173610 0.082206 0.474872 87 89 88
0.172884 0.082275 0.475709 87 89 88
0.172613 0.081779 0.477281 86 88 87
0.171889 0.081847 0.478115 85 87 86
0.171165 0.081916 0.478950 87 87 87
0.170441 0.081985 0.479784 89 89 89
0.169717 0.082054 0.480618 88 88 88
0.169459 0.081557 0.482176 89 89 89
0.168737 0.081625 0.483007 88 88 88
0.168015 0.081694 0.483839 89 89 89
0.190336 0.082164 0.455120 62 68 68
0.189608 0.082234 0.455960 69 73 74
0.188880 0.082303 0.456799 71 75 76
0.188152 0.082372 0.457638 75 79 78
0.187831 0.081878 0.459264 76 80 79
0.187106 0.081947 0.460101 79 83 82
0.186380 0.082016 0.460938 84 88 87
0.185654 0.082085 0.461774 81 85 84
0.185344 0.081589 0.463388 85 87 86
0.184620 0.081658 0.464222 84 86 85
0.183897 0.081727 0.465057 85 87 86
0.183173 0.081796 0.465891 82 84 83
0.182874 0.081299 0.467492 84 86 85
0.182152 0.081368 0.468324 84 86 85
0.181431 0.081436 0.469156 86 88 87
0.181141 0.080939 0.470747 84 86 85
0.180421 0.081007 0.471577 85 87 86
0.179702 0.081076 0.472406 85 87 86
0.178982 0.081144 0.473235 87 89 88
0.178263 0.081213 0.474064 85 87 86
0.177543 0.081281 0.474894 84 86 85
0.176824 0.081350 0.475723 85 87 86
0.176104 0.081418 0.476552 87 89 88
0.175385 0.081487 0.477382 85 87 86
0.174665 0.081555 0.478211 88 90 89
0.173946 0.081623 0.479040 87 89 88
0.173226 0.081692 0.479869 89 91 90
0.172507 0.081760 0.480699 89 89 89
0.171787 0.081829 0.481528 89 89 89
0.171068 0.081897 0.482357 88 90 89
0.170812 0.081397 0.483909 89 91 90
0.190765 0.083151 0.455411 68 72 73
0.190437 0.082654 0.457044 72 76 77
0.189711 0.082723 0.457881 77 81 80
0.189390 0.082226 0.459506 81 83 82
0.188666 0.082295 0.460341 84 86 85
0.187942 0.082364 0.461175 83 85 84
0.187629 0.081865 0.462790 84 86 85
0.186908 0.081934 0.463622 83 85 84
0.186601 0.081435 0.465230 82 84 83
0.185882 0.081504 0.466059 82 84 83
0.185582 0.081004 0.467660 85 87 86
0.184865 0.081072 0.468486 83 85 84
0.184147 0.081141 0.469313 87 89 88
0.183430 0.081209 0.470140 85 87 86
0.183141 0.080708 0.471728 84 86 85
0.182426 0.080776 0.472552 87 89 88
0.181710 0.080844 0.473377 85 87 86
0.180995 0.080912 0.474201 86 88 87
0.180280 0.080980 0.475025 87 89 88
0.179565 0.081048 0.475850 86 88 87
0.178850 0.081116 0.476674 88 90 89
0.178134 0.081184 0.477498 86 88 87
0.177419 0.081253 0.478323 86 88 87
0.176704 0.081321 0.479147 87 89 88
0.175989 0.081389 0.479971 85 87 86
0.175274 0.081457 0.480796 89 91 90
0.174558 0.081525 0.481620 89 91 90
0.173843 0.081593 0.482444 89 89 89
0.173128 0.081661 0.483269 91 91 91
0.172413 0.081729 0.484093 89 91 90
0.191264 0.083069 0.458127 80 84 85
0.190942 0.082569 0.459752 82 84 83
0.190220 0.082638 0.460583 82 84 83
0.189498 0.082706 0.461415 87 89 88
0.189184 0.082205 0.463030 85 87 86
0.188874 0.081703 0.464639 81 83 82
0.188157 0.081772 0.465466 83 85 84
0.187854 0.081269 0.467068 86 88 87
0.187554 0.080767 0.468665 85 87 86
0.186841 0.080835 0.469487 86 88 87
0.186549 0.080331 0.471077 84 86 85
0.185838 0.080399 0.471896 86 88 87
0.185127 0.080467 0.472715 84 86 85
0.184416 0.080534 0.473535 86 88 87
0.183276 0.081174 0.473596 86 88 87
0.182994 0.080669 0.475173 86 88 87
0.182284 0.080737 0.475993 86 88 87
0.181573 0.080805 0.476812 86 88 87
0.180424 0.081445 0.476884 86 88 87
0.179711 0.081513 0.477705 87 89 88
0.178998 0.081581 0.478527 86 88 87
0.178285 0.081649 0.479349 87 89 88
0.177572 0.081716 0.480171 88 90 89
0.176859 0.081784 0.480993 85 87 86
0.176146 0.081852 0.481815 86 88 87
0.175433 0.081920 0.482636 89 91 90
0.174720 0.081988 0.483458 89 89 89
0.174007 0.082056 0.484280 89 89 89
0.192486 0.082907 0.460000 83 85 84
0.191767 0.082975 0.460829 83 85 84
0.191449 0.082471 0.462445 80 82 81
0.190732 0.082539 0.463272 84 86 85
0.190421 0.082035 0.464881 80 82 81
0.189706 0.082103 0.465705 86 88 87
0.189401 0.081598 0.467306 87 89 88
0.188688 0.081665 0.468128 84 86 85
0.188390 0.081160 0.469722 83 85 84
0.187679 0.081227 0.470541 83 85 84
0.186968 0.081295 0.471361 85 87 86
0.186257 0.081363 0.472180 86 88 87
0.185970 0.080856 0.473762 84 86 85
0.185261 0.080923 0.474578 86 88 87
0.184552 0.080991 0.475395 87 89 88
0.183843 0.081058 0.476212 87 89 88
0.183135 0.081125 0.477029 87 89 88
0.182426 0.081193 0.477846 87 89 88
0.181717 0.081260 0.478663 86 88 87
0.181009 0.081328 0.479480 86 88 87
0.180300 0.081395 0.480297 87 89 88
0.179591 0.081463 0.481113 86 88 87
0.178882 0.081530 0.481930 87 89 88
0.178174 0.081597 0.482747 88 90 89
0.177465 0.081665 0.483564 88 90 89
0.176756 0.081732 0.484381 91 93 92
0.176047 0.081800 0.485198 90 90 90
0.192911 0.083882 0.460288 81 83 82
0.192590 0.083375 0.461905 83 85 84
0.192273 0.082868 0.463518 81 83 82
0.191961 0.082361 0.465126 81 83 82
0.191248 0.082429 0.465948 87 89 88
0.190942 0.081920 0.467548 87 89 88
0.190231 0.081988 0.468368 86 88 87
0.189931 0.081479 0.469960 82 84 83
0.189223 0.081547 0.470777 83 85 84
0.188930 0.081037 0.472363 83 85 84
0.188223 0.081105 0.473177 85 87 86
0.187516 0.081172 0.473992 84 85 87
0.186810 0.081239 0.474806 82 84 83
0.186528 0.080729 0.476379 84 86 85
0.185823 0.080796 0.477191 86 88 87
0.185119 0.080863 0.478003 86 88 87
0.184414 0.080930 0.478815 86 88 87
0.183710 0.080997 0.479627 86 88 87
0.183005 0.081064 0.480439 86 88 87
0.182301 0.081131 0.481251 87 89 88
0.181597 0.081198 0.482062 88 90 89
0.180892 0.081265 0.482874 87 89 88
0.180188 0.081332 0.483686 85 87 86
0.179483 0.081399 0.484498 87 89 88
0.178779 0.081466 0.485310 88 90 89
0.193410 0.083770 0.462980 83 85 84
0.193094 0.083259 0.464589 81 83 82
0.192783 0.082749 0.466194 81 83 82
0.192072 0.082816 0.467013 83 85 84
0.191767 0.082305 0.468610 84 86 85
0.191466 0.081794 0.470202 84 86 85
0.191169 0.081282 0.471789 86 88 87
0.190465 0.081349 0.472601 83 85 84
0.190175 0.080836 0.474181 85 86 88
0.189473 0.080903 0.474990 86 87 89
0.189189 0.080389 0.476562 86 87 89
0.188489 0.080456 0.477369 84 86 85
0.187789 0.080523 0.478176 84 86 85
0.187089 0.080589 0.478983 86 88 87
0.186389 0.080656 0.479790 86 88 87
0.185689 0.080722 0.480597 86 88 87
0.184989 0.080789 0.481404 86 88 87
0.184288 0.080856 0.482211 88 90 89
0.183588 0.080922 0.483018 87 89 88
0.182888 0.080989 0.483825 87 89 88
0.182188 0.081055 0.484632 85 87 86
0.181488 0.081122 0.485439 85 87 86
0.180788 0.081189 0.486246 88 90 89
0.193913 0.083645 0.465658 82 84 83
0.193602 0.083131 0.467260 86 88 87
0.193296 0.082617 0.468856 84 86 85
0.193398 0.081521 0.471224 86 88 87
0.192696 0.081587 0.472033 84 86 85
0.192403 0.081072 0.473614 86 88 87
0.192113 0.080556 0.475191 83 85 84
0.191416 0.080623 0.475995 83 85 84
0.191133 0.080106 0.477564 84 86 85
0.190437 0.080172 0.478366 82 84 83
0.189741 0.080239 0.479168 86 88 87
0.189045 0.080305 0.479970 82 84 83
0.188350 0.080371 0.480772 89 91 90
0.187654 0.080437 0.481574 85 87 86
0.187386 0.079919 0.483125 84 86 85
0.186262 0.080570 0.483178 86 88 87
0.185566 0.080636 0.483980 88 90 89
0.184871 0.080702 0.484782 87 89 88
0.184175 0.080768 0.485584 85 89 88
0.183479 0.080834 0.486386 84 88 87
0.194216 0.081888 0.472280 83 85 84
0.193921 0.081370 0.473861 83 85 84
0.193631 0.080851 0.475436 85 87 86
0.193345 0.080332 0.477007 85 87 86
0.192651 0.080398 0.477806 85 87 86
0.192371 0.079878 0.479369 85 87 86
0.191680 0.079944 0.480166 84 86 85
0.190988 0.080010 0.480963 84 86 85
0.190297 0.080075 0.481760 84 86 85
0.189605 0.080141 0.482557 84 86 85
0.188914 0.080207 0.483354 85 87 86
0.188222 0.080273 0.484151 87 89 88
0.187531 0.080339 0.484948 86 88 87
0.186839 0.080404 0.485745 87 89 88
0.186148 0.080470 0.486542 87 89 88
0.196528 0.081008 0.474086 86 88 87
0.195835 0.081074 0.474886 83 85 84
0.195545 0.080552 0.476458 83 85 84
0.194854 0.080618 0.477255 83 85 84
0.194571 0.080096 0.478819 84 86 85
0.193881 0.080161 0.479614 85 87 86
0.193192 0.080227 0.480408 86 88 87
0.192917 0.079703 0.481963 83 85 84
0.192230 0.079769 0.482755 84 86 85
0.191543 0.079834 0.483547 85 87 86
0.190856 0.079900 0.484339 83 85 84
0.190169 0.079965 0.485131 86 88 87
0.189482 0.080030 0.485923 88 90 89
0.188794 0.080096 0.486715 85 87 86
0.188107 0.080161 0.487507 85 87 86
0.196759 0.080308 0.478278 83 85 84
0.196477 0.079783 0.479839 81 83 82
0.195791 0.079848 0.480628 82 84 83
0.195106 0.079913 0.481418 83 85 84
0.194421 0.079978 0.482208 84 86 85
0.193736 0.080043 0.482997 82 84 83
0.193051 0.080108 0.483787 82 84 83
0.192784 0.079581 0.485331 82 84 83
0.191681 0.080239 0.485366 83 85 84
0.190996 0.080304 0.486155 85 87 86
0.190311 0.080369 0.486945 87 89 88
0.189626 0.080434 0.487734 84 86 85
0.198251 0.080581 0.478534 84 86 85
0.197967 0.080052 0.480094 84 86 85
0.197688 0.079523 0.481650 83 85 84
0.197007 0.079588 0.482434 85 87 86
0.196327 0.079653 0.483219 84 86 85
0.195646 0.079718 0.484003 84 86 85
0.194965 0.079782 0.484788 84 86 85
0.194284 0.079847 0.485572 85 87 86
0.193604 0.079912 0.486357 84 86 85
0.192923 0.079977 0.487142 83 85 84
0.192242 0.080041 0.487926 86 88 87
0.199171 0.079785 0.481907 84 86 85
0.198492 0.079849 0.482689 85 87 86
0.197813 0.079914 0.483471 84 86 85
0.197135 0.079978 0.484253 83 85 84
0.196456 0.080043 0.485035 83 85 84
0.195778 0.080108 0.485818 84 86 85
0.195099 0.080172 0.486600 82 84 83
0.194836 0.079639 0.488134 83 85 84
0.200646 0.080041 0.482168 84 86 85
0.199970 0.080105 0.482947 86 88 87
0.199293 0.080169 0.483727 86 88 87
0.199020 0.079634 0.485271 83 85 84
0.198346 0.079698 0.486048 84 86 85
0.197672 0.079762 0.486825 85 87 86
0.196998 0.079826 0.487602 86 88 87
0.196323 0.079891 0.488379 84 86 85
0.200766 0.080420 0.483986 85 87 86
0.200492 0.079881 0.485529 85 87 86
0.199820 0.079945 0.486304 86 88 87
0.199148 0.080009 0.487078 86 88 87
0.198882 0.079470 0.488611 86 88 87
0.198212 0.079533 0.489384 85 87 86
0.201957 0.080123 0.485791 84 84 84
0.201287 0.080187 0.486563 86 86 86
0.201018 0.079645 0.488097 85 87 86
0.200350 0.079708 0.488867 87 89 88
0.203538 0.079206 0.488358 87 87 87
0.202875 0.079269 0.489123 86 86 86
0.201811 0.079941 0.489126 85 87 86
0.201146 0.080005 0.489893 87 89 88
0.157727 0.052785 0.417707 228 230 229
0.156227 0.053029 0.416222 192 193 195
0.153833 0.053143 0.415222 149 153 154
0.151443 0.053254 0.414234 120 124 123
0.154818 0.051663 0.433076 177 177 179
0.154223 0.052033 0.431138 234 234 236
0.152726 0.052274 0.429660 202 202 202
0.152131 0.052644 0.427725 174 174 174
0.153337 0.053276 0.424861 199 202 195
0.153639 0.053778 0.422452 171 174 167
0.153940 0.054282 0.420037 201 200 198
0.152445 0.054522 0.418565 190 188 189
0.151847 0.054893 0.416621 118 118 118
0.148564 0.054863 0.416118 121 121 119
0.147075 0.055098 0.414666 155 156 151
0.144694 0.055197 0.413707 191 190 185
0.144103 0.055565 0.411782 232 234 231
0.144402 0.056070 0.409364 250 250 248
0.143810 0.056438 0.407435 247 243 242
0.143217 0.056807 0.405507 209 205 204
0.161545 0.052833 0.439070 248 248 250
0.160038 0.053076 0.437560 255 254 255
0.157628 0.053188 0.436502 195 194 199
0.155222 0.053297 0.435456 151 150 155
0.153723 0.053535 0.433970 151 151 153
0.152226 0.053773 0.432491 209 210 212
0.150731 0.054009 0.431017 232 234 233
0.150138 0.054378 0.429089 150 152 151
0.150445 0.054881 0.426696 230 229 224
0.151649 0.055519 0.423830 205 204 199
0.151054 0.055890 0.421893 124 123 119
0.150458 0.056260 0.419955 144 143 139
0.149863 0.056631 0.418017 213 213 211
0.147477 0.056727 0.417038 236 234 235
0.145989 0.056958 0.415589 202 198 199
0.144503 0.057189 0.414146 134 125 128
0.143912 0.057557 0.412221 186 186 184
0.143320 0.057925 0.410296 185 187 184
0.143619 0.058433 0.407875 190 190 188
0.143026 0.058802 0.405947 194 193 191
0.142433 0.059171 0.404018 76 76 74
0.163767 0.054744 0.440596 163 164 169
0.161351 0.054853 0.439515 181 182 187
0.158939 0.054960 0.438447 172 173 178
0.157435 0.055198 0.436945 173 174 179
0.155030 0.055301 0.435898 170 171 176
0.152628 0.055402 0.434863 173 177 180
0.151132 0.055635 0.433386 201 205 208
0.149638 0.055868 0.431915 229 233 234
0.147246 0.055962 0.430910 246 250 251
0.146656 0.056329 0.428991 247 254 247
0.146964 0.056834 0.426605 216 221 215
0.147271 0.057340 0.424213 192 191 187
0.146680 0.057708 0.422288 188 184 181
0.146088 0.058076 0.420362 67 63 60
0.144601 0.058304 0.418915 56 55 53
0.144011 0.058672 0.416993 81 79 80
0.143420 0.059039 0.415071 126 124 127
0.142829 0.059407 0.413148 198 197 195
0.142238 0.059774 0.411226 193 194 189
0.142537 0.060285 0.408810 180 179 175
0.141946 0.060653 0.406884 189 188 184
0.142242 0.061165 0.404459 74 74 72
0.187228 0.058852 0.436691 80 80 82
0.173871 0.057363 0.440668 85 84 89
0.169626 0.057204 0.440408 81 82 86
0.163573 0.056771 0.441043 177 180 185
0.161158 0.056874 0.439961 175 175 183
0.158746 0.056974 0.438891 188 188 196
0.157243 0.057209 0.437389 186 186 194
0.153934 0.057168 0.436788 178 178 186
0.151534 0.057261 0.435754 177 177 185
0.150039 0.057491 0.434280 176 179 184
0.147645 0.057581 0.433268 175 178 183
0.146155 0.057808 0.431808 177 180 185
0.145566 0.058174 0.429892 183 185 184
0.144978 0.058540 0.427975 187 189 186
0.145286 0.059048 0.425590 192 193 188
0.144696 0.059415 0.423671 196 195 191
0.145002 0.059925 0.421276 176 175 170
0.143516 0.060149 0.419832 152 151 147
0.142033 0.060372 0.418394 100 96 93
0.141444 0.060739 0.416478 64 58 58
0.141747 0.061250 0.414074 62 53 54
0.141157 0.061617 0.412155 70 65 62
0.141457 0.062130 0.409742 115 111 108
0.141755 0.062645 0.407323 188 187 183
0.141163 0.063013 0.405398 75 75 73
0.182476 0.060271 0.439282 79 79 81
0.172765 0.059284 0.441551 81 82 86
0.167614 0.058974 0.441723 79 80 84
0.163379 0.058797 0.441490 169 172 177
0.160964 0.058894 0.440407 63 60 69
0.158553 0.058988 0.439335 57 51 61
0.156146 0.059080 0.438276 54 48 58
0.153742 0.059169 0.437229 52 49 58
0.150440 0.059115 0.436644 62 59 68
0.149848 0.059483 0.434719 87 84 93
0.146554 0.059424 0.434162 123 122 128
0.145066 0.059647 0.432704 183 182 188
0.143579 0.059869 0.431253 182 182 184
0.142992 0.060234 0.429343 197 195 196
0.142405 0.060599 0.427433 75 66 67
0.142714 0.061110 0.425051 74 62 62
0.143021 0.061622 0.422664 62 52 50
0.142432 0.061988 0.420747 60 52 49
0.141843 0.062355 0.418831 55 47 44
0.141254 0.062721 0.416915 60 52 49
0.140665 0.063087 0.414999 64 52 52
0.140967 0.063603 0.412593 62 52 51
0.140377 0.063969 0.410673 103 98 95
0.141564 0.064637 0.407763 187 186 182
0.140972 0.065005 0.405837 81 81 79
0.178637 0.061798 0.441442 85 85 87
0.171659 0.061198 0.442432 82 83 87
0.166510 0.060872 0.442604 82 86 89
0.163185 0.060824 0.441937 172 175 180
0.160770 0.060914 0.440852 73 68 75
0.158360 0.061002 0.439780 52 45 53
0.155954 0.061087 0.438719 55 47 58
0.153551 0.061170 0.437671 47 42 49
0.151152 0.061251 0.436635 52 47 54
0.149658 0.061475 0.435158 50 47 54
0.146365 0.061406 0.434599 60 57 64
0.143977 0.061480 0.433599 185 183 188
0.141593 0.061551 0.432612 184 183 181
0.141007 0.061915 0.430708 197 191 191
0.140422 0.062279 0.428804 53 43 42
0.140733 0.062792 0.426429 57 45 45
0.141041 0.063306 0.424048 54 42 42
0.141348 0.063821 0.421661 52 42 41
0.140760 0.064187 0.419748 53 43 42
0.140172 0.064552 0.417835 55 45 44
0.140475 0.065070 0.415436 58 48 49
0.139886 0.065436 0.413520 62 57 54
0.140187 0.065955 0.411111 80 79 75
0.141373 0.066628 0.408202 181 182 177
0.140782 0.066996 0.406277 89 89 87
0.175710 0.063442 0.443172 80 80 82
0.167829 0.062675 0.444594 87 88 92
0.165408 0.062764 0.443483 88 92 95
0.162084 0.062705 0.442818 175 179 182
0.160577 0.062934 0.441298 88 87 92
0.159072 0.063161 0.439785 47 45 50
0.155761 0.063095 0.439162 93 92 97
0.153359 0.063172 0.438112 167 166 171
0.150960 0.063246 0.437075 44 43 48
0.149467 0.063467 0.435598 177 178 182
0.146175 0.063388 0.435036 49 50 54
0.142888 0.063307 0.434493 182 183 185
0.141404 0.063521 0.433046 177 180 173
0.139921 0.063735 0.431606 191 191 183
0.139337 0.064098 0.429705 47 39 36
0.139648 0.064613 0.427334 54 44 43
0.139958 0.065130 0.424957 52 43 44
0.140265 0.065647 0.422574 48 42 42
0.140571 0.066166 0.420185 52 48 47
0.139983 0.066531 0.418272 75 71 68
0.140285 0.067052 0.415873 128 122 122
0.139697 0.067418 0.413957 86 85 83
0.139997 0.067940 0.411550 66 71 65
0.141183 0.068620 0.408642 179 184 180
0.141478 0.069145 0.406219 103 105 102
0.165817 0.064421 0.445896 84 85 89
0.163398 0.064502 0.444790 86 87 91
0.162796 0.064876 0.442831 174 175 180
0.160383 0.064954 0.441744 121 122 126
0.158879 0.065178 0.440230 45 44 49
0.156472 0.065252 0.439163 74 73 79
0.153167 0.065173 0.438554 172 169 176
0.150769 0.065241 0.437515 41 38 47
0.149276 0.065458 0.436037 179 179 187
0.145985 0.065371 0.435474 43 46 51
0.143598 0.065432 0.434471 178 183 187
0.141215 0.065491 0.433481 174 179 175
0.138836 0.065547 0.432503 189 186 181
0.138253 0.065910 0.430605 51 46 43
0.138564 0.066428 0.428238 91 87 86
0.138874 0.066947 0.425865 169 169 169
0.140076 0.067623 0.423010 193 194 189
0.140381 0.068145 0.420621 184 185 180
0.139793 0.068511 0.418708 179 184 178
0.140096 0.069034 0.416311 183 185 180
0.140396 0.069559 0.413907 116 116 114
0.140695 0.070085 0.411497 56 58 55
0.140992 0.070612 0.409081 185 187 186
0.141287 0.071140 0.406659 122 120 121
0.142466 0.071830 0.403731 85 83 84
0.164111 0.066679 0.444809 88 89 93
0.162602 0.066903 0.443279 164 165 170
0.161095 0.067126 0.441755 142 140 145
0.158686 0.067195 0.440675 46 44 49
0.156280 0.067263 0.439607 55 54 59
0.153878 0.067327 0.438551 176 179 184
0.150578 0.067236 0.437955 42 45 50
0.149085 0.067450 0.436477 51 54 59
0.145795 0.067353 0.435911 48 51 56
0.142510 0.067252 0.435363 174 175 180
0.141026 0.067461 0.433915 165 171 169
0.138648 0.067511 0.432936 188 189 184
0.138065 0.067874 0.431038 62 58 55
0.138376 0.068395 0.428672 104 102 103
0.138686 0.068917 0.426299 185 185 185
0.139887 0.069599 0.423446 192 191 187
0.140192 0.070124 0.421058 195 194 189
0.140495 0.070650 0.418664 158 158 156
0.139906 0.071017 0.416748 188 189 184
0.140206 0.071544 0.414345 136 135 133
0.141393 0.072236 0.411446 57 57 57
0.141688 0.072766 0.409028 187 189 188
0.141982 0.073298 0.406603 141 140 138
0.142274 0.073831 0.404173 83 81 82
0.214211 0.087684 0.361078 78 82 83
0.229150 0.077646 0.424403 83 83 85
0.163314 0.069084 0.443294 154 157 162
0.160901 0.069149 0.442201 161 159 164
0.159396 0.069368 0.440682 58 56 61
0.156990 0.069429 0.439610 167 165 170
0.153686 0.069332 0.438993 67 65 70
0.150387 0.069231 0.438395 41 39 44
0.148894 0.069442 0.436916 89 88 93
0.145605 0.069335 0.436348 41 40 45
0.142321 0.069225 0.435799 161 162 166
0.140838 0.069430 0.434350 166 175 172
0.138460 0.069474 0.433369 184 186 181
0.137877 0.069837 0.431471 71 67 64
0.138188 0.070361 0.429105 92 90 91
0.138497 0.070886 0.426734 186 184 185
0.139697 0.071575 0.423882 71 67 64
0.140002 0.072103 0.421495 66 61 57
0.140305 0.072632 0.419102 55 51 50
0.140606 0.073163 0.416702 198 194 191
0.140905 0.073695 0.414297 155 150 147
0.141202 0.074227 0.411885 59 58 56
0.142384 0.074927 0.408976 187 189 186
0.142677 0.075463 0.406549 156 155 153
0.142967 0.076000 0.404116 87 86 84
0.202500 0.087766 0.368093 77 81 80
0.201841 0.088176 0.365948 81 85 88
0.199417 0.088248 0.364818 79 83 84
0.198760 0.088657 0.362679 79 83 84
0.198102 0.089066 0.360541 76 80 81
0.193047 0.088622 0.360984 77 81 82
0.191516 0.088857 0.359381 77 81 82
0.189987 0.089091 0.357783 78 82 83
0.187583 0.089151 0.356717 76 80 81
0.226869 0.079016 0.428308 84 84 86
0.220743 0.078503 0.428636 83 83 85
0.216447 0.078293 0.428165 86 86 88
0.211250 0.077923 0.428139 86 87 89
0.208785 0.078015 0.426871 88 89 93
0.165836 0.071585 0.442451 137 140 145
0.161612 0.071330 0.442214 167 170 175
0.160106 0.071546 0.440691 48 49 54
0.157700 0.071602 0.439615 181 179 184
0.154396 0.071496 0.438993 44 39 45
0.151097 0.071386 0.438389 43 38 44
0.148704 0.071434 0.437356 180 178 183
0.145415 0.071318 0.436786 74 75 79
0.143030 0.071360 0.435779 139 144 147
0.140649 0.071400 0.434785 166 172 172
0.139168 0.071601 0.433341 185 186 181
0.138584 0.071964 0.431440 84 79 76
0.137999 0.072328 0.429539 80 76 77
0.138308 0.072856 0.427168 186 184 185
0.138616 0.073386 0.424791 62 58 55
0.139812 0.074082 0.421931 64 61 56
0.140115 0.074615 0.419539 167 167 165
0.140415 0.075148 0.417140 76 71 68
0.141603 0.075851 0.414250 55 47 45
0.141899 0.076387 0.411836 61 60 58
0.143080 0.077094 0.408925 193 195 192
0.143371 0.077634 0.406496 166 167 162
0.145430 0.078514 0.403066 82 82 80
0.179305 0.085545 0.381597 78 82 81
0.185734 0.087311 0.375503 78 79 83
0.186856 0.088054 0.372399 75 79 80
0.184450 0.088110 0.371323 77 81 82
0.182047 0.088163 0.370258 76 80 81
0.177010 0.087693 0.370753 77 81 82
0.171983 0.087218 0.371279 77 81 82
0.173107 0.087960 0.368182 76 80 81
0.168092 0.087477 0.368747 77 81 82
0.170965 0.088571 0.364591 77 81 82
0.168584 0.088611 0.363597 77 81 82
0.170575 0.089535 0.359944 77 81 82
0.165579 0.089040 0.360570 77 81 82
0.163207 0.089074 0.359606 75 79 80
0.162581 0.089464 0.357568 75 79 80
0.161954 0.089853 0.355530 74 78 79
0.228897 0.080582 0.432722 83 83 85
0.223672 0.080215 0.432599 82 82 84
0.220279 0.080155 0.431682 85 85 87
0.215071 0.079776 0.431613 86 86 88
0.210782 0.079550 0.431157 87 87 89
0.205593 0.079161 0.431146 85 86 88
0.200412 0.078765 0.431166 87 88 92
0.163226 0.073679 0.441795 170 175 181
0.159913 0.073570 0.441138 45 50 56
0.157507 0.073619 0.440060 171 176 180
0.155105 0.073666 0.438994 169 174 178
0.151806 0.073548 0.438385 168 173 177
0.149412 0.073589 0.437347 92 97 101
0.146124 0.073464 0.436772 66 71 75
0.143739 0.073501 0.435761 120 125 129
0.141357 0.073535 0.434762 166 170 171
0.138979 0.073567 0.433775 187 186 184
0.138395 0.073931 0.431874 103 95 93
0.137811 0.074294 0.429973 70 64 66
0.138120 0.074826 0.427603 186 184 185
0.138427 0.075358 0.425226 80 76 73
0.139623 0.076062 0.422368 68 65 60
0.139925 0.076597 0.419976 184 184 182
0.140225 0.077134 0.417578 60 55 52
0.141412 0.077843 0.414690 57 47 48
0.141708 0.078382 0.412277 57 56 54
0.142888 0.079095 0.409367 195 197 194
0.144064 0.079811 0.406445 177 178 173
0.147006 0.080875 0.402517 79 79 77
0.157893 0.083509 0.394065 81 85 84
0.164343 0.085285 0.388050 79 80 84
0.169895 0.086896 0.382491 77 81 82
0.169269 0.087286 0.380453 75 79 80
0.167762 0.087499 0.378927 78 82 83
0.165379 0.087535 0.377922 81 85 86
0.165634 0.088100 0.375375 79 83 84
0.163255 0.088133 0.374385 77 81 82
0.160880 0.088163 0.373408 78 82 83
0.160259 0.088549 0.371388 77 81 82
0.160513 0.089115 0.368837 78 82 83
0.159018 0.089321 0.367348 77 81 82
0.159269 0.089888 0.364792 78 82 83
0.158648 0.090275 0.362769 75 79 80
0.158026 0.090662 0.360746 77 81 82
0.156535 0.090866 0.359268 78 82 83
0.156783 0.091435 0.356700 78 82 83
0.228596 0.080697 0.443059 82 82 84
0.227933 0.081109 0.440902 83 83 85
0.225442 0.081206 0.439542 85 85 87
0.222955 0.081300 0.438195 86 86 88
0.219558 0.081233 0.437264 87 87 89
0.216168 0.081163 0.436352 85 85 87
0.211872 0.080929 0.435868 86 86 88
0.207584 0.080690 0.435410 86 86 88
0.204213 0.080608 0.434558 87 87 89
0.199031 0.080199 0.434565 87 88 90
0.194766 0.079946 0.434179 86 90 93
0.184167 0.078548 0.436800 90 94 97
0.171779 0.076809 0.440347 103 108 112
0.164839 0.076040 0.441379 179 182 189
0.160622 0.075758 0.441149 39 39 47
0.158216 0.075801 0.440066 147 148 153
0.154912 0.075677 0.439437 176 177 182
0.151614 0.075549 0.438827 177 176 182
0.149221 0.075584 0.437787 69 68 74
0.145934 0.075450 0.437210 49 49 57
0.143549 0.075480 0.436197 100 100 108
0.141168 0.075508 0.435197 168 176 178
0.139687 0.075703 0.433750 183 185 182
0.138207 0.075897 0.432308 123 119 116
0.138516 0.076431 0.429941 62 58 59
0.137931 0.076795 0.428037 192 188 189
0.139129 0.077503 0.425190 92 87 84
0.139433 0.078041 0.422805 57 49 47
0.140625 0.078752 0.419936 63 57 57
0.140924 0.079293 0.417535 47 43 42
0.141221 0.079834 0.415129 57 51 51
0.141517 0.080377 0.412717 53 52 50
0.142696 0.081097 0.409808 196 198 195
0.143872 0.081818 0.406887 185 186 181
0.147697 0.083071 0.402466 83 83 81
0.152396 0.084508 0.397515 74 78 79
0.156201 0.085773 0.393030 78 82 85
0.159116 0.086866 0.389019 76 80 81
0.160261 0.087606 0.386001 77 81 82
0.158765 0.087811 0.384505 76 80 81
0.159027 0.088374 0.381986 77 81 82
0.156655 0.088397 0.381013 77 81 82
0.156040 0.088780 0.379011 77 81 82
0.154549 0.088981 0.377533 79 83 84
0.153060 0.089180 0.376061 77 81 82
0.154195 0.089928 0.373007 78 82 83
0.155325 0.090677 0.369940 78 82 83
0.154708 0.091061 0.367932 78 82 83
0.154091 0.091445 0.365924 78 82 83
0.154345 0.092014 0.363375 78 82 83
0.152857 0.092212 0.361909 78 82 83
0.149635 0.092037 0.361545 79 83 84
0.145552 0.091672 0.361750 80 84 85
0.140609 0.091114 0.362534 78 84 84
0.140869 0.091679 0.360006 79 85 85
0.224597 0.080176 0.454837 82 82 84
0.222104 0.080268 0.453466 83 83 85
0.220532 0.080517 0.451723 84 84 86
0.218961 0.080764 0.449985 84 84 86
0.218309 0.081170 0.447861 84 84 86
0.217656 0.081576 0.445738 84 84 86
0.214262 0.081499 0.444808 85 85 87
0.211786 0.081580 0.443496 84 84 86
0.208402 0.081497 0.442600 85 85 87
0.205024 0.081410 0.441722 87 87 89
0.201651 0.081320 0.440862 86 86 88
0.198284 0.081226 0.440021 86 86 88
0.194014 0.080964 0.439614 85 85 87
0.190659 0.080863 0.438813 85 86 88
0.186403 0.080592 0.438452 84 88 91
0.181249 0.080151 0.438540 86 90 93
0.173391 0.079203 0.439945 92 97 101
0.166451 0.078414 0.440966 171 174 179
0.161330 0.077952 0.441161 31 32 37
0.158924 0.077990 0.440075 53 48 55
0.155620 0.077857 0.439440 50 40 48
0.152322 0.077720 0.438825 56 45 53
0.149929 0.077750 0.437780 52 42 51
0.147539 0.077777 0.436748 52 49 58
0.144257 0.077631 0.436181 82 82 90
0.141875 0.077653 0.435177 164 174 175
0.139498 0.077673 0.434184 184 189 185
0.138913 0.078037 0.432280 151 150 146
0.138328 0.078401 0.430376 57 55 56
0.138635 0.078940 0.428004 62 58 59
0.138940 0.079479 0.425626 63 55 53
0.140134 0.080195 0.422767 54 46 44
0.140435 0.080738 0.420374 48 42 44
0.140734 0.081281 0.417974 76 76 74
0.141030 0.081826 0.415569 136 135 133
0.142212 0.082550 0.412671 182 182 180
0.142505 0.083098 0.410250 185 190 186
0.144565 0.084005 0.406838 189 188 184
0.146619 0.084915 0.403408 79 79 77
0.148668 0.085829 0.399960 74 78 79
0.150711 0.086746 0.396493 71 74 79
0.151868 0.087486 0.393513 75 80 83
0.152141 0.088046 0.391028 77 83 83
0.151532 0.088424 0.389048 75 81 81
0.150923 0.088803 0.387067 75 81 81
0.150315 0.089182 0.385087 77 83 83
0.149706 0.089560 0.383107 77 83 83
0.148222 0.089754 0.381649 78 84 84
0.146740 0.089947 0.380198 77 83 83
0.147007 0.090510 0.377695 78 84 84
0.146399 0.090888 0.375718 78 84 84
0.147535 0.091640 0.372670 79 85 85
0.147797 0.092207 0.370149 79 85 85
0.146316 0.092399 0.368704 79 85 85
0.144838 0.092589 0.367265 80 86 86
0.141625 0.092399 0.366926 80 86 86
0.140152 0.092586 0.365505 79 85 85
0.133484 0.091627 0.367410 81 86 89
0.132021 0.091808 0.366020 82 87 90
0.129695 0.091796 0.365195 81 86 89
0.223699 0.079150 0.469941 82 82 84
0.223048 0.079556 0.467821 82 82 84
0.222396 0.079961 0.465700 82 82 84
0.219900 0.080049 0.464320 82 82 84
0.217408 0.080134 0.462951 81 81 83
0.214920 0.080217 0.461595 82 82 84
0.212436 0.080297 0.460251 84 84 86
0.209955 0.080376 0.458919 84 84 86
0.210230 0.080937 0.456444 85 85 87
0.208670 0.081175 0.454739 83 83 85
0.207113 0.081411 0.453040 85 85 87
0.206471 0.081810 0.450953 84 84 86
0.203089 0.081717 0.450058 85 85 87
0.199712 0.081620 0.449181 83 83 85
0.195430 0.081355 0.448726 85 83 86
0.192976 0.081416 0.447482 82 82 84
0.190526 0.081475 0.446250 81 81 83
0.188989 0.081699 0.444619 82 82 84
0.185638 0.081586 0.443824 82 82 84
0.182292 0.081470 0.443048 80 81 83
0.179858 0.081519 0.441868 80 84 87
0.176523 0.081397 0.441125 81 86 89
0.171384 0.080931 0.441256 83 88 92
0.166255 0.080459 0.441417 164 169 172
0.162038 0.080153 0.441175 175 180 183
0.158730 0.080013 0.440521 163 164 168
0.156328 0.080043 0.439445 127 127 129
0.153030 0.079897 0.438824 81 81 83
0.149738 0.079748 0.438221 46 45 50
0.147349 0.079769 0.437188 39 40 45
0.144963 0.079788 0.436166 63 66 73
0.142582 0.079804 0.435157 166 171 174
0.140204 0.079819 0.434161 185 187 184
0.138724 0.080007 0.432715 170 165 162
0.139032 0.080548 0.430346 62 58 59
0.138446 0.080912 0.428439 108 106 107
0.139642 0.081633 0.425591 165 161 158
0.139944 0.082178 0.423205 193 192 188
0.140245 0.082723 0.420812 199 199 199
0.140543 0.083270 0.418413 181 185 184
0.140840 0.083818 0.416008 196 196 194
0.141134 0.084367 0.413597 183 185 182
0.142313 0.085099 0.410691 190 195 191
0.143487 0.085833 0.407773 168 167 163
0.144658 0.086570 0.404843 72 71 69
0.144943 0.087125 0.402399 69 75 75
0.145225 0.087682 0.399948 74 79 83
0.145506 0.088240 0.397491 73 78 81
0.145785 0.088799 0.395028 77 83 83
0.144304 0.088988 0.393579 79 85 85
0.143703 0.089362 0.391623 80 86 86
0.143102 0.089735 0.389668 78 84 84
0.142501 0.090109 0.387712 79 85 85
0.141024 0.090295 0.386278 79 85 85
0.140424 0.090669 0.384325 78 84 84
0.138951 0.090853 0.382900 77 83 83
0.138352 0.091226 0.380951 79 85 85
0.136881 0.091408 0.379535 78 84 84
0.136283 0.091780 0.377588 80 86 86
0.135684 0.092152 0.375642 80 86 86
0.134217 0.092333 0.374238 80 86 86
0.131884 0.092319 0.373388 81 87 87
0.127822 0.091916 0.373648 82 88 88
0.125498 0.091897 0.372828 84 89 92
0.124044 0.092069 0.371465 84 89 92
0.119999 0.091656 0.371783 84 89 92
0.120277 0.092215 0.369317 85 90 93
0.117966 0.092188 0.368540 87 92 95
0.116521 0.092354 0.367207 87 92 95
0.115937 0.092717 0.365309 88 93 96
0.115354 0.093080 0.363411 89 94 97
0.114771 0.093443 0.361512 89 95 95
0.220243 0.078215 0.483441 81 81 83
0.218669 0.078458 0.481689 82 82 84
0.217098 0.078701 0.479944 80 80 82
0.214602 0.078783 0.478559 80 80 82
0.213035 0.079022 0.476829 82 82 84
0.212395 0.079420 0.474745 83 83 85
0.211754 0.079819 0.472661 84 84 86
0.208346 0.079733 0.471676 82 82 84
0.206786 0.079967 0.469970 81 81 83
0.203387 0.079876 0.469015 83 83 85
0.200914 0.079943 0.467703 84 84 86
0.199363 0.080173 0.466025 83 83 85
0.198732 0.080565 0.463971 84 84 86
0.198101 0.080958 0.461918 84 84 86
0.196554 0.081185 0.460252 83 83 85
0.195923 0.081577 0.458202 83 83 85
0.191636 0.081302 0.457725 83 83 85
0.189183 0.081357 0.456480 83 83 85
0.186734 0.081410 0.455247 83 83 85
0.184289 0.081461 0.454027 81 81 83
0.182757 0.081678 0.452412 84 82 85
0.181228 0.081894 0.450804 81 81 83
0.179700 0.082108 0.449202 80 81 83
0.178175 0.082322 0.447606 80 81 83
0.175744 0.082363 0.446435 74 78 79
0.174223 0.082574 0.444854 78 82 83
0.170894 0.082439 0.444127 85 89 90
0.168475 0.082473 0.442992 83 87 88
0.164253 0.082157 0.442729 180 185 189
0.160941 0.082011 0.442057 171 176 182
0.158536 0.082037 0.440967 167 172 176
0.156135 0.082060 0.439890 163 168 172
0.152838 0.081904 0.439267 162 167 171
0.149546 0.081746 0.438662 164 172 175
0.148055 0.081938 0.437179 172 180 183
0.144773 0.081773 0.436605 168 176 179
0.142392 0.081784 0.435594 171 177 177
0.140015 0.081791 0.434596 185 189 188
0.139429 0.082156 0.432689 188 188 186
0.138843 0.082521 0.430781 188 187 185
0.138257 0.082885 0.428874 188 184 183
0.138562 0.083431 0.426497 117 112 109
0.138864 0.083978 0.424115 75 66 67
0.138276 0.084344 0.422201 49 43 43
0.138576 0.084893 0.419809 52 46 48
0.138875 0.085443 0.417411 97 91 93
0.140057 0.086178 0.414522 77 71 73
0.140351 0.086731 0.412109 79 75 76
0.140642 0.087285 0.409689 80 74 76
0.141815 0.088026 0.406769 77 75 76
0.142102 0.088583 0.404335 81 81 83
0.141506 0.088954 0.402394 81 82 84
0.140910 0.089325 0.400453 79 83 84
0.140313 0.089696 0.398513 80 86 86
0.139717 0.090067 0.396572 77 83 83
0.137365 0.090059 0.395656 78 84 84
0.135894 0.090239 0.394237 80 86 86
0.134424 0.090418 0.392824 80 86 86
0.132956 0.090595 0.391417 80 86 86
0.130617 0.090580 0.390540 79 85 85
0.129154 0.090754 0.389149 80 86 86
0.127693 0.090928 0.387763 81 87 87
0.127105 0.091294 0.385850 82 88 88
0.124776 0.091271 0.385010 82 88 88
0.124190 0.091636 0.383103 81 87 87
0.121867 0.091610 0.382281 84 90 90
0.120416 0.091778 0.380926 84 90 90
0.118966 0.091944 0.379577 85 91 91
0.117518 0.092109 0.378234 86 91 94
0.114343 0.091878 0.378007 88 93 96
0.112037 0.091842 0.377240 86 91 94
0.110021 0.092360 0.374051 87 92 95
0.110590 0.093478 0.369163 89 94 97
0.111730 0.094239 0.366137 90 95 98
0.212017 0.077990 0.491498 79 79 79
0.210451 0.078226 0.489770 80 80 82
0.209817 0.078621 0.487704 80 80 82
0.208254 0.078855 0.485986 81 81 83
0.205766 0.078926 0.484624 82 82 84
0.204208 0.079156 0.482920 81 81 83
0.201726 0.079223 0.481580 82 82 84
0.200173 0.079451 0.479892 82 82 84
0.198621 0.079678 0.478210 83 83 85
0.197072 0.079904 0.476534 83 83 85
0.195524 0.080128 0.474864 84 84 86
0.192137 0.080020 0.473943 83 83 85
0.191514 0.080407 0.471917 84 84 86
0.189973 0.080628 0.470269 84 84 86
0.188434 0.080847 0.468627 85 85 87
0.185979 0.080897 0.467374 84 84 86
0.185360 0.081282 0.465360 84 84 86
0.182912 0.081328 0.464126 85 85 87
0.180467 0.081373 0.462904 85 85 87
0.178939 0.081585 0.461298 82 82 84
0.177412 0.081796 0.459699 83 83 85
0.175888 0.082006 0.458105 85 85 87
0.173455 0.082042 0.456923 84 82 85
0.171936 0.082249 0.455344 83 83 85
0.170418 0.082455 0.453772 79 80 82
0.169809 0.082834 0.451792 78 82 83
0.168294 0.083038 0.450229 77 81 82
0.166781 0.083241 0.448672 75 79 80
0.165270 0.083443 0.447121 76 80 81
0.162857 0.083467 0.446002 81 82 84
0.160447 0.083489 0.444896 77 80 85
0.158943 0.083686 0.443370 82 85 90
0.156541 0.083704 0.442285 77 80 85
0.154142 0.083720 0.441212 86 89 94
0.150847 0.083554 0.440593 127 130 135
0.149355 0.083744 0.439103 167 172 176
0.146967 0.083752 0.438067 176 181 185
0.143687 0.083578 0.437493 174 179 183
0.141307 0.083581 0.436484 174 179 182
0.139826 0.083764 0.435031 183 184 186
0.138347 0.083946 0.433584 192 192 192
0.137762 0.084310 0.431680 184 183 181
0.137176 0.084674 0.429775 143 138 135
0.136591 0.085038 0.427871 48 40 38
0.136006 0.085402 0.425967 54 45 46
0.136309 0.085952 0.423588 66 56 57
0.135723 0.086317 0.421681 73 64 67
0.136024 0.086868 0.419293 79 73 75
0.136323 0.087420 0.416898 87 81 83
0.137505 0.088162 0.414010 89 83 85
0.136915 0.088529 0.412091 85 80 84
0.138091 0.089274 0.409185 83 81 84
0.137499 0.089642 0.407260 84 84 86
0.136908 0.090010 0.405334 83 84 86
0.135436 0.090187 0.403911 82 86 87
0.133966 0.090364 0.402494 80 84 85
0.132497 0.090539 0.401084 83 87 88
0.131031 0.090712 0.399679 82 88 88
0.129567 0.090885 0.398280 81 87 87
0.127228 0.090863 0.397406 79 85 85
0.124894 0.090838 0.396543 81 87 87
0.123437 0.091006 0.395169 82 88 88
0.121109 0.090978 0.394328 80 86 86
0.119657 0.091143 0.392969 83 89 89
0.117336 0.091110 0.392149 83 89 89
0.116758 0.091469 0.390269 83 89 89
0.115311 0.091631 0.388928 84 90 90
0.113866 0.091791 0.387594 84 90 90
0.112423 0.091950 0.386265 85 91 91
0.110982 0.092109 0.384943 87 93 93
0.109543 0.092265 0.383626 89 94 97
0.108106 0.092421 0.382316 88 93 96
0.192894 0.079296 0.487619 82 82 84
0.190425 0.079349 0.486313 81 81 83
0.189807 0.079734 0.484303 81 81 83
0.188266 0.079951 0.482654 82 82 84
0.186727 0.080167 0.481011 83 83 85
0.185190 0.080382 0.479374 85 85 87
0.183654 0.080596 0.477743 83 83 85
0.182121 0.080808 0.476118 83 83 85
0.180589 0.081020 0.474500 84 84 86
0.179059 0.081230 0.472887 84 84 86
0.177532 0.081439 0.471281 85 85 87
0.176006 0.081647 0.469680 87 87 89
0.173567 0.081681 0.468475 85 85 87
0.172046 0.081886 0.466890 84 84 86
0.170526 0.082090 0.465311 87 87 89
0.169009 0.082293 0.463738 87 87 89
0.167493 0.082494 0.462171 85 85 87
0.165979 0.082695 0.460610 84 82 85
0.164467 0.082894 0.459056 83 83 85
0.163865 0.083268 0.457097 82 83 85
0.162356 0.083466 0.455551 82 83 85
0.160849 0.083662 0.454012 75 79 80
0.159344 0.083857 0.452479 77 81 82
0.157840 0.084051 0.450951 81 82 84
0.157242 0.084423 0.449005 78 79 81
0.155741 0.084615 0.447487 72 73 77
0.154242 0.084806 0.445975 77 76 81
0.152745 0.084996 0.444469 72 71 76
0.150351 0.085003 0.443407 80 79 84
0.148858 0.085190 0.441916 80 79 84
0.146470 0.085193 0.440875 85 86 90
0.144086 0.085194 0.439847 83 84 88
0.141705 0.085192 0.438831 83 84 88
0.140223 0.085373 0.437373 82 83 87
0.138743 0.085552 0.435922 86 85 90
0.137265 0.085730 0.434477 87 85 88
0.136681 0.086094 0.432576 90 86 87
0.135205 0.086270 0.431141 86 82 81
0.134622 0.086633 0.429242 77 71 71
0.134039 0.086996 0.427344 72 66 66
0.132567 0.087170 0.425921 77 68 69
0.132872 0.087722 0.423548 78 72 74
0.132289 0.088084 0.421650 76 72 73
0.132591 0.088638 0.419269 80 76 77
0.132007 0.089001 0.417368 79 77 78
0.132306 0.089556 0.414977 81 79 82
0.131721 0.089920 0.413073 83 83 85
0.131136 0.090284 0.411169 86 86 88
0.130551 0.090648 0.409265 85 86 88
0.128206 0.090624 0.408364 85 89 90
0.126743 0.090793 0.406971 82 86 87
0.125283 0.090960 0.405584 82 86 87
0.123824 0.091126 0.404203 83 87 88
0.121492 0.091094 0.403342 83 87 88
0.120038 0.091258 0.401976 82 88 88
0.118586 0.091419 0.400617 82 88 88
0.116262 0.091382 0.399786 84 90 90
0.114815 0.091541 0.398442 83 88 91
0.113369 0.091699 0.397104 85 90 93
0.111926 0.091856 0.395771 84 89 92
0.110484 0.092011 0.394445 86 91 94
0.109044 0.092165 0.393125 87 92 95
0.107606 0.092319 0.391811 85 90 93
0.178232 0.080702 0.484744 85 85 87
0.175783 0.080737 0.483501 88 88 90
0.175177 0.081114 0.481530 85 85 87
0.173652 0.081319 0.479932 87 87 89
0.172129 0.081522 0.478340 88 88 90
0.170609 0.081723 0.476754 87 87 89
0.169089 0.081924 0.475174 85 85 87
0.167572 0.082124 0.473601 84 84 86
0.165142 0.082146 0.472422 85 85 87
0.164543 0.082519 0.470472 85 85 87
0.162119 0.082539 0.469311 84 84 86
0.161522 0.082910 0.467367 83 83 85
0.160925 0.083282 0.465424 83 83 85
0.159418 0.083475 0.463883 83 81 84
0.158821 0.083846 0.461943 83 83 85
0.158225 0.084217 0.460002 82 82 84
0.156722 0.084408 0.458474 82 83 85
0.155220 0.084597 0.456952 82 83 85
0.153721 0.084786 0.455437 82 83 85
0.153127 0.085155 0.453505 80 81 83
0.151631 0.085342 0.451999 71 72 74
0.150136 0.085527 0.450498 73 73 75
0.148643 0.085712 0.449004 74 74 76
0.147152 0.085895 0.447515 72 72 74
0.145663 0.086077 0.446033 70 70 72
0.145074 0.086443 0.444117 70 69 74
0.141793 0.086252 0.443530 76 75 80
0.140310 0.086430 0.442069 73 72 77
0.137934 0.086419 0.441064 84 83 88
0.136456 0.086594 0.439618 86 87 92
0.134980 0.086768 0.438179 85 86 90
0.134398 0.087130 0.436287 86 86 88
0.132925 0.087302 0.434856 81 81 81
0.132345 0.087663 0.432967 81 79 80
0.130874 0.087834 0.431546 77 75 76
0.129406 0.088003 0.430131 74 70 69
0.128827 0.088363 0.428248 80 76 77
0.128248 0.088723 0.426365 73 71 72
0.127670 0.089083 0.424482 76 74 75
0.127091 0.089443 0.422600 75 75 75
0.126513 0.089803 0.420717 79 79 81
0.125934 0.090162 0.418834 84 84 86
0.125355 0.090522 0.416951 85 86 88
0.124777 0.090882 0.415069 87 88 90
0.124198 0.091242 0.413186 86 90 91
0.122740 0.091405 0.411804 86 90 91
0.121283 0.091567 0.410428 86 90 91
0.118951 0.091529 0.409566 85 89 90
0.116623 0.091489 0.408716 84 88 89
0.115174 0.091646 0.407365 84 88 89
0.112852 0.091602 0.406536 85 89 90
0.110533 0.091555 0.405719 86 90 91
0.109965 0.091909 0.403870 85 91 91
0.108525 0.092061 0.402546 87 92 95
0.106215 0.092009 0.401757 87 92 95
0.167027 0.082124 0.482988 88 88 90
0.165511 0.082320 0.481417 86 86 88
0.163997 0.082514 0.479852 85 85 87
0.162484 0.082708 0.478293 83 83 85
0.160974 0.082900 0.476740 83 83 85
0.158551 0.082912 0.475580 83 83 85
0.157046 0.083102 0.474043 86 86 88
0.154630 0.083110 0.472905 83 83 85
0.154951 0.083658 0.470589 87 87 89
0.154360 0.084025 0.468666 87 87 89
0.152860 0.084211 0.467147 83 83 85
0.151362 0.084396 0.465633 84 84 86
0.149866 0.084579 0.464126 84 84 86
0.148371 0.084762 0.462625 83 83 85
0.146879 0.084943 0.461130 82 83 85
0.145388 0.085123 0.459641 84 85 87
0.145706 0.085672 0.457315 81 82 84
0.144217 0.085851 0.455833 78 79 81
0.143632 0.086215 0.453928 78 78 80
0.143047 0.086579 0.452024 76 76 78
0.141562 0.086756 0.450554 74 74 76
0.140079 0.086931 0.449089 73 73 75
0.138597 0.087105 0.447630 71 71 73
0.136221 0.087089 0.446620 74 73 78
0.133848 0.087071 0.445623 74 73 78
0.133269 0.087431 0.443740 77 76 81
0.131796 0.087600 0.442309 80 81 85
0.130325 0.087768 0.440884 78 82 85
0.128856 0.087934 0.439465 78 82 85
0.127389 0.088100 0.438052 78 79 81
0.125923 0.088264 0.436645 76 77 79
0.123570 0.088233 0.435711 73 73 73
0.122998 0.088589 0.433850 75 75 75
0.120650 0.088555 0.432935 78 78 78
0.120080 0.088910 0.431079 81 83 82
0.118624 0.089068 0.429703 83 84 86
0.118055 0.089423 0.427851 87 88 90
0.117486 0.089777 0.425998 88 89 91
0.116916 0.090131 0.424146 88 92 93
0.116347 0.090485 0.422294 89 93 94
0.114897 0.090640 0.420936 87 91 92
0.114328 0.090993 0.419086 88 92 93
0.112881 0.091147 0.417737 87 91 92
0.109678 0.090897 0.417402 88 92 93
0.108236 0.091047 0.416071 87 91 92
0.106796 0.091196 0.414747 87 91 92
0.105358 0.091343 0.413428 87 91 92
0.103921 0.091489 0.412116 86 90 93
0.155883 0.083447 0.481401 86 86 88
0.153465 0.083451 0.480253 86 86 88
0.151051 0.083452 0.479116 85 85 87
0.149553 0.083634 0.477602 85 85 87
0.148057 0.083814 0.476094 87 87 89
0.146563 0.083994 0.474592 85 85 87
0.145070 0.084172 0.473097 84 84 86
0.143580 0.084349 0.471607 85 85 87
0.141183 0.084339 0.470529 85 85 87
0.139698 0.084513 0.469054 87 87 89
0.138214 0.084686 0.467586 87 87 89
0.136732 0.084858 0.466123 86 86 88
0.136156 0.085216 0.464250 87 87 89
0.134677 0.085386 0.462797 87 87 89
0.134102 0.085743 0.460926 86 87 89
0.133527 0.086101 0.459055 88 88 90
0.132952 0.086459 0.457185 88 89 91
0.132377 0.086816 0.455314 87 88 90
0.131802 0.087174 0.453444 85 86 88
0.130330 0.087340 0.452012 84 85 87
0.128859 0.087504 0.450586 81 82 84
0.127390 0.087668 0.449166 79 80 82
0.125028 0.087637 0.448201 78 79 81
0.122670 0.087603 0.447247 76 80 83
0.120315 0.087568 0.446306 76 81 84
0.118857 0.087725 0.444920 78 82 83
0.117400 0.087881 0.443540 79 83 84
0.115945 0.088035 0.442166 81 85 86
0.114492 0.088189 0.440798 82 86 87
0.112153 0.088144 0.439906 86 90 91
0.111592 0.088493 0.438081 88 92 93
0.111031 0.088842 0.436256 89 90 92
0.109585 0.088991 0.434909 87 88 90
0.109025 0.089340 0.433088 88 92 93
0.108465 0.089688 0.431266 89 93 94
0.107022 0.089835 0.429931 87 91 92
0.105581 0.089981 0.428603 88 92 93
0.104143 0.090126 0.427281 88 92 93
0.102705 0.090270 0.425965 88 92 93
0.101270 0.090412 0.424655 88 92 93
0.134877 0.084068 0.477912 88 88 90
0.133397 0.084235 0.476455 87 87 89
0.131919 0.084402 0.475004 87 87 89
0.129536 0.084378 0.473967 90 90 92
0.128063 0.084541 0.472531 89 89 91
0.126592 0.084703 0.471102 89 89 91
0.125122 0.084864 0.469678 88 88 90
0.124558 0.085215 0.467841 89 89 91
0.123993 0.085566 0.466004 89 89 91
0.124330 0.086110 0.463741 88 88 90
0.123764 0.086462 0.461901 90 90 92
0.124098 0.087008 0.459629 89 90 92
0.124430 0.087554 0.457351 89 90 92
0.122068 0.087517 0.456381 85 89 90
0.118812 0.087283 0.455864 86 90 91
0.116459 0.087241 0.454921 84 90 90
0.115003 0.087393 0.453544 83 89 89
0.112656 0.087347 0.452622 84 88 89
0.111205 0.087496 0.451260 88 92 93
0.108864 0.087446 0.450360 91 95 96
0.107418 0.087592 0.449013 91 95 96
0.105084 0.087538 0.448134 91 95 98
0.103642 0.087681 0.446802 90 94 97
0.103091 0.088024 0.445008 87 91 92
0.101652 0.088166 0.443685 87 91 92
0.101102 0.088508 0.441893 90 91 93
0.100551 0.088851 0.440102 87 91 92
0.100001 0.089193 0.438311 92 96 97
0.099450 0.089536 0.436519 90 96 96
0.115903 0.084824 0.474258 90 90 92
0.115348 0.085170 0.472452 90 90 92
0.113891 0.085320 0.471067 90 90 92
0.114237 0.085861 0.468838 92 90 95
0.113682 0.086206 0.467032 92 91 96
0.113127 0.086551 0.465225 93 93 95
0.112572 0.086897 0.463419 90 91 93
0.111119 0.087044 0.462049 90 91 93
0.109669 0.087190 0.460686 87 91 92
0.107325 0.087136 0.459773 86 92 90
0.105879 0.087279 0.458425 86 92 90
0.103542 0.087221 0.457532 89 93 92
0.102101 0.087361 0.456200 91 95 94
0.099770 0.087299 0.455329 94 95 97
0.097443 0.087234 0.454470 90 91 93
0.096899 0.087573 0.452700 90 91 95
0.106853 0.086138 0.472647 93 93 95
0.106306 0.086479 0.470864 92 92 94
0.104859 0.086620 0.469513 93 94 96
0.102517 0.086559 0.468601 88 89 91
0.101075 0.086696 0.467265 88 92 93
0.098739 0.086631 0.466374 89 93 94
0.097302 0.086766 0.465053 90 94 95
0.095867 0.086900 0.463738 90 94 95
0.094434 0.087032 0.462429 91 95 94
0.097854 0.087374 0.471170 89 93 94
0.095520 0.087301 0.470284 90 94 95
0.094086 0.087431 0.468972 92 96 97
0.092654 0.087560 0.467665 92 96 97
