{
  "frame_id": "000005",
  "object_name": "object_003",
  "label": "곤색 직사각형",
  "coordinate_frame": "base (= cam0)",
  "unit": "meter",
  "position_m": [
    0.31961116917397686,
    -0.07444752435879112,
    0.19342744490846406
  ],
  "quaternion_xyzw": [
    -0.06735956986883646,
    -0.3664187817147406,
    0.038634706508983735,
    0.9272040359094299
  ],
  "euler_xyz_deg": [
    -11.975278252900681,
    -42.39865962858349,
    9.431193532471706
  ],
  "T_base_obj": [
    [
      0.7284892717193001,
      -0.02228088854627606,
      -0.6846947809027556,
      0.31961116917397686
    ],
    [
      0.12100813465894812,
      0.9879400956001002,
      0.09659916589715996,
      -0.07444752435879112
    ],
    [
      0.6742851120529401,
      -0.15322509426087363,
      0.7223999295075413,
      0.19342744490846406
    ],
    [
      0.0,
      0.0,
      0.0,
      1.0
    ]
  ],
  "rotation_matrix": [
    [
      0.7284892717193001,
      -0.02228088854627606,
      -0.6846947809027556
    ],
    [
      0.12100813465894812,
      0.9879400956001002,
      0.09659916589715996
    ],
    [
      0.6742851120529401,
      -0.15322509426087363,
      0.7223999295075413
    ]
  ],
  "scale": 1.12,
  "real_size_m": {
    "x": 0.13679562091827394,
    "y": 0.0607495003938675,
    "z": 0.026278250813484193
  },
  "confidence": 0.5103561163753285,
  "fitness": 0.56175,
  "rmse": 0.004487488336475699,
  "depth_score": 0.608776458440888,
  "coverage": 0.4997071932299013,
  "silhouette_score": 0.23954028925619833,
  "posed_glb_opencv": "/tmp/pose_singleblocks_auto2_000005/object_003_posed_000005.glb",
  "posed_glb_isaac": "/tmp/pose_singleblocks_auto2_000005/object_003_posed_000005_isaac.glb"
}