{
  "frame_id": "000000",
  "cluster_id": 0,
  "model_name": "object_003",
  "label": "곤색 직사각형",
  "symmetry": "none",
  "coordinate_frame": "base (= cam0)",
  "unit": "meter",
  "position_m": [
    -0.48463303460759644,
    0.07628933707612431,
    0.4161843035739924
  ],
  "quaternion_xyzw": [
    0.532115069416102,
    -0.07979746920663516,
    0.8426986203086049,
    -0.018572887187696514
  ],
  "euler_xyz_deg": [
    -20.124295736499082,
    -63.362518298712565,
    -164.97544102774506
  ],
  "T_base_obj": [
    [
      -0.4330172015236203,
      -0.05362017891579736,
      0.8997894084716105,
      -0.48463303460759644
    ],
    [
      -0.11622556454867423,
      -0.9865748235394585,
      -0.1147246080988227,
      0.07628933707612431
    ],
    [
      0.8938611308978562,
      -0.1542562607193767,
      0.4209718336170266,
      0.4161843035739924
    ],
    [
      0.0,
      0.0,
      0.0,
      1.0
    ]
  ],
  "rotation_matrix": [
    [
      -0.4330172015236203,
      -0.05362017891579736,
      0.8997894084716105
    ],
    [
      -0.11622556454867423,
      -0.9865748235394585,
      -0.1147246080988227
    ],
    [
      0.8938611308978562,
      -0.1542562607193767,
      0.4209718336170266
    ]
  ],
  "scale": 0.6389266167399996,
  "anisotropic_scale_xyz": [
    0.8156494871747818,
    0.6389266167399996,
    0.7774574081786755
  ],
  "real_size_m": {
    "x": 0.09960491978848438,
    "y": 0.03464637758074571,
    "z": 0.018227208817550123
  },
  "confidence": 0.5466416945954695,
  "fitness": 0.24683333333333332,
  "rmse": 0.002614763201973301,
  "depth_score": 0.9045138888888888,
  "coverage": 0.5051428571428571,
  "silhouette_score": 0.4084720121028744,
  "cluster_centroid_m": [
    -0.4865953781181591,
    0.08038726123663457,
    0.406137804830309
  ],
  "cluster_extents_m": [
    0.04747075844324489,
    0.02638466751905466,
    0.09182780453011091
  ],
  "posed_glb_opencv": "/Users/woo/Documents/GitHub/Robot-Lab/rb-multiview-calibration-pose-estimation/src/output/pose_per_object/frame_000000/cluster_00__object_003_posed.glb",
  "posed_glb_isaac": "/Users/woo/Documents/GitHub/Robot-Lab/rb-multiview-calibration-pose-estimation/src/output/pose_per_object/frame_000000/cluster_00__object_003_posed_isaac.glb"
}