{
  "frame_id": "000000",
  "cluster_id": 2,
  "model_name": "object_002",
  "label": "노랑 실린더",
  "symmetry": "yaw",
  "coordinate_frame": "base (= cam0)",
  "unit": "meter",
  "position_m": [
    0.008607085465332582,
    0.0018564261564114545,
    0.5502374422543672
  ],
  "quaternion_xyzw": [
    -0.563042637751501,
    -0.29721111250417503,
    -0.3977852544192459,
    0.6606174642290942
  ],
  "euler_xyz_deg": [
    -69.54301743871129,
    -57.20626386720047,
    -20.63611621944888
  ],
  "T_base_obj": [
    [
      0.5068648919412927,
      0.8602528296711521,
      0.05525441484729593,
      0.008607085465332582
    ],
    [
      -0.19088271465751686,
      0.04949975888089591,
      0.9803639952159147,
      0.0018564261564114545
    ],
    [
      0.8406258207801605,
      -0.5074592032011133,
      0.18929708535572531,
      0.5502374422543672
    ],
    [
      0.0,
      0.0,
      0.0,
      1.0
    ]
  ],
  "rotation_matrix": [
    [
      0.5068648919412927,
      0.8602528296711521,
      0.05525441484729593
    ],
    [
      -0.19088271465751686,
      0.04949975888089591,
      0.9803639952159147
    ],
    [
      0.8406258207801605,
      -0.5074592032011133,
      0.18929708535572531
    ]
  ],
  "scale": 0.7782425476205664,
  "anisotropic_scale_xyz": [
    0.8545542692324072,
    0.8545542692324072,
    0.7782425476205664
  ],
  "real_size_m": {
    "x": 0.0608061933030774,
    "y": 0.06073323903310258,
    "z": 0.09512896311752216
  },
  "confidence": 0.5740762817021617,
  "fitness": 0.4525,
  "rmse": 0.0034042132896360835,
  "depth_score": 0.29472178887155487,
  "coverage": 0.6731164205039096,
  "silhouette_score": 0.49466840469040774,
  "cluster_centroid_m": [
    0.004854221710571696,
    0.010226688340026229,
    0.5560055367779018
  ],
  "cluster_extents_m": [
    0.05095019004112504,
    0.058018713287475404,
    0.06963903984485942
  ],
  "posed_glb_opencv": "/Users/woo/Documents/GitHub/Robot-Lab/rb-multiview-calibration-pose-estimation/src/output/pose_per_object/frame_000000/cluster_02__object_002_posed.glb",
  "posed_glb_isaac": "/Users/woo/Documents/GitHub/Robot-Lab/rb-multiview-calibration-pose-estimation/src/output/pose_per_object/frame_000000/cluster_02__object_002_posed_isaac.glb"
}