{
  "frame_id": "000000",
  "cluster_id": 1,
  "model_name": "object_002",
  "label": "노랑 실린더",
  "symmetry": "yaw",
  "coordinate_frame": "base (= cam0)",
  "unit": "meter",
  "position_m": [
    -0.06955073753552136,
    -0.01025649865745168,
    0.6178068741246961
  ],
  "quaternion_xyzw": [
    0.373085803069853,
    0.6617666612238867,
    -0.5829617541891725,
    0.28814486424886226
  ],
  "euler_xyz_deg": [
    -105.49115349462878,
    54.721943120984186,
    164.13993248943663
  ],
  "T_base_obj": [
    [
      -0.5555590415094551,
      0.8297463635413737,
      -0.05362017891579608,
      -0.06955073753552136
    ],
    [
      0.1578366214489028,
      0.04192515340081118,
      -0.9865748235394588,
      -0.01025649865745168
    ],
    [
      -0.8163588379669147,
      -0.5565637912244964,
      -0.15425626071937504,
      0.6178068741246961
    ],
    [
      0.0,
      0.0,
      0.0,
      1.0
    ]
  ],
  "rotation_matrix": [
    [
      -0.5555590415094551,
      0.8297463635413737,
      -0.05362017891579608
    ],
    [
      0.1578366214489028,
      0.04192515340081118,
      -0.9865748235394588
    ],
    [
      -0.8163588379669147,
      -0.5565637912244964,
      -0.15425626071937504
    ]
  ],
  "scale": 0.7341440111033175,
  "anisotropic_scale_xyz": [
    0.9444826520139987,
    0.9444826520139987,
    0.7341440111033175
  ],
  "real_size_m": {
    "x": 0.06717766494365719,
    "y": 0.06711318871805744,
    "z": 0.08974086312169777
  },
  "confidence": 0.5758259961852631,
  "fitness": 0.44783333333333336,
  "rmse": 0.003253447367573779,
  "depth_score": 0.369215291750503,
  "coverage": 0.586767461669506,
  "silhouette_score": 0.501868381354586,
  "cluster_centroid_m": [
    -0.07151922327467296,
    0.0034181842248206394,
    0.620525492848302
  ],
  "cluster_extents_m": [
    0.0589534359502665,
    0.05889597859482357,
    0.06379979510345002
  ],
  "posed_glb_opencv": "/Users/woo/Documents/GitHub/Robot-Lab/rb-multiview-calibration-pose-estimation/src/output/pose_per_object/frame_000000/cluster_01__object_002_posed.glb",
  "posed_glb_isaac": "/Users/woo/Documents/GitHub/Robot-Lab/rb-multiview-calibration-pose-estimation/src/output/pose_per_object/frame_000000/cluster_01__object_002_posed_isaac.glb"
}