{
  "frame_id": "000000",
  "object_name": "object_003",
  "label": "곤색 직사각형",
  "coordinate_frame": "base (= cam0)",
  "unit": "meter",
  "position_m": [
    -0.16780505152066627,
    0.04835321024570748,
    0.5082048821037193
  ],
  "quaternion_xyzw": [
    -0.2828726231995881,
    -0.07015192190076296,
    0.9556853583734563,
    0.041560590568609265
  ],
  "euler_xyz_deg": [
    -10.749676957176694,
    32.33328760336053,
    171.8951273193146
  ],
  "T_base_obj": [
    [
      -0.8365115927110911,
      -0.03974957944234514,
      -0.5465055591590443,
      -0.16780505152066627
    ],
    [
      0.119125812124712,
      -0.9867028503284618,
      -0.11057362269276681,
      0.04835321024570748
    ],
    [
      -0.5348433379460127,
      -0.15759903579605275,
      0.8301235737944112,
      0.5082048821037193
    ],
    [
      0.0,
      0.0,
      0.0,
      1.0
    ]
  ],
  "rotation_matrix": [
    [
      -0.8365115927110911,
      -0.03974957944234514,
      -0.5465055591590443
    ],
    [
      0.119125812124712,
      -0.9867028503284618,
      -0.11057362269276681
    ],
    [
      -0.5348433379460127,
      -0.15759903579605275,
      0.8301235737944112
    ]
  ],
  "scale": 0.4438353703155072,
  "anisotropic_scale_xyz": [
    0.5769859814101593,
    0.5075847382209795,
    0.353944789295289
  ],
  "real_size_m": {
    "x": 0.07045646323114306,
    "y": 0.027521848924332487,
    "z": 0.008299496055548262
  },
  "confidence": 0.5320708033140372,
  "fitness": 0.4141666666666667,
  "rmse": 0.0021205016057332248,
  "depth_score": 0.5436281268465629,
  "coverage": 0.6292083862770013,
  "silhouette_score": 0.5320708033140372,
  "posed_glb_opencv": "/Users/woo/Documents/GitHub/Robot-Lab/rb-multiview-calibration-pose-estimation/src/output/pose_per_object/frame_000000/object_003_posed.glb",
  "posed_glb_isaac": "/Users/woo/Documents/GitHub/Robot-Lab/rb-multiview-calibration-pose-estimation/src/output/pose_per_object/frame_000000/object_003_posed_isaac.glb"
}