{
  "frame_id": "000000",
  "object_name": "object_004",
  "label": "민트 실린더",
  "coordinate_frame": "base (= cam0)",
  "unit": "meter",
  "position_m": [
    0.02144950183414716,
    0.019834447079827098,
    0.5751680808463182
  ],
  "quaternion_xyzw": [
    0.7450206171698267,
    0.15852967109616561,
    -0.135709652657504,
    0.633557821788676
  ],
  "euler_xyz_deg": [
    100.0927477649863,
    23.771392083780356,
    4.026203778148869
  ],
  "T_base_obj": [
    [
      0.9129024671154421,
      0.4081755706663619,
      -0.0013375521404690792,
      0.02144950183414716
    ],
    [
      0.06425592293281782,
      -0.14694565966505968,
      -0.9870552920042788,
      0.019834447079827098
    ],
    [
      -0.4030884045747166,
      0.9009992656028029,
      -0.1603747532519359,
      0.5751680808463182
    ],
    [
      0.0,
      0.0,
      0.0,
      1.0
    ]
  ],
  "rotation_matrix": [
    [
      0.9129024671154421,
      0.4081755706663619,
      -0.0013375521404690792
    ],
    [
      0.06425592293281782,
      -0.14694565966505968,
      -0.9870552920042788
    ],
    [
      -0.4030884045747166,
      0.9009992656028029,
      -0.1603747532519359
    ]
  ],
  "scale": 0.35686867621847346,
  "anisotropic_scale_xyz": [
    0.34951966038811966,
    0.34951966038811966,
    0.42565075231347266
  ],
  "real_size_m": {
    "x": 0.023574552096223632,
    "y": 0.023847872672049075,
    "z": 0.05203072040807444
  },
  "confidence": 0.510710054178947,
  "fitness": 0.42133333333333334,
  "rmse": 0.0021359726230038363,
  "depth_score": 0.430173425479202,
  "coverage": 0.6404984076433121,
  "silhouette_score": 0.510710054178947,
  "posed_glb_opencv": "/Users/woo/Documents/GitHub/Robot-Lab/rb-multiview-calibration-pose-estimation/src/output/pose_per_object/frame_000000/object_004_posed.glb",
  "posed_glb_isaac": "/Users/woo/Documents/GitHub/Robot-Lab/rb-multiview-calibration-pose-estimation/src/output/pose_per_object/frame_000000/object_004_posed_isaac.glb"
}