{
  "frame_id": "000000",
  "object_name": "object_002",
  "label": "노랑 실린더",
  "coordinate_frame": "base (= cam0)",
  "unit": "meter",
  "position_m": [
    -0.058193923371633476,
    0.010081088987699731,
    0.6361905920039235
  ],
  "quaternion_xyzw": [
    0.370885326238465,
    0.664261689907804,
    -0.5789322708580558,
    0.293322191218037
  ],
  "euler_xyz_deg": [
    -105.9467503903432,
    54.99683482825459,
    164.51982452164435
  ],
  "T_base_obj": [
    [
      -0.5528123338386852,
      0.832357191647893,
      -0.03974957944234515,
      -0.058193923371633476
    ],
    [
      0.15310246262822955,
      0.05456300108029998,
      -0.9867028503284621,
      0.010081088987699731
    ],
    [
      -0.8191203571448827,
      -0.5515472639991814,
      -0.1575990357960528,
      0.6361905920039235
    ],
    [
      0.0,
      0.0,
      0.0,
      1.0
    ]
  ],
  "rotation_matrix": [
    [
      -0.5528123338386852,
      0.832357191647893,
      -0.03974957944234515
    ],
    [
      0.15310246262822955,
      0.05456300108029998,
      -0.9867028503284621
    ],
    [
      -0.8191203571448827,
      -0.5515472639991814,
      -0.1575990357960528
    ]
  ],
  "scale": 0.3758703864289398,
  "anisotropic_scale_xyz": [
    0.3329367522149214,
    0.3329367522149214,
    0.4253910947982019
  ],
  "real_size_m": {
    "x": 0.023692841036593807,
    "y": 0.023655047550793763,
    "z": 0.051992644868432955
  },
  "confidence": 0.6201619244762542,
  "fitness": 0.43566666666666665,
  "rmse": 0.002074042873020884,
  "depth_score": 0.38662022579870287,
  "coverage": 0.69875,
  "silhouette_score": 0.6201619244762542,
  "posed_glb_opencv": "/Users/woo/Documents/GitHub/Robot-Lab/rb-multiview-calibration-pose-estimation/src/output/pose_per_object/frame_000000/object_002_posed.glb",
  "posed_glb_isaac": "/Users/woo/Documents/GitHub/Robot-Lab/rb-multiview-calibration-pose-estimation/src/output/pose_per_object/frame_000000/object_002_posed_isaac.glb"
}