{
  "frame_id": "000000",
  "object_name": "object_001",
  "label": "빨강 아치",
  "coordinate_frame": "base (= cam0)",
  "unit": "meter",
  "position_m": [
    -0.0170536290084905,
    0.05411594325579359,
    0.40791101086185894
  ],
  "quaternion_xyzw": [
    -0.6489703297329296,
    -0.006163864708809964,
    -0.037842075103588974,
    0.7598470209522693
  ],
  "euler_xyz_deg": [
    -80.91675837852229,
    -3.352797028636632,
    -2.84263169026573
  ],
  "T_base_obj": [
    [
      0.9970599682468735,
      0.06550870669228627,
      0.03974957944234516,
      -0.0170536290084905
    ],
    [
      -0.049508045443325654,
      0.15481097695618148,
      0.9867028503284622,
      0.05411594325579359
    ],
    [
      0.05848395638940867,
      -0.985769836604034,
      0.1575990357960528,
      0.40791101086185894
    ],
    [
      0.0,
      0.0,
      0.0,
      1.0
    ]
  ],
  "rotation_matrix": [
    [
      0.9970599682468735,
      0.06550870669228627,
      0.03974957944234516
    ],
    [
      -0.049508045443325654,
      0.15481097695618148,
      0.9867028503284622
    ],
    [
      0.05848395638940867,
      -0.985769836604034,
      0.1575990357960528
    ]
  ],
  "scale": 0.545861913297853,
  "anisotropic_scale_xyz": [
    0.709620487287209,
    0.709620487287209,
    0.5025364463962778
  ],
  "real_size_m": {
    "x": 0.08628587264309215,
    "y": 0.028172614385351416,
    "z": 0.0371879905526141
  },
  "confidence": 0.32523911929260185,
  "fitness": 0.3795,
  "rmse": 0.002635678396641614,
  "depth_score": 0.5918977705274606,
  "coverage": 0.6307448979591836,
  "silhouette_score": 0.32523911929260185,
  "posed_glb_opencv": "/Users/woo/Documents/GitHub/Robot-Lab/rb-multiview-calibration-pose-estimation/src/output/pose_per_object/frame_000000/object_001_posed.glb",
  "posed_glb_isaac": "/Users/woo/Documents/GitHub/Robot-Lab/rb-multiview-calibration-pose-estimation/src/output/pose_per_object/frame_000000/object_001_posed_isaac.glb"
}