{
  "frame_id": "000010",
  "object_name": "object_002",
  "label": "노랑 실린더",
  "coordinate_frame": "base (= cam0)",
  "unit": "meter",
  "position_m": [
    -0.0399303645622438,
    0.04449974012913678,
    0.475135159495021
  ],
  "quaternion_xyzw": [
    -0.4432374412055302,
    0.5833410961201164,
    -0.5796568530414697,
    -0.35672351900738886
  ],
  "euler_xyz_deg": [
    -101.53663146938774,
    -68.44014954257955,
    -163.6308910512527
  ],
  "T_base_obj": [
    [
      -0.35257780340111866,
      -0.9306716944560235,
      0.09766826345951163,
      -0.0399303645622438
    ],
    [
      -0.10356276472121537,
      -0.06492299312873234,
      -0.9925017676188314,
      0.04449974012913678
    ],
    [
      0.9300342178178934,
      -0.36004888848816186,
      -0.07349252741808965,
      0.475135159495021
    ],
    [
      0.0,
      0.0,
      0.0,
      1.0
    ]
  ],
  "rotation_matrix": [
    [
      -0.35257780340111866,
      -0.9306716944560235,
      0.09766826345951163
    ],
    [
      -0.10356276472121537,
      -0.06492299312873234,
      -0.9925017676188314
    ],
    [
      0.9300342178178934,
      -0.36004888848816186,
      -0.07349252741808965
    ]
  ],
  "scale": 0.88,
  "real_size_m": {
    "x": 0.06262937247753143,
    "y": 0.0625726455450058,
    "z": 0.10758721053600312
  },
  "confidence": 0.45285875296734157,
  "fitness": 0.5297,
  "rmse": 0.003727903911346169,
  "depth_score": 0.26605267688070233,
  "coverage": 0.3797411205073996,
  "silhouette_score": 0.3850341653103179,
  "posed_glb_opencv": "/tmp/pose_singleblocks_auto2_000010/object_002_posed_000010.glb",
  "posed_glb_isaac": "/tmp/pose_singleblocks_auto2_000010/object_002_posed_000010_isaac.glb"
}