{
  "ref_cam_idx": 0,
  "T_Cref_Ci": {
    "0": [
      1.0,
      0.0,
      0.0,
      0.0,
      0.0,
      1.0,
      0.0,
      0.0,
      0.0,
      0.0,
      1.0,
      0.0,
      0.0,
      0.0,
      0.0,
      1.0
    ],
    "1": [
      -0.5227032487312773,
      0.47142691188498914,
      -0.710308370012814,
      0.26849800705670696,
      -0.1361823613542837,
      0.7763199035819405,
      0.6154524935018163,
      -0.13579353046683024,
      0.8415673937455331,
      0.4184304889132896,
      -0.34158490558976706,
      0.40939625016143943,
      0.0,
      0.0,
      0.0,
      1.0
    ],
    "2": [
      -0.6831709255049354,
      -0.1978326468986622,
      0.7029507311035867,
      -0.2437389678919909,
      0.18795754495508055,
      0.8825383053772226,
      0.4310430382640338,
      -0.108687299996101,
      -0.7056553321788597,
      0.42660096502762357,
      -0.5657403722546068,
      0.48431785081678197,
      0.0,
      0.0,
      0.0,
      1.0
    ]
  }
}