{
  "frame_id": "000000",
  "object_name": "object_001",
  "label": "빨강 아치",
  "coordinate_frame": "base (= cam0)",
  "unit": "meter",
  "position_m": [
    -0.018178700837234007,
    0.0462282471710697,
    0.41737448473678934
  ],
  "quaternion_xyzw": [
    -0.6324764566152615,
    -0.0638892019482886,
    -0.09510181464486428,
    0.7660596233669204
  ],
  "euler_xyz_deg": [
    -78.6665832471563,
    -12.602463004387891,
    -3.8125505684121923
  ],
  "T_base_obj": [
    [
      0.9737476294513296,
      0.22652415274517174,
      0.022413441525092136,
      -0.018178700837234007
    ],
    [
      -0.06489048848824994,
      0.1818583533573142,
      0.981181310369252,
      0.0462282471710697
    ],
    [
      0.21818519345196846,
      -0.9568773942032746,
      0.191783403403628,
      0.41737448473678934
    ],
    [
      0.0,
      0.0,
      0.0,
      1.0
    ]
  ],
  "rotation_matrix": [
    [
      0.9737476294513296,
      0.22652415274517174,
      0.022413441525092136
    ],
    [
      -0.06489048848824994,
      0.1818583533573142,
      0.981181310369252
    ],
    [
      0.21818519345196846,
      -0.9568773942032746,
      0.191783403403628
    ]
  ],
  "scale": 0.7079629934508734,
  "anisotropic_scale_xyz": [
    0.7340028542881453,
    0.8081585831468898,
    0.7079629934508734
  ],
  "real_size_m": {
    "x": 0.08924426405292478,
    "y": 0.03208631867384798,
    "z": 0.05238099725795479
  },
  "confidence": 0.5099457168710573,
  "fitness": 0.38466666666666666,
  "rmse": 0.002662805238624272,
  "depth_score": 0.6008980454305335,
  "coverage": 0.6298728847703465,
  "silhouette_score": 0.20749557083768025,
  "posed_glb_opencv": "/Users/woo/Documents/GitHub/Robot-Lab/rb-multiview-calibration-pose-estimation/src/output/pose_per_object/frame_000000/object_001_posed.glb",
  "posed_glb_isaac": "/Users/woo/Documents/GitHub/Robot-Lab/rb-multiview-calibration-pose-estimation/src/output/pose_per_object/frame_000000/object_001_posed_isaac.glb"
}