{
  "frame_id": "000000",
  "object_name": "object_003",
  "label": "곤색 직사각형",
  "coordinate_frame": "base (= cam0)",
  "unit": "meter",
  "position_m": [
    -0.1686676021329449,
    0.04246445854836688,
    0.5107996427252481
  ],
  "quaternion_xyzw": [
    0.044222861432915955,
    0.9503190789587832,
    0.024966093549009173,
    0.3071069534649405
  ],
  "euler_xyz_deg": [
    174.73780658204302,
    35.5554836385405,
    172.983038897863
  ],
  "T_base_obj": [
    [
      -0.8074593153203363,
      0.06871713603218736,
      0.5859073385083586,
      -0.1686676021329449
    ],
    [
      0.09938617975121501,
      0.9948420653991744,
      0.020289213557056374,
      0.04246445854836688
    ],
    [
      -0.5814910501262022,
      0.07461380654971651,
      -0.8101240266127699,
      0.5107996427252481
    ],
    [
      0.0,
      0.0,
      0.0,
      1.0
    ]
  ],
  "rotation_matrix": [
    [
      -0.8074593153203363,
      0.06871713603218736,
      0.5859073385083586
    ],
    [
      0.09938617975121501,
      0.9948420653991744,
      0.020289213557056374
    ],
    [
      -0.5814910501262022,
      0.07461380654971651,
      -0.8101240266127699
    ]
  ],
  "scale": 0.5896720433883974,
  "anisotropic_scale_xyz": [
    0.7316718890279027,
    0.4783384612514432,
    0.5896720433883974
  ],
  "real_size_m": {
    "x": 0.08935019411158424,
    "y": 0.025929721708705,
    "z": 0.013829223525700016
  },
  "confidence": 0.5475666950970015,
  "fitness": 0.4036666666666667,
  "rmse": 0.002141714463904836,
  "depth_score": 0.8135277691591685,
  "coverage": 0.6165348101265823,
  "silhouette_score": 0.19018233683234684,
  "posed_glb_opencv": "/Users/woo/Documents/GitHub/Robot-Lab/rb-multiview-calibration-pose-estimation/src/output/pose_per_object/frame_000000/object_003_posed.glb",
  "posed_glb_isaac": "/Users/woo/Documents/GitHub/Robot-Lab/rb-multiview-calibration-pose-estimation/src/output/pose_per_object/frame_000000/object_003_posed_isaac.glb"
}