{
  "frame_id": "000000",
  "object_name": "object_002",
  "label": "노랑 실린더",
  "coordinate_frame": "base (= cam0)",
  "unit": "meter",
  "position_m": [
    -0.06513224119880455,
    0.012087120721386171,
    0.6342161375330047
  ],
  "quaternion_xyzw": [
    -0.661959424220718,
    0.10065810945359814,
    0.09442380808918138,
    0.736723700007364
  ],
  "euler_xyz_deg": [
    -83.83185136141451,
    15.862153760484881,
    0.3493647533642744
  ],
  "T_base_obj": [
    [
      0.9619041789343297,
      -0.27239168288259363,
      0.02330497039391793,
      -0.06513224119880455
    ],
    [
      0.005865346174394292,
      0.105787730302626,
      0.994371436552596,
      0.012087120721386171
    ],
    [
      -0.27332388893568627,
      -0.9563533485139304,
      0.10335533137320603,
      0.6342161375330047
    ],
    [
      0.0,
      0.0,
      0.0,
      1.0
    ]
  ],
  "rotation_matrix": [
    [
      0.9619041789343297,
      -0.27239168288259363,
      0.02330497039391793
    ],
    [
      0.005865346174394292,
      0.105787730302626,
      0.994371436552596
    ],
    [
      -0.27332388893568627,
      -0.9563533485139304,
      0.10335533137320603
    ]
  ],
  "scale": 0.4249155332565675,
  "anisotropic_scale_xyz": [
    0.32032835628708195,
    0.32032835628708195,
    0.4416030065947613
  ],
  "real_size_m": {
    "x": 0.02278661011282762,
    "y": 0.022770916749144245,
    "z": 0.05398040516372339
  },
  "confidence": 0.5888252346743748,
  "fitness": 0.42766666666666664,
  "rmse": 0.001941921076403607,
  "depth_score": 0.46958855098389984,
  "coverage": 0.692523492286115,
  "silhouette_score": 0.4489637792702794,
  "posed_glb_opencv": "/Users/woo/Documents/GitHub/Robot-Lab/rb-multiview-calibration-pose-estimation/src/output/pose_per_object/frame_000000/object_002_posed.glb",
  "posed_glb_isaac": "/Users/woo/Documents/GitHub/Robot-Lab/rb-multiview-calibration-pose-estimation/src/output/pose_per_object/frame_000000/object_002_posed_isaac.glb"
}