{
  "frame_id": "000000",
  "object_name": "object_004",
  "label": "민트 실린더",
  "coordinate_frame": "base (= cam0)",
  "unit": "meter",
  "position_m": [
    0.015340762103431844,
    0.01643696067624948,
    0.5685357899085675
  ],
  "quaternion_xyzw": [
    -0.6159414909634945,
    -0.1793938163806377,
    -0.22694702502362765,
    0.7327543832601633
  ],
  "euler_xyz_deg": [
    -77.84605757536255,
    -32.852308781071585,
    -7.634117356843035
  ],
  "T_base_obj": [
    [
      0.8326258129546303,
      0.553585044170077,
      0.016668967360203294,
      0.015340762103431844
    ],
    [
      -0.11160066524559159,
      0.13822225508518454,
      0.9840934405410432,
      0.01643696067624948
    ],
    [
      0.542475388490928,
      -0.8212418688001606,
      0.1768678767081146,
      0.5685357899085675
    ],
    [
      0.0,
      0.0,
      0.0,
      1.0
    ]
  ],
  "rotation_matrix": [
    [
      0.8326258129546303,
      0.553585044170077,
      0.016668967360203294
    ],
    [
      -0.11160066524559159,
      0.13822225508518454,
      0.9840934405410432
    ],
    [
      0.542475388490928,
      -0.8212418688001606,
      0.1768678767081146
    ]
  ],
  "scale": 0.42692629881660377,
  "anisotropic_scale_xyz": [
    0.3533744217810039,
    0.3533744217810039,
    0.4404445361126571
  ],
  "real_size_m": {
    "x": 0.023829293638500636,
    "y": 0.02411988755335839,
    "z": 0.053842030919144544
  },
  "confidence": 0.5724084568722664,
  "fitness": 0.4025,
  "rmse": 0.0020760588071207058,
  "depth_score": 0.4259098786828423,
  "coverage": 0.6865662557781202,
  "silhouette_score": 0.4088604289095516,
  "posed_glb_opencv": "/Users/woo/Documents/GitHub/Robot-Lab/rb-multiview-calibration-pose-estimation/src/output/pose_per_object/frame_000000/object_004_posed.glb",
  "posed_glb_isaac": "/Users/woo/Documents/GitHub/Robot-Lab/rb-multiview-calibration-pose-estimation/src/output/pose_per_object/frame_000000/object_004_posed_isaac.glb"
}