{
  "frame_id": "000000",
  "object_name": "object_002",
  "label": "노랑 실린더",
  "coordinate_frame": "base (= cam0)",
  "unit": "meter",
  "position_m": [
    -0.07546251941659247,
    0.016024376438023763,
    0.6275616374289831
  ],
  "quaternion_xyzw": [
    0.7090952874463612,
    -0.15435616716432524,
    0.16473338311131588,
    0.6679977241491183
  ],
  "euler_xyz_deg": [
    93.40142764156201,
    -26.093830412839964,
    0.0750645356711889
  ],
  "T_base_obj": [
    [
      0.8980741722941632,
      -0.4389895114681929,
      0.027404194549945145,
      -0.07546251941659247
    ],
    [
      0.0011765885710195057,
      -0.05990642837789592,
      -0.9982033036783334,
      0.016024376438023763
    ],
    [
      0.4398424680464683,
      0.8964928491941259,
      -0.05328390603858782,
      0.6275616374289831
    ],
    [
      0.0,
      0.0,
      0.0,
      1.0
    ]
  ],
  "rotation_matrix": [
    [
      0.8980741722941632,
      -0.4389895114681929,
      0.027404194549945145
    ],
    [
      0.0011765885710195057,
      -0.05990642837789592,
      -0.9982033036783334
    ],
    [
      0.4398424680464683,
      0.8964928491941259,
      -0.05328390603858782
    ]
  ],
  "scale": 0.4328375571252973,
  "anisotropic_scale_xyz": [
    0.4108211097166082,
    0.4108211097166082,
    0.4768704519426754
  ],
  "real_size_m": {
    "x": 0.041055086180275174,
    "y": 0.04102307016888472,
    "z": 0.05829037295960194
  },
  "confidence": 0.7983476010970152,
  "fitness": 0.5915,
  "rmse": 0.0023663125664772212,
  "depth_score": 0.34502815991136554,
  "coverage": 0.5889329896907216,
  "silhouette_score": 0.7983476010970152,
  "posed_glb_opencv": "/Users/woo/Documents/GitHub/Robot-Lab/rb-multiview-calibration-pose-estimation/src/output/pose_per_object_v2/run_20260420_154121_sam_frame_000000/object_002_posed.glb",
  "posed_glb_isaac": "/Users/woo/Documents/GitHub/Robot-Lab/rb-multiview-calibration-pose-estimation/src/output/pose_per_object_v2/run_20260420_154121_sam_frame_000000/object_002_posed_isaac.glb",
  "orientation_tag": "original",
  "per_cam_iou": [
    0.5307443365695793,
    0.7156964656964657,
    0.9734748010610079
  ]
}