{
  "frame_id": "000000",
  "object_name": "object_004",
  "label": "민트 실린더",
  "coordinate_frame": "base (= cam0)",
  "unit": "meter",
  "position_m": [
    0.009163390103100513,
    0.021329909692660732,
    0.5544851126055335
  ],
  "quaternion_xyzw": [
    -0.5491563105339279,
    0.40428648140390583,
    0.43753675071349035,
    0.5861240306708936
  ],
  "euler_xyz_deg": [
    -76.43562794388878,
    72.64524572435926,
    13.348911424884527
  ],
  "T_base_obj": [
    [
      0.29022806545826085,
      -0.9569345528426987,
      -0.006628091437225664,
      0.009163390103100513
    ],
    [
      0.06886866273664904,
      0.013977876751690457,
      0.9975278072587148,
      0.021329909692660732
    ],
    [
      -0.9544761795420679,
      -0.289967033535296,
      0.06995957510962708,
      0.5544851126055335
    ],
    [
      0.0,
      0.0,
      0.0,
      1.0
    ]
  ],
  "rotation_matrix": [
    [
      0.29022806545826085,
      -0.9569345528426987,
      -0.006628091437225664
    ],
    [
      0.06886866273664904,
      0.013977876751690457,
      0.9975278072587148
    ],
    [
      -0.9544761795420679,
      -0.289967033535296,
      0.06995957510962708
    ]
  ],
  "scale": 0.46868278518002815,
  "anisotropic_scale_xyz": [
    0.4566963317506223,
    0.4566963317506223,
    0.4926556920388398
  ],
  "real_size_m": {
    "x": 0.02757731629213554,
    "y": 0.02790042759677031,
    "z": 0.05629406159256081
  },
  "confidence": 0.8117431049627957,
  "fitness": 0.44283333333333336,
  "rmse": 0.002282362540159863,
  "depth_score": 0.39992531740104553,
  "coverage": 0.6973312958435208,
  "silhouette_score": 0.8117431049627957,
  "posed_glb_opencv": "/Users/woo/Documents/GitHub/Robot-Lab/rb-multiview-calibration-pose-estimation/src/output/pose_per_object_v2/run_20260420_154121_sam_frame_000000/object_004_posed.glb",
  "posed_glb_isaac": "/Users/woo/Documents/GitHub/Robot-Lab/rb-multiview-calibration-pose-estimation/src/output/pose_per_object_v2/run_20260420_154121_sam_frame_000000/object_004_posed_isaac.glb",
  "orientation_tag": "yaw_180",
  "per_cam_iou": [
    0.8315467075038285,
    0.5133423790140208,
    0.9510416666666667
  ]
}