{
  "ref_cam_idx": 0,
  "T_Cref_Ci": {
    "0": [
      1.0,
      0.0,
      0.0,
      0.0,
      0.0,
      1.0,
      0.0,
      0.0,
      0.0,
      0.0,
      1.0,
      0.0,
      0.0,
      0.0,
      0.0,
      1.0
    ],
    "1": [
      -0.6758350625437233,
      0.3471597771661499,
      -0.6501746360384782,
      0.24643372662635107,
      -0.09108970862769267,
      0.8360242580077868,
      0.5410786495547535,
      -0.163941440029175,
      0.7314025110785035,
      0.42490414111870317,
      -0.5333918237488304,
      0.7015563775091633,
      0.0,
      0.0,
      0.0,
      1.0
    ],
    "2": [
      -0.45407197484793826,
      -0.2684186604745275,
      0.8495705175916463,
      -0.4081402522203609,
      0.06913476249198351,
      0.9400499105500577,
      0.3339559106974539,
      -0.08903889112324806,
      -0.8882786872750322,
      0.21037487583751313,
      -0.4082932589985582,
      0.7105604107301317,
      0.0,
      0.0,
      0.0,
      1.0
    ]
  }
}