{
  "coordinate_frame": "OpenCV (cam0 ref): X-right, Y-down, Z-forward",
  "unit": "meter / degree",
  "position": {
    "x": -0.005399,
    "y": 0.039692,
    "z": 0.322846
  },
  "rotation_euler_xyz_deg": {
    "rx": -11.94,
    "ry": 26.51,
    "rz": 174.22
  },
  "rotation_quaternion_xyzw": {
    "x": -0.232873,
    "y": -0.089614,
    "z": 0.968047,
    "w": 0.024975
  },
  "rotation_matrix_3x3": [
    [
      -0.8902931082838126,
      -0.006616725042355959,
      -0.45533987338257853
    ],
    [
      0.09009129983646176,
      -0.9826911746078959,
      -0.1618691231876253
    ],
    [
      -0.44638743153915683,
      -0.1851331258782923,
      0.8754792896844606
    ]
  ],
  "transform_4x4": [
    [
      -0.8902931082838126,
      -0.006616725042355959,
      -0.45533987338257853,
      -0.005399275593691844
    ],
    [
      0.09009129983646176,
      -0.9826911746078959,
      -0.1618691231876253,
      0.039691931170043146
    ],
    [
      -0.44638743153915683,
      -0.1851331258782923,
      0.8754792896844606,
      0.3228456489882614
    ],
    [
      0.0,
      0.0,
      0.0,
      1.0
    ]
  ],
  "scale_uniform": 0.12177297293113247,
  "size_cm": {
    "length": 9.83,
    "width": 9.07,
    "height": 8.54
  },
  "size_m": {
    "length": 0.0983,
    "width": 0.0907,
    "height": 0.0854
  },
  "obb_center": {
    "x": -0.005465,
    "y": 0.039784,
    "z": 0.322844
  },
  "score": 0.182321,
  "depth_score": 0.355759,
  "coverage": 0.512486,
  "fitness": 1.0,
  "rmse_m": 0.008291
}