{
  "proposal_score": 0.18232113087806417,
  "second_score": 0.030506301145755386,
  "proposal_margin": 5.976507279822488
}