{
  "frame_id": "000001",
  "object_name": "object_002",
  "label": "노랑 실린더",
  "coordinate_frame": "base (= cam0)",
  "unit": "meter",
  "position_m": [
    -0.1868754742625767,
    0.03641520412727421,
    0.4530137543370228
  ],
  "quaternion_xyzw": [
    0.5214074601712916,
    -0.5264756664238736,
    0.41460226825466445,
    0.5282637525889398
  ],
  "euler_xyz_deg": [
    130.62775062213365,
    -81.33627464335216,
    -47.453986437806186
  ],
  "T_base_obj": [
    [
      0.10185666364332292,
      -0.9870553802626026,
      -0.12388259103756684,
      -0.1868754742625767
    ],
    [
      -0.110977980024024,
      0.11247843926937624,
      -0.9874373340346035,
      0.03641520412727421
    ],
    [
      0.9885894537274975,
      0.11432531211494823,
      -0.09808473371760164,
      0.4530137543370228
    ],
    [
      0.0,
      0.0,
      0.0,
      1.0
    ]
  ],
  "rotation_matrix": [
    [
      0.10185666364332292,
      -0.9870553802626026,
      -0.12388259103756684
    ],
    [
      -0.110977980024024,
      0.11247843926937624,
      -0.9874373340346035
    ],
    [
      0.9885894537274975,
      0.11432531211494823,
      -0.09808473371760164
    ]
  ],
  "scale": 0.7020906842556445,
  "anisotropic_scale_xyz": [
    0.7020906842556445,
    0.7020906842556445,
    0.7020906842556445
  ],
  "real_size_m": {
    "x": 0.049967612474149624,
    "y": 0.04992235400724889,
    "z": 0.08583633893452103
  },
  "fitness": 0.908625,
  "rmse": 0.011078841133451011
}