{
  "frame_id": "000001",
  "object_name": "object_001",
  "label": "빨강 아치",
  "coordinate_frame": "base (= cam0)",
  "unit": "meter",
  "position_m": [
    -0.019614174072575204,
    0.055258306541165036,
    0.40032614178766374
  ],
  "quaternion_xyzw": [
    0.9932562195304301,
    0.03492269104837459,
    0.10163498160796407,
    -0.04350653430930362
  ],
  "euler_xyz_deg": [
    -175.3512054154647,
    -11.825862962979265,
    3.5456293024662613
  ],
  "T_base_obj": [
    [
      0.9769014723267476,
      0.07821793180162358,
      0.19886042469454557,
      -0.019614174072575204
    ],
    [
      0.060530788544316164,
      -0.9937751742426787,
      0.09352500571045919,
      0.055258306541165036
    ],
    [
      0.20493788572093982,
      -0.07932753746089662,
      -0.9755550239701646,
      0.40032614178766374
    ],
    [
      0.0,
      0.0,
      0.0,
      1.0
    ]
  ],
  "rotation_matrix": [
    [
      0.9769014723267476,
      0.07821793180162358,
      0.19886042469454557
    ],
    [
      0.060530788544316164,
      -0.9937751742426787,
      0.09352500571045919
    ],
    [
      0.20493788572093982,
      -0.07932753746089662,
      -0.9755550239701646
    ]
  ],
  "scale": 0.9756735405771799,
  "anisotropic_scale_xyz": [
    0.9756735405771799,
    0.9756735405771799,
    0.9756735405771799
  ],
  "real_size_m": {
    "x": 0.11865552726727846,
    "y": 0.03875952738268769,
    "z": 0.07222871672922572
  },
  "fitness": 0.9455,
  "rmse": 0.01269621464934966
}