{
  "frame_id": "000001",
  "object_name": "object_003",
  "label": "곤색 직사각형",
  "coordinate_frame": "base (= cam0)",
  "unit": "meter",
  "position_m": [
    -0.08237228248937593,
    0.03339198861153211,
    0.6067005627440474
  ],
  "quaternion_xyzw": [
    -0.3134079017293467,
    0.5828537723957573,
    0.6688068536255554,
    0.3387541286554718
  ],
  "euler_xyz_deg": [
    77.65920002193593,
    54.499154494349604,
    171.3059100976545
  ],
  "T_base_obj": [
    [
      -0.5740422549048892,
      -0.8184641215189596,
      -0.024330461710975474,
      -0.08237228248937593
    ],
    [
      0.08778021023429576,
      -0.09105424064563908,
      0.9919696366057291,
      0.03339198861153211
    ],
    [
      -0.8141069489169873,
      0.5672967539503907,
      0.12411393427503754,
      0.6067005627440474
    ],
    [
      0.0,
      0.0,
      0.0,
      1.0
    ]
  ],
  "rotation_matrix": [
    [
      -0.5740422549048892,
      -0.8184641215189596,
      -0.024330461710975474
    ],
    [
      0.08778021023429576,
      -0.09105424064563908,
      0.9919696366057291
    ],
    [
      -0.8141069489169873,
      0.5672967539503907,
      0.12411393427503754
    ]
  ],
  "scale": 0.8769573241190045,
  "anisotropic_scale_xyz": [
    0.8769573241190045,
    0.8769573241190045,
    0.8769573241190045
  ],
  "real_size_m": {
    "x": 0.10711064434972073,
    "y": 0.04756671366693969,
    "z": 0.02057580760350103
  },
  "fitness": 1.0,
  "rmse": 0.007557182042995745
}