{
  "frame_id": "000001",
  "object_name": "object_004",
  "label": "민트 실린더",
  "coordinate_frame": "base (= cam0)",
  "unit": "meter",
  "position_m": [
    0.01196295214247993,
    0.013726029391836161,
    0.5541370122538339
  ],
  "quaternion_xyzw": [
    -0.6490112862167275,
    0.027387380599110653,
    0.0,
    0.7602856579912766
  ],
  "euler_xyz_deg": [
    -81.01336487033036,
    2.3867423169818243,
    -2.0390316507042927
  ],
  "T_base_obj": [
    [
      0.9984998627678353,
      -0.03554943821755597,
      0.04164446535883268,
      0.01196295214247993
    ],
    [
      -0.03554943821755597,
      0.15756870072462115,
      0.9868679455683914,
      0.013726029391836161
    ],
    [
      -0.04164446535883268,
      -0.9868679455683914,
      0.15606856349245657,
      0.5541370122538339
    ],
    [
      0.0,
      0.0,
      0.0,
      1.0
    ]
  ],
  "rotation_matrix": [
    [
      0.9984998627678353,
      -0.03554943821755597,
      0.04164446535883268
    ],
    [
      -0.03554943821755597,
      0.15756870072462115,
      0.9868679455683914
    ],
    [
      -0.04164446535883268,
      -0.9868679455683914,
      0.15606856349245657
    ]
  ],
  "scale": 2.0,
  "anisotropic_scale_xyz": [
    2.0,
    2.0,
    2.0
  ],
  "real_size_m": {
    "x": 0.1349816471338272,
    "y": 0.1367017924785614,
    "z": 0.24450340867042542
  },
  "fitness": 0.0,
  "rmse": 0.0
}