{
  "frame_id": "000001",
  "object_name": "hole",
  "label": "검정 큐브 (구멍)",
  "coordinate_frame": "base (= cam0)",
  "unit": "meter",
  "position_m": [
    -0.013049352517079265,
    0.04285512966941166,
    0.3362596898381148
  ],
  "quaternion_xyzw": [
    0.1388071212112897,
    0.5771840027480345,
    0.7207612290065776,
    -0.3579028650817413
  ],
  "euler_xyz_deg": [
    68.05604720511218,
    -37.82452369860402,
    -153.2369141200731
  ],
  "T_base_obj": [
    [
      -0.7052762445332201,
      0.676159517462705,
      -0.21305803396776832,
      -0.013049352517079265
    ],
    [
      -0.35569051814054325,
      -0.07752833227630972,
      0.9313826351177058,
      0.04285512966941166
    ],
    [
      0.6132451990827403,
      0.7326647696151586,
      0.2951824201452554,
      0.3362596898381148
    ],
    [
      0.0,
      0.0,
      0.0,
      1.0
    ]
  ],
  "rotation_matrix": [
    [
      -0.7052762445332201,
      0.676159517462705,
      -0.21305803396776832
    ],
    [
      -0.35569051814054325,
      -0.07752833227630972,
      0.9313826351177058
    ],
    [
      0.6132451990827403,
      0.7326647696151586,
      0.2951824201452554
    ]
  ],
  "scale": 0.1461674066145185,
  "anisotropic_scale_xyz": [
    0.1461674066145185,
    0.1461674066145185,
    0.1461674066145185
  ],
  "real_size_m": {
    "x": 0.07202289461807702,
    "y": 0.06939914198890987,
    "z": 0.07187676176427119
  },
  "fitness": 0.731625,
  "rmse": 0.013601512426713484
}