{
  "frame_id": "000000",
  "object_name": "object_003",
  "label": "곤색 직사각형",
  "coordinate_frame": "base (= cam0)",
  "unit": "meter",
  "position_m": [
    -0.16842299698045643,
    0.04263008194128689,
    0.5111115679736594
  ],
  "quaternion_xyzw": [
    -0.30843734747178525,
    -0.01756702513402369,
    0.950449758504146,
    0.03468513906445114
  ],
  "euler_xyz_deg": [
    -3.873889055937977,
    35.809332485990886,
    174.56801215411753
  ],
  "T_base_obj": [
    [
      -0.8073266876252982,
      -0.055096310824363705,
      -0.5875270342558798,
      -0.16842299698045643
    ],
    [
      0.07676961736559754,
      -0.9969766815120403,
      -0.011996765013079553,
      0.04263008194128689
    ],
    [
      -0.5850897754169907,
      -0.054789534171996765,
      0.8091156046250196,
      0.5111115679736594
    ],
    [
      0.0,
      0.0,
      0.0,
      1.0
    ]
  ],
  "rotation_matrix": [
    [
      -0.8073266876252982,
      -0.055096310824363705,
      -0.5875270342558798
    ],
    [
      0.07676961736559754,
      -0.9969766815120403,
      -0.011996765013079553
    ],
    [
      -0.5850897754169907,
      -0.054789534171996765,
      0.8091156046250196
    ]
  ],
  "scale": 0.5870373615004496,
  "anisotropic_scale_xyz": [
    0.7301282709544996,
    0.48319547554964154,
    0.5870373615004496
  ],
  "real_size_m": {
    "x": 0.08915734924712718,
    "y": 0.026201245289747634,
    "z": 0.013767345158683593
  },
  "confidence": 0.5477698229148025,
  "fitness": 0.39916666666666667,
  "rmse": 0.0021461437106583847,
  "depth_score": 0.8057618057618058,
  "coverage": 0.6111835443037974,
  "silhouette_score": 0.19439294012938327,
  "posed_glb_opencv": "/Users/woo/Documents/GitHub/Robot-Lab/rb-multiview-calibration-pose-estimation/src/output/pose_per_object/frame_000000/object_003_posed.glb",
  "posed_glb_isaac": "/Users/woo/Documents/GitHub/Robot-Lab/rb-multiview-calibration-pose-estimation/src/output/pose_per_object/frame_000000/object_003_posed_isaac.glb"
}