{
  "frame_id": "000000",
  "object_name": "object_001",
  "label": "빨강 아치",
  "coordinate_frame": "base (= cam0)",
  "unit": "meter",
  "position_m": [
    -0.01810091617037896,
    0.04532673461877446,
    0.41719022851951526
  ],
  "quaternion_xyzw": [
    -0.6401946354056458,
    -0.06663833064082283,
    -0.09012816180536443,
    0.7599914974108742
  ],
  "euler_xyz_deg": [
    -79.8868750107701,
    -12.514592721086503,
    -3.0339565833372544
  ],
  "T_base_obj": [
    [
      0.9748724946779806,
      0.22231627687598177,
      0.01411000199617287,
      -0.01810091617037896
    ],
    [
      -0.05167026972141203,
      0.16405548649483676,
      0.9850969396855617,
      0.04532673461877446
    ],
    [
      0.21668826075089237,
      -0.9610729786998194,
      0.1714203233744734,
      0.41719022851951526
    ],
    [
      0.0,
      0.0,
      0.0,
      1.0
    ]
  ],
  "rotation_matrix": [
    [
      0.9748724946779806,
      0.22231627687598177,
      0.01411000199617287
    ],
    [
      -0.05167026972141203,
      0.16405548649483676,
      0.9850969396855617
    ],
    [
      0.21668826075089237,
      -0.9610729786998194,
      0.1714203233744734
    ]
  ],
  "scale": 0.7077203642563706,
  "anisotropic_scale_xyz": [
    0.7336088751366734,
    0.8116160960541833,
    0.7077203642563706
  ],
  "real_size_m": {
    "x": 0.0892050173904989,
    "y": 0.03222353503405222,
    "z": 0.052366300555519114
  },
  "confidence": 0.5080769011772039,
  "fitness": 0.3735,
  "rmse": 0.0026302759683437885,
  "depth_score": 0.5857775318206973,
  "coverage": 0.6307270511779042,
  "silhouette_score": 0.20510365590729787,
  "posed_glb_opencv": "/Users/woo/Documents/GitHub/Robot-Lab/rb-multiview-calibration-pose-estimation/src/output/pose_per_object/frame_000000/object_001_posed.glb",
  "posed_glb_isaac": "/Users/woo/Documents/GitHub/Robot-Lab/rb-multiview-calibration-pose-estimation/src/output/pose_per_object/frame_000000/object_001_posed_isaac.glb"
}