{
  "frame_id": "000000",
  "object_name": "object_002",
  "label": "노랑 실린더",
  "coordinate_frame": "base (= cam0)",
  "unit": "meter",
  "position_m": [
    -0.06467649406163328,
    0.013857832416610077,
    0.6323702943518312
  ],
  "quaternion_xyzw": [
    -0.5412356011385402,
    0.3903154078886142,
    0.41341113820161957,
    0.6195233145215677
  ],
  "euler_xyz_deg": [
    -72.53820064428069,
    68.61081024889975,
    14.243209926446562
  ],
  "T_base_obj": [
    [
      0.35349022635117283,
      -0.9347408660420597,
      0.03611333860414036,
      -0.06467649406163328
    ],
    [
      0.08973048835314536,
      0.0723105097420887,
      0.9933376211745658,
      0.013857832416610077
    ],
    [
      -0.9311246422118273,
      -0.3478946730431207,
      0.10943581284989568,
      0.6323702943518312
    ],
    [
      0.0,
      0.0,
      0.0,
      1.0
    ]
  ],
  "rotation_matrix": [
    [
      0.35349022635117283,
      -0.9347408660420597,
      0.03611333860414036
    ],
    [
      0.08973048835314536,
      0.0723105097420887,
      0.9933376211745658
    ],
    [
      -0.9311246422118273,
      -0.3478946730431207,
      0.10943581284989568
    ]
  ],
  "scale": 0.4222594214475219,
  "anisotropic_scale_xyz": [
    0.3378813944513409,
    0.3378813944513409,
    0.4528534320727238
  ],
  "real_size_m": {
    "x": 0.024036820239623783,
    "y": 0.024011908654641895,
    "z": 0.05535548105682953
  },
  "confidence": 0.5775714549925942,
  "fitness": 0.429,
  "rmse": 0.002270187238483853,
  "depth_score": 0.4419660745291839,
  "coverage": 0.6707758620689656,
  "silhouette_score": 0.44735105522545165,
  "posed_glb_opencv": "/Users/woo/Documents/GitHub/Robot-Lab/rb-multiview-calibration-pose-estimation/src/output/pose_per_object/frame_000000/object_002_posed.glb",
  "posed_glb_isaac": "/Users/woo/Documents/GitHub/Robot-Lab/rb-multiview-calibration-pose-estimation/src/output/pose_per_object/frame_000000/object_002_posed_isaac.glb"
}