{
  "frame_id": "000000",
  "object_name": "object_004",
  "label": "민트 실린더",
  "coordinate_frame": "base (= cam0)",
  "unit": "meter",
  "position_m": [
    0.01573610695892404,
    0.016986746445963423,
    0.5695632149897607
  ],
  "quaternion_xyzw": [
    0.33432127622081126,
    0.5462532705237534,
    0.655935271023078,
    -0.3994816252796519
  ],
  "euler_xyz_deg": [
    68.21265331352048,
    -61.047641270240895,
    -160.84743064312732
  ],
  "T_base_obj": [
    [
      -0.4572874306600314,
      0.8893163573756834,
      0.002149945207049822,
      0.01573610695892404
    ],
    [
      -0.1588199952105098,
      -0.08404359101206227,
      0.9837239876769963,
      0.016986746445963423
    ],
    [
      0.8750225224996672,
      0.4495031605159679,
      0.17967329741638233,
      0.5695632149897607
    ],
    [
      0.0,
      0.0,
      0.0,
      1.0
    ]
  ],
  "rotation_matrix": [
    [
      -0.4572874306600314,
      0.8893163573756834,
      0.002149945207049822
    ],
    [
      -0.1588199952105098,
      -0.08404359101206227,
      0.9837239876769963
    ],
    [
      0.8750225224996672,
      0.4495031605159679,
      0.17967329741638233
    ]
  ],
  "scale": 0.41934084360017515,
  "anisotropic_scale_xyz": [
    0.3521748875284951,
    0.3521748875284951,
    0.4433726994174589
  ],
  "real_size_m": {
    "x": 0.023745701494051565,
    "y": 0.02405342719968508,
    "z": 0.05419735433386054
  },
  "confidence": 0.5834236130553285,
  "fitness": 0.42816666666666664,
  "rmse": 0.00201042890583485,
  "depth_score": 0.44405500134807224,
  "coverage": 0.6763653846153846,
  "silhouette_score": 0.42137770769448,
  "posed_glb_opencv": "/Users/woo/Documents/GitHub/Robot-Lab/rb-multiview-calibration-pose-estimation/src/output/pose_per_object/frame_000000/object_004_posed.glb",
  "posed_glb_isaac": "/Users/woo/Documents/GitHub/Robot-Lab/rb-multiview-calibration-pose-estimation/src/output/pose_per_object/frame_000000/object_004_posed_isaac.glb"
}