{
  "frame_id": "000000",
  "object_name": "object_004",
  "label": "민트 실린더",
  "coordinate_frame": "base (= cam0)",
  "unit": "meter",
  "position_m": [
    0.009577578789549917,
    0.02017161983600489,
    0.5548671595020169
  ],
  "quaternion_xyzw": [
    0.44734148471126545,
    0.5083562150140502,
    0.55295261945522,
    -0.485492487429538
  ],
  "euler_xyz_deg": [
    57.03025110625522,
    -81.23570968865673,
    -147.40062882321573
  ],
  "T_base_obj": [
    [
      -0.1283652814116014,
      0.991726333273156,
      0.0011110448692904465,
      0.009577578789549917
    ],
    [
      -0.08209103732681823,
      -0.01174200661213733,
      0.9965556617025094,
      0.02017161983600489
    ],
    [
      0.9883235381790356,
      0.12783194113093113,
      0.08291910942581904,
      0.5548671595020169
    ],
    [
      0.0,
      0.0,
      0.0,
      1.0
    ]
  ],
  "rotation_matrix": [
    [
      -0.1283652814116014,
      0.991726333273156,
      0.0011110448692904465
    ],
    [
      -0.08209103732681823,
      -0.01174200661213733,
      0.9965556617025094
    ],
    [
      0.9883235381790356,
      0.12783194113093113,
      0.08291910942581904
    ]
  ],
  "scale": 0.472701918073745,
  "anisotropic_scale_xyz": [
    0.472701918073745,
    0.472701918073745,
    0.472701918073745
  ],
  "real_size_m": {
    "x": 0.02757731629213554,
    "y": 0.02790042759677031,
    "z": 0.05629406159256081
  },
  "confidence": 0.7576032013183222,
  "fitness": 0.44283333333333336,
  "rmse": 0.002282362540159863,
  "depth_score": 0.39992531740104553,
  "coverage": 0.6973312958435208,
  "silhouette_score": 0.7576032013183222,
  "posed_glb_opencv": "/Users/woo/Documents/GitHub/Robot-Lab/rb-multiview-calibration-pose-estimation/src/output/pose_per_object_v2/run_20260420_154121_sam_frame_000000/object_004_posed.glb",
  "posed_glb_isaac": "/Users/woo/Documents/GitHub/Robot-Lab/rb-multiview-calibration-pose-estimation/src/output/pose_per_object_v2/run_20260420_154121_sam_frame_000000/object_004_posed_isaac.glb"
}