{
  "frame_id": "000000",
  "object_name": "object_003",
  "label": "곤색 직사각형",
  "coordinate_frame": "base (= cam0)",
  "unit": "meter",
  "position_m": [
    -0.1474648139294107,
    0.04584707962779601,
    0.5134753818243991
  ],
  "quaternion_xyzw": [
    0.950236415620969,
    -0.02179780467651871,
    0.3054763358861646,
    -0.05709481896512579
  ],
  "euler_xyz_deg": [
    -171.413873213583,
    -35.314236371129056,
    -5.365903758523291
  ],
  "T_base_obj": [
    [
      0.8124181278475219,
      -0.006543903377243196,
      0.5830385603613091,
      -0.1474648139294107
    ],
    [
      -0.07630836775922582,
      -0.9925300747072656,
      0.09518972524168141,
      0.04584707962779601
    ],
    [
      0.5780603935108525,
      -0.12182457925302725,
      -0.8068487797158467,
      0.5134753818243991
    ],
    [
      0.0,
      0.0,
      0.0,
      1.0
    ]
  ],
  "rotation_matrix": [
    [
      0.8124181278475219,
      -0.006543903377243196,
      0.5830385603613091
    ],
    [
      -0.07630836775922582,
      -0.9925300747072656,
      0.09518972524168141
    ],
    [
      0.5780603935108525,
      -0.12182457925302725,
      -0.8068487797158467
    ]
  ],
  "scale": 0.610604466213099,
  "anisotropic_scale_xyz": [
    0.610604466213099,
    0.610604466213099,
    0.610604466213099
  ],
  "real_size_m": {
    "x": 0.09260295213461481,
    "y": 0.03181417530190005,
    "z": 0.01777577137089068
  },
  "confidence": 0.7770513947347081,
  "fitness": 0.5248333333333334,
  "rmse": 0.0021432488444741507,
  "depth_score": 0.5529663535845916,
  "coverage": 0.637464983713355,
  "silhouette_score": 0.7770513947347081,
  "posed_glb_opencv": "/Users/woo/Documents/GitHub/Robot-Lab/rb-multiview-calibration-pose-estimation/src/output/pose_per_object_v2/run_20260420_154121_sam_frame_000000/object_003_posed.glb",
  "posed_glb_isaac": "/Users/woo/Documents/GitHub/Robot-Lab/rb-multiview-calibration-pose-estimation/src/output/pose_per_object_v2/run_20260420_154121_sam_frame_000000/object_003_posed_isaac.glb"
}