{
  "frame_id": "000000",
  "object_name": "object_001",
  "label": "빨강 아치",
  "coordinate_frame": "base (= cam0)",
  "unit": "meter",
  "position_m": [
    -0.011258035457672557,
    0.059591875332668416,
    0.41183316848077284
  ],
  "quaternion_xyzw": [
    0.9801369755940569,
    -0.004145874388174512,
    0.17275025867840887,
    -0.0973224995848114
  ],
  "euler_xyz_deg": [
    -168.2162880456798,
    -19.74477323001686,
    -2.5424804708118907
  ],
  "T_base_obj": [
    [
      0.940280319695911,
      0.025497924388669473,
      0.3394448058643722,
      -0.011258035457672557
    ],
    [
      -0.04175202352461847,
      -0.98102228558847,
      0.18934635905401936,
      0.059591875332668416
    ],
    [
      0.3378308584281611,
      -0.19221116254432855,
      -0.9213713583992791,
      0.41183316848077284
    ],
    [
      0.0,
      0.0,
      0.0,
      1.0
    ]
  ],
  "rotation_matrix": [
    [
      0.940280319695911,
      0.025497924388669473,
      0.3394448058643722
    ],
    [
      -0.04175202352461847,
      -0.98102228558847,
      0.18934635905401936
    ],
    [
      0.3378308584281611,
      -0.19221116254432855,
      -0.9213713583992791
    ]
  ],
  "scale": 0.5420290797333722,
  "anisotropic_scale_xyz": [
    0.5420290797333722,
    0.5420290797333722,
    0.5420290797333722
  ],
  "real_size_m": {
    "x": 0.08224923010609379,
    "y": 0.026856748101978575,
    "z": 0.05005206530614474
  },
  "confidence": 0.6169211826109643,
  "fitness": 0.41533333333333333,
  "rmse": 0.0028285815620880854,
  "depth_score": 0.3678795961135454,
  "coverage": 0.41725,
  "silhouette_score": 0.6169211826109643,
  "posed_glb_opencv": "/Users/woo/Documents/GitHub/Robot-Lab/rb-multiview-calibration-pose-estimation/src/output/pose_per_object_v2/run_20260420_154121_sam_frame_000000/object_001_posed.glb",
  "posed_glb_isaac": "/Users/woo/Documents/GitHub/Robot-Lab/rb-multiview-calibration-pose-estimation/src/output/pose_per_object_v2/run_20260420_154121_sam_frame_000000/object_001_posed_isaac.glb"
}