{
  "frame_id": "000000",
  "object_name": "object_002",
  "label": "노랑 실린더",
  "coordinate_frame": "base (= cam0)",
  "unit": "meter",
  "position_m": [
    -0.07087891874217399,
    0.01083224928966331,
    0.6313187738165119
  ],
  "quaternion_xyzw": [
    0.750434961867187,
    -0.08914946711910329,
    0.0902853250152818,
    0.6486511393705082
  ],
  "euler_xyz_deg": [
    98.44787755805262,
    -14.546185493164064,
    -0.9870594778044389
  ],
  "T_base_obj": [
    [
      0.9678018651985127,
      -0.25092911179526783,
      0.019852722027844126,
      -0.07087891874217399
    ],
    [
      -0.016674396036281316,
      -0.14260814380951686,
      -0.9896387633030701,
      0.01083224928966331
    ],
    [
      0.2511603357117201,
      0.9574432088479825,
      -0.14220051895845506,
      0.6313187738165119
    ],
    [
      0.0,
      0.0,
      0.0,
      1.0
    ]
  ],
  "rotation_matrix": [
    [
      0.9678018651985127,
      -0.25092911179526783,
      0.019852722027844126
    ],
    [
      -0.016674396036281316,
      -0.14260814380951686,
      -0.9896387633030701
    ],
    [
      0.2511603357117201,
      0.9574432088479825,
      -0.14220051895845506
    ]
  ],
  "scale": 0.4704339246812722,
  "anisotropic_scale_xyz": [
    0.4704339246812722,
    0.4704339246812722,
    0.4704339246812722
  ],
  "real_size_m": {
    "x": 0.041055086180275174,
    "y": 0.04102307016888472,
    "z": 0.05829037295960194
  },
  "confidence": 0.7852988773184685,
  "fitness": 0.5915,
  "rmse": 0.0023663125664772212,
  "depth_score": 0.34502815991136554,
  "coverage": 0.5889329896907216,
  "silhouette_score": 0.7852988773184685,
  "posed_glb_opencv": "/Users/woo/Documents/GitHub/Robot-Lab/rb-multiview-calibration-pose-estimation/src/output/pose_per_object_v2/run_20260420_154121_sam_frame_000000/object_002_posed.glb",
  "posed_glb_isaac": "/Users/woo/Documents/GitHub/Robot-Lab/rb-multiview-calibration-pose-estimation/src/output/pose_per_object_v2/run_20260420_154121_sam_frame_000000/object_002_posed_isaac.glb"
}