{
  "frame_id": "000002",
  "object_name": "knife",
  "label": "yellow box-cutter",
  "coordinate_frame": "base (= cam0)",
  "unit": "meter",
  "position_m": [
    0.3617361974588657,
    0.03176237929216639,
    -0.006401625286619403
  ],
  "quaternion_xyzw": [
    -0.15937259246911734,
    -0.08432014501008812,
    0.9818519043783536,
    0.05879904577245025
  ],
  "euler_xyz_deg": [
    -11.152256359895063,
    17.64056570095253,
    171.4099171561328
  ],
  "T_base_obj": [
    [
      -0.9422860979716331,
      -0.08858726991918398,
      -0.32287645497401274,
      0.3617361974588657
    ],
    [
      0.14234055034992715,
      -0.9788655707214963,
      -0.1468378771920728,
      0.03176237929216639
    ],
    [
      -0.3030446787114128,
      -0.18432170262979036,
      0.9349809798286333,
      -0.006401625286619403
    ],
    [
      0.0,
      0.0,
      0.0,
      1.0
    ]
  ],
  "rotation_matrix": [
    [
      -0.9422860979716331,
      -0.08858726991918398,
      -0.32287645497401274
    ],
    [
      0.14234055034992715,
      -0.9788655707214963,
      -0.1468378771920728
    ],
    [
      -0.3030446787114128,
      -0.18432170262979036,
      0.9349809798286333
    ]
  ],
  "scale": 1.051379000174268,
  "anisotropic_scale_xyz": [
    1.051379000174268,
    1.051379000174268,
    1.051379000174268
  ],
  "real_size_m": {
    "x": 0.3192129194821378,
    "y": 0.18555383916599294,
    "z": 1.05109273699015
  },
  "fitness": 0.040625,
  "rmse": 0.015134353153092826
}