{
  "coordinate_frame": "OpenCV (cam0 ref): X-right, Y-down, Z-forward",
  "unit": "meter / degree",
  "position": {
    "x": -0.006432,
    "y": 0.042018,
    "z": 0.321672
  },
  "rotation_euler_xyz_deg": {
    "rx": -167.1,
    "ry": -24.67,
    "rz": -6.42
  },
  "rotation_quaternion_xyzw": {
    "x": 0.970545,
    "y": -0.030422,
    "z": 0.21813,
    "w": -0.097655
  },
  "rotation_matrix_3x3": [
    [
      0.9029877251685599,
      -0.01644863353550457,
      0.4293513836587977
    ],
    [
      -0.10165489948456548,
      -0.9790758418290806,
      0.1762860668273603
    ],
    [
      0.41746790248555904,
      -0.2028298262127446,
      -0.8857655513694443
    ]
  ],
  "transform_4x4": [
    [
      0.9029877251685599,
      -0.01644863353550457,
      0.4293513836587977,
      -0.006432316547946192
    ],
    [
      -0.10165489948456548,
      -0.9790758418290806,
      0.1762860668273603,
      0.04201781589394628
    ],
    [
      0.41746790248555904,
      -0.2028298262127446,
      -0.8857655513694443,
      0.32167168383101535
    ],
    [
      0.0,
      0.0,
      0.0,
      1.0
    ]
  ],
  "scale_uniform": 0.12237127079809769,
  "size_cm": {
    "length": 9.88,
    "width": 9.12,
    "height": 8.58
  },
  "size_m": {
    "length": 0.0988,
    "width": 0.0912,
    "height": 0.0858
  },
  "obb_center": {
    "x": -0.006364,
    "y": 0.042101,
    "z": 0.321706
  },
  "score": 0.178012,
  "depth_score": 0.361578,
  "coverage": 0.49232,
  "fitness": 0.9957,
  "rmse_m": 0.009135
}