{
  "proposal_score": 0.17801195404240938,
  "second_score": 0.08396845713633035,
  "proposal_margin": 2.119986005618645
}