ply
format ascii 1.0
element vertex 6826
property float x
property float y
property float z
property uchar red
property uchar green
property uchar blue
end_header
0.084699 0.023422 0.286000 236 232 229
0.085637 0.023422 0.286000 231 227 224
0.086574 0.023422 0.286000 223 223 215
0.090638 0.023504 0.287000 223 223 215
0.091578 0.023504 0.287000 226 226 218
0.092196 0.023422 0.286000 226 227 219
0.093133 0.023422 0.286000 208 209 201
0.094071 0.023422 0.286000 206 207 199
0.095008 0.023422 0.286000 202 203 195
0.100630 0.023422 0.286000 180 179 174
0.083762 0.024362 0.286000 252 253 248
0.084403 0.024277 0.285000 253 254 248
0.085337 0.024277 0.285000 255 255 251
0.086271 0.024277 0.285000 252 254 251
0.087205 0.024277 0.285000 251 253 250
0.088139 0.024277 0.285000 254 254 254
0.089072 0.024277 0.285000 255 253 254
0.089690 0.024191 0.284000 253 251 252
0.090621 0.024191 0.284000 254 254 254
0.091552 0.024191 0.284000 255 255 255
0.092482 0.024191 0.284000 253 255 254
0.093413 0.024191 0.284000 253 253 253
0.094343 0.024191 0.284000 253 252 250
0.095274 0.024191 0.284000 255 255 251
0.096204 0.024191 0.284000 254 255 250
0.097135 0.024191 0.284000 252 253 247
0.098065 0.024191 0.284000 255 254 249
0.098996 0.024191 0.284000 254 253 248
0.099927 0.024191 0.284000 255 251 248
0.100857 0.024191 0.284000 253 254 249
0.101788 0.024191 0.284000 254 255 250
0.102718 0.024191 0.284000 249 252 245
0.103649 0.024191 0.284000 255 255 250
0.104948 0.024277 0.285000 253 254 248
0.105881 0.024277 0.285000 253 254 248
0.106440 0.024191 0.284000 254 255 249
0.107371 0.024191 0.284000 251 252 246
0.108301 0.024191 0.284000 255 255 251
0.109617 0.024277 0.285000 254 255 250
0.110550 0.024277 0.285000 251 252 247
0.111093 0.024191 0.284000 255 255 251
0.112024 0.024191 0.284000 227 226 224
0.083470 0.025213 0.285000 238 239 234
0.084107 0.025124 0.284000 254 255 249
0.085038 0.025124 0.284000 254 255 250
0.085968 0.025124 0.284000 255 254 250
0.086593 0.025036 0.283000 181 175 175
0.087520 0.025036 0.283000 117 108 109
0.088447 0.025036 0.283000 108 97 101
0.089375 0.025036 0.283000 116 105 109
0.090302 0.025036 0.283000 113 104 107
0.091229 0.025036 0.283000 116 110 112
0.092156 0.025036 0.283000 113 109 110
0.093084 0.025036 0.283000 113 109 108
0.094011 0.025036 0.283000 113 108 105
0.094938 0.025036 0.283000 129 119 117
0.095866 0.025036 0.283000 128 117 113
0.096793 0.025036 0.283000 129 116 110
0.097720 0.025036 0.283000 128 117 111
0.098647 0.025036 0.283000 123 114 107
0.099575 0.025036 0.283000 122 115 109
0.100502 0.025036 0.283000 114 109 105
0.101429 0.025036 0.283000 114 109 106
0.102718 0.025124 0.284000 115 110 106
0.103649 0.025124 0.284000 115 107 104
0.104579 0.025124 0.284000 114 106 103
0.105510 0.025124 0.284000 117 109 106
0.106066 0.025036 0.283000 113 108 104
0.106993 0.025036 0.283000 115 110 107
0.107920 0.025036 0.283000 115 114 112
0.109232 0.025124 0.284000 226 226 224
0.109775 0.025036 0.283000 251 251 249
0.110702 0.025036 0.283000 255 255 253
0.111629 0.025036 0.283000 255 255 253
0.112159 0.024947 0.282000 248 248 248
0.084107 0.026057 0.284000 221 220 215
0.084439 0.025874 0.282000 255 254 249
0.085363 0.025874 0.282000 254 255 250
0.085981 0.025782 0.281000 255 254 250
0.086902 0.025782 0.281000 164 160 157
0.087822 0.025782 0.281000 108 102 102
0.088743 0.025782 0.281000 103 97 97
0.089345 0.025690 0.280000 101 97 96
0.090262 0.025690 0.280000 105 104 102
0.091180 0.025690 0.280000 104 104 102
0.092426 0.025782 0.281000 116 112 109
0.093347 0.025782 0.281000 115 110 106
0.094267 0.025782 0.281000 220 217 210
0.095188 0.025782 0.281000 250 247 240
0.096109 0.025782 0.281000 255 254 247
0.097030 0.025782 0.281000 255 252 245
0.097950 0.025782 0.281000 193 188 184
0.099223 0.025874 0.282000 115 107 105
0.100147 0.025874 0.282000 107 103 102
0.101071 0.025874 0.282000 105 101 98
0.101995 0.025874 0.282000 111 108 103
0.102919 0.025874 0.282000 113 108 104
0.103843 0.025874 0.282000 108 103 99
0.104767 0.025874 0.282000 107 104 99
0.105691 0.025874 0.282000 108 104 101
0.106615 0.025874 0.282000 103 102 100
0.107539 0.025874 0.282000 107 107 105
0.108463 0.025874 0.282000 108 109 104
0.109387 0.025874 0.282000 189 190 185
0.110311 0.025874 0.282000 254 254 252
0.111235 0.025874 0.282000 251 253 250
0.111761 0.025782 0.281000 253 255 252
0.112281 0.025690 0.280000 254 254 254
0.082923 0.026610 0.280000 128 125 120
0.083840 0.026610 0.280000 255 253 248
0.084455 0.026515 0.279000 255 255 251
0.085369 0.026515 0.279000 255 255 253
0.085974 0.026420 0.278000 254 253 251
0.086885 0.026420 0.278000 158 154 155
0.087796 0.026420 0.278000 103 99 100
0.088707 0.026420 0.278000 98 96 97
0.089617 0.026420 0.278000 103 103 103
0.090528 0.026420 0.278000 193 197 196
0.091439 0.026420 0.278000 223 226 219
0.092350 0.026420 0.278000 222 223 215
0.093261 0.026420 0.278000 218 219 211
0.094511 0.026515 0.279000 253 253 245
0.095425 0.026515 0.279000 255 255 250
0.096339 0.026515 0.279000 255 255 251
0.097253 0.026515 0.279000 255 253 254
0.098167 0.026515 0.279000 196 196 198
0.099081 0.026515 0.279000 106 104 105
0.099996 0.026515 0.279000 105 104 100
0.101271 0.026610 0.280000 104 103 99
0.102189 0.026610 0.280000 106 105 100
0.103106 0.026610 0.280000 105 104 99
0.104024 0.026610 0.280000 101 100 96
0.104941 0.026610 0.280000 101 101 99
0.106237 0.026705 0.281000 101 101 99
0.107157 0.026705 0.281000 100 101 96
0.108078 0.026705 0.281000 107 108 103
0.108999 0.026705 0.281000 110 111 106
0.109528 0.026610 0.280000 160 162 157
0.110446 0.026610 0.280000 251 253 248
0.110966 0.026515 0.279000 253 255 250
0.111479 0.026420 0.278000 254 255 253
0.111985 0.026325 0.277000 251 253 250
0.083241 0.027333 0.278000 138 132 132
0.084152 0.027333 0.278000 255 255 251
0.084757 0.027235 0.277000 255 255 251
0.085355 0.027137 0.276000 253 254 249
0.086260 0.027137 0.276000 254 253 251
0.087164 0.027137 0.276000 145 144 142
0.088068 0.027137 0.276000 101 99 100
0.088973 0.027137 0.276000 102 100 101
0.089877 0.027137 0.276000 105 105 107
0.090781 0.027137 0.276000 242 241 239
0.092018 0.027235 0.277000 254 253 251
0.092925 0.027235 0.277000 254 254 252
0.093833 0.027235 0.277000 251 253 250
0.094741 0.027235 0.277000 253 255 252
0.095648 0.027235 0.277000 255 255 253
0.096556 0.027235 0.277000 254 253 251
0.097464 0.027235 0.277000 251 247 248
0.098371 0.027235 0.277000 202 201 197
0.099279 0.027235 0.277000 121 120 115
0.100186 0.027235 0.277000 119 118 113
0.101094 0.027235 0.277000 120 116 113
0.102370 0.027333 0.278000 113 109 106
0.103281 0.027333 0.278000 102 101 99
0.104566 0.027432 0.279000 102 100 101
0.105481 0.027432 0.279000 97 97 97
0.106395 0.027432 0.279000 100 101 95
0.107309 0.027432 0.279000 101 104 97
0.108223 0.027432 0.279000 97 99 94
0.108746 0.027333 0.278000 108 110 105
0.109263 0.027235 0.277000 136 138 135
0.110170 0.027235 0.277000 250 252 247
0.110677 0.027137 0.276000 253 255 250
0.111177 0.027038 0.275000 254 255 251
0.112485 0.027137 0.276000 251 253 252
0.082942 0.028145 0.277000 68 62 64
0.083849 0.028145 0.277000 143 139 138
0.084145 0.027942 0.275000 255 254 252
0.084737 0.027840 0.274000 254 254 252
0.085635 0.027840 0.274000 252 252 250
0.086532 0.027840 0.274000 254 254 254
0.087430 0.027840 0.274000 125 125 125
0.088328 0.027840 0.274000 102 100 101
0.089226 0.027840 0.274000 110 105 109
0.090124 0.027840 0.274000 111 107 108
0.091021 0.027840 0.274000 248 247 245
0.091919 0.027840 0.274000 251 251 249
0.092817 0.027840 0.274000 255 255 253
0.094057 0.027942 0.275000 250 250 248
0.094958 0.027942 0.275000 196 195 193
0.095859 0.027942 0.275000 118 114 113
0.096760 0.027942 0.275000 109 103 103
0.097661 0.027942 0.275000 110 109 105
0.098562 0.027942 0.275000 184 185 180
0.099101 0.027840 0.274000 252 254 249
0.099999 0.027840 0.274000 248 253 249
0.101265 0.027942 0.275000 248 253 249
0.102909 0.028145 0.277000 242 244 243
0.103817 0.028145 0.277000 108 108 108
0.104724 0.028145 0.277000 100 98 101
0.105632 0.028145 0.277000 107 106 102
0.106540 0.028145 0.277000 113 112 107
0.106672 0.027942 0.275000 103 102 98
0.107181 0.027840 0.274000 105 104 102
0.108079 0.027840 0.274000 108 107 105
0.108977 0.027840 0.274000 121 120 118
0.109875 0.027840 0.274000 250 249 247
0.110368 0.027739 0.273000 254 253 249
0.110855 0.027637 0.272000 251 253 252
0.111746 0.027637 0.272000 253 253 253
0.083839 0.028740 0.274000 132 128 129
0.084118 0.028531 0.272000 238 238 238
0.085010 0.028531 0.272000 249 253 252
0.085901 0.028531 0.272000 252 255 255
0.086792 0.028531 0.272000 253 255 254
0.087683 0.028531 0.272000 120 118 119
0.088574 0.028531 0.272000 111 105 107
0.089466 0.028531 0.272000 104 104 102
0.090357 0.028531 0.272000 112 114 111
0.091584 0.028636 0.273000 243 245 242
0.092478 0.028636 0.273000 254 255 251
0.093373 0.028636 0.273000 254 255 251
0.094267 0.028636 0.273000 254 255 251
0.094813 0.028531 0.272000 249 250 245
0.095704 0.028531 0.272000 250 249 245
0.096596 0.028531 0.272000 245 247 242
0.097487 0.028531 0.272000 247 249 244
0.098378 0.028531 0.272000 221 221 219
0.099269 0.028531 0.272000 146 145 143
0.100160 0.028531 0.272000 139 137 138
0.100680 0.028426 0.271000 140 140 140
0.101568 0.028426 0.271000 143 143 145
0.102078 0.028321 0.270000 241 242 244
0.102581 0.028216 0.269000 247 248 243
0.103847 0.028321 0.270000 250 249 245
0.104732 0.028321 0.270000 239 238 234
0.106008 0.028426 0.271000 122 121 119
0.106896 0.028426 0.271000 101 101 99
0.107784 0.028426 0.271000 110 110 108
0.108672 0.028426 0.271000 117 117 115
0.109560 0.028426 0.271000 239 240 235
0.110040 0.028321 0.270000 253 254 249
0.110925 0.028321 0.270000 252 252 250
0.111395 0.028216 0.269000 254 254 252
0.112277 0.028216 0.269000 226 226 224
0.083227 0.029424 0.272000 73 69 70
0.083809 0.029316 0.271000 208 208 206
0.084384 0.029208 0.270000 253 255 252
0.085269 0.029208 0.270000 252 255 253
0.086154 0.029208 0.270000 253 255 252
0.087038 0.029208 0.270000 251 250 248
0.087923 0.029208 0.270000 116 112 111
0.088808 0.029208 0.270000 104 100 99
0.089693 0.029208 0.270000 105 101 98
0.090913 0.029316 0.271000 110 105 102
0.091801 0.029316 0.271000 204 199 196
0.092689 0.029316 0.271000 223 215 213
0.093577 0.029316 0.271000 226 218 216
0.094464 0.029316 0.271000 226 221 218
0.095352 0.029316 0.271000 227 222 219
0.095885 0.029208 0.270000 230 225 222
0.096770 0.029208 0.270000 228 223 220
0.097655 0.029208 0.270000 229 223 223
0.098539 0.029208 0.270000 195 191 190
0.099424 0.029208 0.270000 109 105 104
0.099937 0.029100 0.269000 106 102 103
0.100819 0.029100 0.269000 106 100 102
0.101700 0.029100 0.269000 138 132 134
0.102581 0.029100 0.269000 233 229 226
0.103463 0.029100 0.269000 238 235 230
0.104344 0.029100 0.269000 239 235 232
0.105617 0.029208 0.270000 236 232 229
0.106501 0.029208 0.270000 139 138 136
0.107386 0.029208 0.270000 103 102 98
0.108271 0.029208 0.270000 107 106 102
0.108751 0.029100 0.269000 110 109 105
0.109633 0.029100 0.269000 219 218 213
0.110103 0.028991 0.268000 252 251 246
0.110981 0.028991 0.268000 251 252 247
0.111859 0.028991 0.268000 254 255 253
0.083500 0.030095 0.270000 181 180 178
0.084072 0.029983 0.269000 231 230 226
0.084953 0.029983 0.269000 255 255 250
0.085835 0.029983 0.269000 255 255 250
0.086716 0.029983 0.269000 252 253 248
0.087272 0.029872 0.268000 250 251 246
0.088479 0.029983 0.269000 127 123 120
0.089360 0.029983 0.269000 116 111 108
0.090577 0.030095 0.270000 113 105 103
0.091462 0.030095 0.270000 117 107 106
0.092347 0.030095 0.270000 115 105 104
0.093231 0.030095 0.270000 116 106 105
0.094116 0.030095 0.270000 117 109 107
0.095001 0.030095 0.270000 118 113 110
0.095885 0.030095 0.270000 119 111 108
0.096412 0.029983 0.269000 117 109 107
0.097293 0.029983 0.269000 113 108 105
0.098174 0.029983 0.269000 110 106 105
0.099056 0.029983 0.269000 112 108 107
0.099937 0.029983 0.269000 112 106 106
0.100819 0.029983 0.269000 114 105 106
0.101700 0.029983 0.269000 116 107 108
0.102581 0.029983 0.269000 113 108 104
0.103463 0.029983 0.269000 114 111 106
0.104344 0.029983 0.269000 116 113 108
0.105226 0.029983 0.269000 111 107 104
0.106107 0.029983 0.269000 111 107 104
0.106988 0.029983 0.269000 113 109 106
0.107870 0.029983 0.269000 111 108 103
0.108347 0.029872 0.268000 119 116 111
0.109225 0.029872 0.268000 113 112 107
0.109692 0.029760 0.267000 195 194 189
0.110567 0.029760 0.267000 253 254 249
0.111442 0.029760 0.267000 254 255 253
0.083191 0.030867 0.269000 180 179 174
0.084072 0.030867 0.269000 184 181 176
0.084638 0.030752 0.268000 232 229 222
0.085197 0.030638 0.267000 255 255 250
0.086071 0.030638 0.267000 254 255 251
0.087272 0.030752 0.268000 248 253 249
0.088479 0.030867 0.269000 252 254 251
0.089360 0.030867 0.269000 251 253 250
0.090242 0.030867 0.269000 254 254 252
0.091123 0.030867 0.269000 254 254 252
0.092005 0.030867 0.269000 255 254 252
0.092886 0.030867 0.269000 255 254 252
0.093767 0.030867 0.269000 255 255 251
0.094649 0.030867 0.269000 254 255 251
0.095530 0.030867 0.269000 254 255 251
0.096412 0.030867 0.269000 255 255 251
0.097293 0.030867 0.269000 255 255 253
0.098174 0.030867 0.269000 255 251 250
0.098688 0.030752 0.268000 255 254 253
0.099566 0.030752 0.268000 255 252 251
0.100444 0.030752 0.268000 255 255 251
0.101322 0.030752 0.268000 254 255 250
0.102200 0.030752 0.268000 255 255 250
0.103078 0.030752 0.268000 255 255 250
0.104344 0.030867 0.269000 254 255 250
0.105226 0.030867 0.269000 253 254 249
0.106107 0.030867 0.269000 251 252 247
0.106988 0.030867 0.269000 255 255 251
0.107469 0.030752 0.268000 255 254 250
0.107943 0.030638 0.267000 254 253 248
0.108817 0.030638 0.267000 252 253 248
0.109281 0.030523 0.266000 252 253 248
0.110153 0.030523 0.266000 253 255 252
0.111025 0.030523 0.266000 250 252 251
0.080928 0.040839 0.346000 77 79 78
0.081825 0.040721 0.345000 79 81 80
0.082955 0.040721 0.345000 77 79 78
0.083842 0.040603 0.344000 78 78 78
0.084969 0.040603 0.344000 78 78 78
0.108410 0.031397 0.266000 243 243 241
0.109281 0.031397 0.266000 243 245 242
0.110153 0.031397 0.266000 243 245 244
0.110607 0.031279 0.265000 243 244 246
0.037629 0.041733 0.344000 70 78 80
0.038756 0.041733 0.344000 71 76 79
0.039883 0.041733 0.344000 72 76 79
0.041010 0.041733 0.344000 71 77 77
0.042138 0.041733 0.344000 72 78 78
0.043265 0.041733 0.344000 71 77 77
0.044392 0.041733 0.344000 72 78 78
0.045651 0.041855 0.345000 75 81 81
0.046782 0.041855 0.345000 72 78 78
0.047912 0.041855 0.345000 70 76 76
0.048900 0.041733 0.344000 71 77 77
0.050028 0.041733 0.344000 72 77 80
0.051155 0.041733 0.344000 72 76 77
0.052282 0.041733 0.344000 72 76 77
0.053409 0.041733 0.344000 73 77 78
0.054536 0.041733 0.344000 79 80 82
0.055663 0.041733 0.344000 76 78 77
0.056790 0.041733 0.344000 76 78 77
0.057918 0.041733 0.344000 73 77 76
0.059045 0.041733 0.344000 77 79 76
0.060172 0.041733 0.344000 76 78 75
0.061299 0.041733 0.344000 77 79 76
0.062426 0.041733 0.344000 76 78 75
0.063553 0.041733 0.344000 73 75 72
0.064681 0.041733 0.344000 78 80 77
0.065808 0.041733 0.344000 76 78 75
0.066935 0.041733 0.344000 76 78 75
0.068062 0.041733 0.344000 76 78 77
0.069189 0.041733 0.344000 77 79 78
0.070316 0.041733 0.344000 78 78 78
0.071443 0.041733 0.344000 79 79 79
0.072571 0.041733 0.344000 79 79 79
0.073698 0.041733 0.344000 79 79 79
0.074825 0.041733 0.344000 77 77 77
0.075952 0.041733 0.344000 78 78 78
0.077079 0.041733 0.344000 79 81 80
0.078206 0.041733 0.344000 78 80 79
0.079333 0.041733 0.344000 79 81 80
0.080227 0.041612 0.343000 79 81 80
0.081351 0.041612 0.343000 75 77 76
0.082234 0.041491 0.342000 76 76 76
0.083355 0.041491 0.342000 76 76 76
0.084228 0.041369 0.341000 77 77 77
0.037191 0.042365 0.340000 74 78 79
0.038306 0.042365 0.340000 70 74 75
0.039420 0.042365 0.340000 75 76 78
0.040534 0.042365 0.340000 72 76 77
0.041770 0.042490 0.341000 72 76 77
0.042887 0.042490 0.341000 72 76 77
0.044005 0.042490 0.341000 73 77 78
0.045122 0.042490 0.341000 78 82 83
0.046239 0.042490 0.341000 72 76 77
0.047357 0.042490 0.341000 73 77 78
0.048474 0.042490 0.341000 73 77 78
0.049591 0.042490 0.341000 74 78 79
0.050709 0.042490 0.341000 78 82 83
0.051826 0.042490 0.341000 79 83 84
0.052943 0.042490 0.341000 74 78 79
0.054061 0.042490 0.341000 77 81 82
0.055178 0.042490 0.341000 73 77 78
0.056295 0.042490 0.341000 73 77 78
0.057413 0.042490 0.341000 71 77 77
0.058530 0.042490 0.341000 74 80 80
0.059647 0.042490 0.341000 75 79 80
0.060764 0.042490 0.341000 74 78 79
0.061882 0.042490 0.341000 71 75 76
0.062999 0.042490 0.341000 71 75 76
0.064116 0.042490 0.341000 74 78 79
0.065234 0.042490 0.341000 76 80 81
0.066351 0.042490 0.341000 74 78 79
0.067468 0.042490 0.341000 75 76 78
0.068586 0.042490 0.341000 79 81 80
0.069703 0.042490 0.341000 79 81 80
0.070820 0.042490 0.341000 78 80 79
0.071938 0.042490 0.341000 76 78 75
0.073055 0.042490 0.341000 80 82 81
0.074172 0.042490 0.341000 79 81 80
0.075290 0.042490 0.341000 76 78 77
0.076407 0.042490 0.341000 78 80 79
0.077524 0.042490 0.341000 78 80 79
0.078642 0.042490 0.341000 79 81 80
0.079759 0.042490 0.341000 77 79 78
0.080876 0.042490 0.341000 78 80 79
0.081753 0.042365 0.340000 74 76 75
0.082867 0.042365 0.340000 78 80 79
0.084228 0.042490 0.341000 75 77 76
0.145549 0.043113 0.346000 155 159 162
0.146259 0.042988 0.345000 155 159 162
0.147389 0.042988 0.345000 154 157 162
0.148520 0.042988 0.345000 154 159 163
0.149650 0.042988 0.345000 151 152 157
0.150781 0.042988 0.345000 86 85 91
0.151911 0.042988 0.345000 80 79 84
0.153041 0.042988 0.345000 82 82 84
0.154172 0.042988 0.345000 80 82 81
0.155302 0.042988 0.345000 81 86 82
0.156433 0.042988 0.345000 79 85 81
0.157563 0.042988 0.345000 78 84 80
0.158694 0.042988 0.345000 76 83 76
0.159824 0.042988 0.345000 76 83 76
0.161421 0.043113 0.346000 75 82 75
0.162555 0.043113 0.346000 77 82 76
0.163688 0.043113 0.346000 79 84 78
0.164822 0.043113 0.346000 79 84 78
0.165956 0.043113 0.346000 81 83 78
0.036973 0.043226 0.338000 75 76 78
0.038080 0.043226 0.338000 76 77 79
0.039072 0.043098 0.337000 74 75 77
0.040176 0.043098 0.337000 72 76 77
0.041403 0.043226 0.338000 72 76 77
0.042510 0.043226 0.338000 73 77 78
0.043618 0.043226 0.338000 73 77 78
0.044725 0.043226 0.338000 72 76 77
0.045833 0.043226 0.338000 73 77 78
0.046940 0.043226 0.338000 72 76 77
0.048048 0.043226 0.338000 72 76 77
0.049155 0.043226 0.338000 72 76 77
0.050263 0.043226 0.338000 70 74 75
0.051370 0.043226 0.338000 74 78 79
0.052478 0.043226 0.338000 74 78 79
0.053585 0.043226 0.338000 74 78 79
0.054692 0.043226 0.338000 78 82 83
0.055800 0.043226 0.338000 70 74 75
0.056907 0.043226 0.338000 74 78 79
0.058015 0.043226 0.338000 74 78 79
0.059122 0.043226 0.338000 72 76 77
0.060230 0.043226 0.338000 74 78 77
0.061337 0.043226 0.338000 75 79 78
0.062445 0.043226 0.338000 76 80 81
0.063552 0.043226 0.338000 77 81 82
0.064660 0.043226 0.338000 77 81 82
0.065767 0.043226 0.338000 76 80 83
0.066677 0.043098 0.337000 78 79 81
0.067781 0.043098 0.337000 77 79 78
0.068885 0.043098 0.337000 78 80 79
0.069990 0.043098 0.337000 78 80 79
0.071305 0.043226 0.338000 79 81 80
0.072412 0.043226 0.338000 75 77 76
0.073520 0.043226 0.338000 78 80 79
0.074627 0.043226 0.338000 79 81 80
0.075959 0.043354 0.339000 77 79 78
0.077070 0.043354 0.339000 76 78 77
0.078180 0.043354 0.339000 74 76 75
0.079291 0.043354 0.339000 75 77 76
0.080402 0.043354 0.339000 77 79 78
0.081513 0.043354 0.339000 77 79 78
0.082623 0.043354 0.339000 75 79 78
0.083734 0.043354 0.339000 72 76 75
0.144708 0.043994 0.344000 154 159 162
0.144987 0.043738 0.342000 154 159 162
0.146108 0.043738 0.342000 153 158 161
0.147228 0.043738 0.342000 151 156 159
0.148349 0.043738 0.342000 142 143 147
0.149469 0.043738 0.342000 85 86 90
0.150590 0.043738 0.342000 82 82 84
0.151711 0.043738 0.342000 81 81 81
0.152831 0.043738 0.342000 80 82 79
0.153952 0.043738 0.342000 79 84 80
0.155072 0.043738 0.342000 78 83 77
0.156193 0.043738 0.342000 78 85 78
0.157314 0.043738 0.342000 74 81 74
0.158434 0.043738 0.342000 76 83 76
0.159555 0.043738 0.342000 77 84 77
0.161145 0.043866 0.343000 78 83 77
0.162269 0.043866 0.343000 81 86 80
0.163393 0.043866 0.343000 78 83 77
0.164517 0.043866 0.343000 79 84 78
0.165641 0.043866 0.343000 79 84 78
0.037742 0.043943 0.335000 73 74 76
0.038840 0.043943 0.335000 74 75 77
0.039938 0.043943 0.335000 71 75 76
0.041035 0.043943 0.335000 72 76 77
0.042133 0.043943 0.335000 73 77 78
0.043230 0.043943 0.335000 72 76 77
0.044196 0.043812 0.334000 72 76 77
0.045290 0.043812 0.334000 71 75 76
0.046385 0.043812 0.334000 71 75 76
0.047479 0.043812 0.334000 72 76 77
0.048719 0.043943 0.335000 71 76 79
0.049816 0.043943 0.335000 69 74 77
0.050914 0.043943 0.335000 70 76 76
0.052012 0.043943 0.335000 71 75 76
0.053109 0.043943 0.335000 72 76 77
0.054207 0.043943 0.335000 77 81 82
0.055305 0.043943 0.335000 71 75 74
0.056402 0.043943 0.335000 73 77 76
0.057500 0.043943 0.335000 70 74 75
0.058598 0.043943 0.335000 74 78 79
0.059695 0.043943 0.335000 73 77 76
0.060793 0.043943 0.335000 73 77 76
0.061891 0.043943 0.335000 77 79 78
0.062988 0.043943 0.335000 77 78 80
0.064086 0.043943 0.335000 76 77 79
0.065184 0.043943 0.335000 76 77 79
0.066281 0.043943 0.335000 76 77 79
0.067379 0.043943 0.335000 77 79 78
0.068477 0.043943 0.335000 76 78 77
0.069574 0.043943 0.335000 76 78 77
0.070672 0.043943 0.335000 75 77 76
0.071770 0.043943 0.335000 80 82 81
0.072867 0.043943 0.335000 77 79 78
0.073965 0.043943 0.335000 78 80 79
0.075287 0.044074 0.336000 75 77 76
0.076388 0.044074 0.336000 77 79 78
0.077488 0.044074 0.336000 78 80 79
0.078589 0.044074 0.336000 75 77 76
0.079690 0.044074 0.336000 75 77 76
0.081032 0.044205 0.337000 74 76 75
0.082136 0.044205 0.337000 74 78 77
0.083240 0.044205 0.337000 71 75 74
0.143291 0.044337 0.338000 153 159 159
0.144399 0.044337 0.338000 154 160 160
0.145506 0.044337 0.338000 149 155 155
0.146614 0.044337 0.338000 114 115 119
0.147721 0.044337 0.338000 84 85 87
0.149269 0.044468 0.339000 81 82 84
0.150380 0.044468 0.339000 81 83 82
0.151491 0.044468 0.339000 79 81 78
0.152601 0.044468 0.339000 80 82 79
0.153712 0.044468 0.339000 78 83 79
0.154823 0.044468 0.339000 78 83 79
0.155934 0.044468 0.339000 77 83 79
0.157044 0.044468 0.339000 77 83 79
0.158155 0.044468 0.339000 77 83 79
0.159266 0.044468 0.339000 76 82 78
0.160377 0.044468 0.339000 78 83 77
0.161964 0.044599 0.340000 80 85 79
0.163078 0.044599 0.340000 77 82 76
0.164192 0.044599 0.340000 78 83 77
0.165306 0.044599 0.340000 77 82 78
0.166420 0.044599 0.340000 78 83 79
0.037404 0.044640 0.332000 73 77 78
0.038492 0.044640 0.332000 70 74 75
0.039580 0.044640 0.332000 71 75 76
0.040668 0.044640 0.332000 73 77 78
0.041756 0.044640 0.332000 72 76 77
0.042843 0.044640 0.332000 72 76 77
0.043931 0.044640 0.332000 74 78 79
0.045019 0.044640 0.332000 73 77 78
0.046107 0.044640 0.332000 73 77 78
0.047195 0.044640 0.332000 77 81 82
0.048282 0.044640 0.332000 74 79 82
0.049370 0.044640 0.332000 71 76 79
0.050458 0.044640 0.332000 72 77 80
0.051546 0.044640 0.332000 72 76 77
0.052634 0.044640 0.332000 72 76 77
0.053722 0.044640 0.332000 75 77 76
0.054809 0.044640 0.332000 73 75 74
0.055897 0.044640 0.332000 74 76 75
0.056985 0.044640 0.332000 75 76 78
0.058073 0.044640 0.332000 75 77 76
0.059161 0.044640 0.332000 74 76 75
0.060249 0.044640 0.332000 76 78 77
0.061336 0.044640 0.332000 76 78 77
0.062424 0.044640 0.332000 75 77 76
0.063512 0.044640 0.332000 74 75 77
0.064600 0.044640 0.332000 76 77 79
0.065688 0.044640 0.332000 76 77 79
0.066776 0.044640 0.332000 76 78 77
0.067863 0.044640 0.332000 76 78 77
0.068951 0.044640 0.332000 74 76 75
0.070039 0.044640 0.332000 76 78 77
0.071127 0.044640 0.332000 73 75 74
0.072215 0.044640 0.332000 74 76 75
0.073302 0.044640 0.332000 74 76 75
0.074614 0.044775 0.333000 77 78 80
0.075705 0.044775 0.333000 76 78 77
0.076797 0.044775 0.333000 76 78 77
0.077888 0.044775 0.333000 77 79 78
0.078979 0.044775 0.333000 76 78 77
0.080070 0.044775 0.333000 75 77 76
0.081405 0.044909 0.334000 76 78 77
0.142443 0.045178 0.336000 153 157 158
0.143117 0.045044 0.335000 154 160 160
0.144215 0.045044 0.335000 148 154 154
0.145313 0.045044 0.335000 101 105 108
0.146410 0.045044 0.335000 79 83 84
0.147948 0.045178 0.336000 77 81 82
0.149049 0.045178 0.336000 77 81 80
0.150150 0.045178 0.336000 78 80 79
0.151251 0.045178 0.336000 77 79 78
0.152352 0.045178 0.336000 78 80 79
0.153453 0.045178 0.336000 76 80 79
0.154554 0.045178 0.336000 78 82 81
0.155655 0.045178 0.336000 77 81 80
0.156289 0.045044 0.335000 77 81 80
0.157387 0.045044 0.335000 77 82 78
0.158484 0.045044 0.335000 77 82 78
0.159582 0.045044 0.335000 75 80 74
0.160680 0.045044 0.335000 82 84 79
0.162260 0.045178 0.336000 80 83 76
0.163361 0.045178 0.336000 81 83 80
0.164462 0.045178 0.336000 79 84 80
0.165563 0.045178 0.336000 78 83 79
0.166664 0.045178 0.336000 77 82 78
0.037179 0.045455 0.330000 72 76 77
0.038260 0.045455 0.330000 72 76 77
0.039341 0.045455 0.330000 72 76 77
0.040423 0.045455 0.330000 72 76 77
0.041504 0.045455 0.330000 73 77 78
0.042585 0.045455 0.330000 75 79 80
0.043667 0.045455 0.330000 73 77 78
0.044748 0.045455 0.330000 72 76 77
0.045829 0.045455 0.330000 71 75 76
0.046910 0.045455 0.330000 74 78 79
0.047846 0.045318 0.329000 74 79 82
0.048924 0.045318 0.329000 71 76 79
0.050002 0.045318 0.329000 72 77 80
0.051080 0.045318 0.329000 73 77 78
0.052158 0.045318 0.329000 72 76 77
0.053236 0.045318 0.329000 76 78 77
0.054314 0.045318 0.329000 73 75 74
0.055392 0.045318 0.329000 74 76 75
0.056470 0.045318 0.329000 74 75 77
0.057548 0.045318 0.329000 73 75 74
0.058626 0.045318 0.329000 75 77 76
0.059886 0.045455 0.330000 76 78 77
0.060967 0.045455 0.330000 75 77 76
0.062048 0.045455 0.330000 76 78 77
0.063129 0.045455 0.330000 76 76 76
0.064211 0.045455 0.330000 77 77 77
0.065094 0.045318 0.329000 74 75 77
0.066172 0.045318 0.329000 74 76 75
0.067250 0.045318 0.329000 75 77 76
0.068328 0.045318 0.329000 75 77 76
0.069406 0.045318 0.329000 76 78 77
0.070484 0.045318 0.329000 74 78 77
0.071562 0.045318 0.329000 72 76 77
0.072640 0.045318 0.329000 74 78 79
0.073718 0.045318 0.329000 73 77 78
0.074796 0.045318 0.329000 74 76 75
0.075874 0.045318 0.329000 76 78 77
0.076952 0.045318 0.329000 75 77 76
0.078030 0.045318 0.329000 73 75 74
0.079108 0.045318 0.329000 76 78 77
0.080186 0.045318 0.329000 75 77 76
0.082005 0.045731 0.332000 73 74 76
0.140748 0.045731 0.332000 152 156 157
0.141836 0.045731 0.332000 150 155 158
0.142923 0.045731 0.332000 146 151 154
0.144011 0.045731 0.332000 91 95 98
0.145536 0.045869 0.333000 82 86 87
0.146627 0.045869 0.333000 78 82 83
0.147718 0.045869 0.333000 79 83 82
0.148809 0.045869 0.333000 76 80 79
0.149900 0.045869 0.333000 75 79 78
0.150992 0.045869 0.333000 77 79 78
0.152083 0.045869 0.333000 79 81 80
0.153174 0.045869 0.333000 80 82 81
0.154265 0.045869 0.333000 78 80 79
0.155356 0.045869 0.333000 79 81 80
0.155977 0.045731 0.332000 79 81 80
0.157065 0.045731 0.332000 78 80 77
0.158153 0.045731 0.332000 78 80 77
0.159241 0.045731 0.332000 82 83 78
0.160329 0.045731 0.332000 81 82 76
0.161416 0.045731 0.332000 84 86 83
0.162994 0.045869 0.333000 76 78 73
0.164085 0.045869 0.333000 78 83 77
0.165176 0.045869 0.333000 77 82 78
0.166267 0.045869 0.333000 77 82 78
0.036841 0.046116 0.327000 70 74 75
0.037912 0.046116 0.327000 70 76 76
0.038984 0.046116 0.327000 70 74 75
0.040055 0.046116 0.327000 71 75 76
0.041127 0.046116 0.327000 72 76 77
0.042198 0.046116 0.327000 76 80 81
0.043270 0.046116 0.327000 74 78 79
0.044341 0.046116 0.327000 72 76 77
0.045412 0.046116 0.327000 71 75 76
0.046484 0.046116 0.327000 72 76 77
0.047555 0.046116 0.327000 71 75 78
0.048627 0.046116 0.327000 71 75 78
0.049698 0.046116 0.327000 72 76 77
0.050614 0.045975 0.326000 71 75 76
0.051683 0.045975 0.326000 70 74 75
0.052751 0.045975 0.326000 75 76 78
0.053819 0.045975 0.326000 76 78 77
0.054887 0.045975 0.326000 70 72 71
0.055955 0.045975 0.326000 75 77 76
0.057023 0.045975 0.326000 74 76 75
0.058092 0.045975 0.326000 74 76 75
0.059160 0.045975 0.326000 74 76 75
0.060228 0.045975 0.326000 74 76 73
0.061296 0.045975 0.326000 75 77 76
0.062364 0.045975 0.326000 75 75 75
0.063432 0.045975 0.326000 75 75 75
0.064501 0.045975 0.326000 75 76 78
0.065569 0.045975 0.326000 74 76 75
0.066637 0.045975 0.326000 75 77 76
0.067705 0.045975 0.326000 75 77 76
0.068773 0.045975 0.326000 72 76 75
0.069841 0.045975 0.326000 71 75 74
0.070910 0.045975 0.326000 70 74 75
0.071978 0.045975 0.326000 72 76 77
0.073046 0.045975 0.326000 73 77 78
0.074114 0.045975 0.326000 72 76 75
0.075182 0.045975 0.326000 78 80 79
0.076250 0.045975 0.326000 75 77 74
0.077319 0.045975 0.326000 74 76 73
0.078387 0.045975 0.326000 75 77 76
0.079455 0.045975 0.326000 75 77 76
0.080770 0.046116 0.327000 75 76 78
0.139476 0.046398 0.329000 151 155 156
0.140554 0.046398 0.329000 150 155 158
0.141632 0.046398 0.329000 149 154 158
0.142710 0.046398 0.329000 87 91 94
0.144225 0.046540 0.330000 76 80 83
0.145306 0.046540 0.330000 79 83 84
0.146387 0.046540 0.330000 77 83 83
0.147469 0.046540 0.330000 75 79 78
0.148550 0.046540 0.330000 76 80 79
0.149631 0.046540 0.330000 75 79 78
0.150713 0.046540 0.330000 74 78 77
0.151794 0.046540 0.330000 79 81 80
0.152875 0.046540 0.330000 78 80 79
0.153490 0.046398 0.329000 78 82 81
0.154568 0.046398 0.329000 78 82 81
0.155646 0.046398 0.329000 79 81 80
0.156724 0.046398 0.329000 79 81 78
0.157802 0.046398 0.329000 80 81 76
0.158880 0.046398 0.329000 81 80 75
0.159958 0.046398 0.329000 80 81 76
0.161036 0.046398 0.329000 79 81 76
0.162114 0.046398 0.329000 80 85 79
0.163688 0.046540 0.330000 77 84 77
0.164769 0.046540 0.330000 76 82 78
0.165850 0.046540 0.330000 77 82 78
0.037565 0.046758 0.324000 71 77 77
0.038626 0.046758 0.324000 70 74 75
0.039688 0.046758 0.324000 72 76 77
0.040749 0.046758 0.324000 72 76 77
0.041811 0.046758 0.324000 73 77 78
0.042873 0.046758 0.324000 77 81 82
0.043934 0.046758 0.324000 73 77 78
0.044996 0.046758 0.324000 71 75 76
0.046200 0.046902 0.325000 72 76 77
0.047264 0.046902 0.325000 72 76 77
0.048329 0.046902 0.325000 72 76 77
0.049242 0.046758 0.324000 71 75 76
0.050304 0.046758 0.324000 71 75 76
0.051365 0.046758 0.324000 74 78 79
0.052427 0.046758 0.324000 72 76 77
0.053489 0.046758 0.324000 71 75 76
0.054550 0.046758 0.324000 74 78 79
0.055612 0.046758 0.324000 74 76 75
0.056499 0.046613 0.323000 74 76 75
0.057557 0.046613 0.323000 74 76 75
0.058615 0.046613 0.323000 75 77 74
0.059674 0.046613 0.323000 76 78 75
0.060732 0.046613 0.323000 74 76 73
0.061982 0.046758 0.324000 74 76 73
0.063043 0.046758 0.324000 75 75 75
0.064105 0.046758 0.324000 74 76 75
0.064965 0.046613 0.323000 73 75 74
0.066024 0.046613 0.323000 74 76 75
0.067082 0.046613 0.323000 73 75 74
0.068140 0.046613 0.323000 73 77 76
0.069199 0.046613 0.323000 73 77 78
0.070257 0.046613 0.323000 74 78 79
0.071315 0.046613 0.323000 74 78 79
0.072374 0.046613 0.323000 70 74 73
0.073432 0.046613 0.323000 73 77 76
0.074721 0.046758 0.324000 77 79 76
0.075783 0.046758 0.324000 73 75 72
0.076844 0.046758 0.324000 76 78 75
0.077906 0.046758 0.324000 74 76 73
0.078967 0.046758 0.324000 74 76 75
0.080029 0.046758 0.324000 74 76 75
0.081091 0.046758 0.324000 73 75 74
0.138204 0.047046 0.326000 150 154 157
0.139272 0.047046 0.326000 150 154 157
0.140340 0.047046 0.326000 148 153 157
0.141409 0.047046 0.326000 83 86 91
0.142477 0.047046 0.326000 79 83 86
0.143545 0.047046 0.326000 76 80 83
0.144613 0.047046 0.326000 76 82 82
0.145681 0.047046 0.326000 76 82 82
0.146749 0.047046 0.326000 77 83 81
0.147818 0.047046 0.326000 76 80 79
0.148886 0.047046 0.326000 77 81 80
0.149954 0.047046 0.326000 76 81 77
0.151022 0.047046 0.326000 77 81 80
0.152090 0.047046 0.326000 77 81 80
0.153158 0.047046 0.326000 75 81 79
0.154227 0.047046 0.326000 76 82 80
0.155295 0.047046 0.326000 78 83 79
0.156363 0.047046 0.326000 80 82 77
0.157431 0.047046 0.326000 78 81 74
0.158499 0.047046 0.326000 78 79 74
0.159567 0.047046 0.326000 82 84 79
0.160636 0.047046 0.326000 77 82 76
0.161704 0.047046 0.326000 76 83 76
0.162772 0.047046 0.326000 77 83 79
0.164343 0.047191 0.327000 76 82 78
0.165414 0.047191 0.327000 79 83 82
0.166486 0.047191 0.327000 77 79 78
0.037217 0.047379 0.321000 69 75 75
0.038268 0.047379 0.321000 70 74 75
0.039320 0.047379 0.321000 72 76 77
0.040372 0.047379 0.321000 73 77 78
0.041424 0.047379 0.321000 72 76 77
0.042476 0.047379 0.321000 71 75 76
0.043527 0.047379 0.321000 69 73 74
0.044579 0.047379 0.321000 70 74 75
0.045631 0.047379 0.321000 70 74 75
0.046683 0.047379 0.321000 72 73 75
0.047883 0.047527 0.322000 71 72 74
0.048938 0.047527 0.322000 72 73 75
0.049838 0.047379 0.321000 71 75 76
0.050890 0.047379 0.321000 77 81 82
0.051942 0.047379 0.321000 73 77 78
0.052993 0.047379 0.321000 73 77 78
0.054045 0.047379 0.321000 78 82 83
0.055097 0.047379 0.321000 74 76 75
0.055974 0.047232 0.320000 75 77 76
0.057022 0.047232 0.320000 74 76 75
0.058071 0.047232 0.320000 74 76 73
0.059119 0.047232 0.320000 73 75 72
0.060356 0.047379 0.321000 75 77 74
0.061408 0.047379 0.321000 72 74 71
0.062460 0.047379 0.321000 73 75 72
0.063511 0.047379 0.321000 73 75 74
0.064563 0.047379 0.321000 74 76 75
0.065615 0.047379 0.321000 74 76 75
0.066667 0.047379 0.321000 74 76 75
0.067718 0.047379 0.321000 73 77 76
0.068770 0.047379 0.321000 71 75 76
0.069822 0.047379 0.321000 72 76 77
0.070874 0.047379 0.321000 71 75 76
0.071926 0.047379 0.321000 73 77 76
0.072977 0.047379 0.321000 72 76 75
0.074029 0.047379 0.321000 74 76 73
0.075081 0.047379 0.321000 74 76 71
0.076133 0.047379 0.321000 74 76 71
0.077425 0.047527 0.322000 73 75 72
0.078236 0.047379 0.321000 75 77 76
0.079288 0.047379 0.321000 73 75 74
0.080340 0.047379 0.321000 76 76 76
0.081392 0.047379 0.321000 75 75 75
0.136508 0.047527 0.322000 148 152 155
0.137563 0.047527 0.322000 151 155 158
0.139049 0.047675 0.323000 151 155 158
0.140107 0.047675 0.323000 84 85 90
0.141166 0.047675 0.323000 78 81 86
0.142224 0.047675 0.323000 75 79 82
0.143282 0.047675 0.323000 76 82 82
0.144341 0.047675 0.323000 75 81 81
0.145399 0.047675 0.323000 74 80 78
0.146457 0.047675 0.323000 74 80 78
0.147516 0.047675 0.323000 77 81 80
0.148574 0.047675 0.323000 76 82 78
0.150096 0.047822 0.324000 76 82 78
0.150691 0.047675 0.323000 73 82 79
0.151749 0.047675 0.323000 74 83 80
0.153280 0.047822 0.324000 75 84 81
0.153866 0.047675 0.323000 77 83 79
0.154924 0.047675 0.323000 80 85 79
0.155982 0.047675 0.323000 79 84 78
0.157041 0.047675 0.323000 81 82 77
0.158099 0.047675 0.323000 76 78 73
0.159157 0.047675 0.323000 78 83 77
0.160216 0.047675 0.323000 74 81 74
0.161773 0.047822 0.324000 71 80 75
0.162835 0.047822 0.324000 76 82 80
0.163391 0.047675 0.323000 80 84 83
0.164449 0.047675 0.323000 79 81 80
0.036869 0.047981 0.318000 72 74 73
0.037911 0.047981 0.318000 71 75 76
0.038953 0.047981 0.318000 70 74 75
0.039995 0.047981 0.318000 71 75 76
0.041037 0.047981 0.318000 69 75 75
0.042079 0.047981 0.318000 71 75 76
0.043121 0.047981 0.318000 71 75 76
0.044163 0.047981 0.318000 73 74 76
0.045205 0.047981 0.318000 73 75 74
0.046246 0.047981 0.318000 73 74 76
0.047288 0.047981 0.318000 73 77 78
0.048330 0.047981 0.318000 72 73 75
0.049528 0.048132 0.319000 75 76 78
0.050573 0.048132 0.319000 73 73 75
0.051618 0.048132 0.319000 77 77 79
0.052498 0.047981 0.318000 75 76 78
0.053540 0.047981 0.318000 74 75 77
0.054582 0.047981 0.318000 74 76 75
0.055624 0.047981 0.318000 75 77 76
0.056666 0.047981 0.318000 76 78 77
0.057708 0.047981 0.318000 74 76 75
0.058750 0.047981 0.318000 76 78 77
0.059792 0.047981 0.318000 77 77 77
0.060834 0.047981 0.318000 74 74 74
0.061876 0.047981 0.318000 77 77 77
0.062918 0.047981 0.318000 74 76 75
0.063960 0.047981 0.318000 73 75 74
0.065002 0.047981 0.318000 74 76 75
0.066044 0.047981 0.318000 71 73 72
0.067086 0.047981 0.318000 74 76 75
0.068128 0.047981 0.318000 73 75 74
0.069169 0.047981 0.318000 72 74 73
0.070211 0.047981 0.318000 71 75 74
0.071253 0.047981 0.318000 74 76 75
0.072295 0.047981 0.318000 75 77 76
0.073337 0.047981 0.318000 72 74 73
0.074379 0.047981 0.318000 73 75 74
0.075421 0.047981 0.318000 75 77 76
0.076463 0.047981 0.318000 72 74 73
0.077505 0.047981 0.318000 73 73 73
0.078547 0.047981 0.318000 73 73 73
0.079589 0.047981 0.318000 71 73 70
0.081138 0.048283 0.320000 75 77 76
0.135660 0.048283 0.320000 152 156 157
0.136709 0.048283 0.320000 148 152 155
0.137757 0.048283 0.320000 149 152 157
0.139240 0.048434 0.321000 87 88 92
0.140292 0.048434 0.321000 79 80 84
0.141343 0.048434 0.321000 79 80 84
0.142395 0.048434 0.321000 77 81 82
0.143447 0.048434 0.321000 73 77 78
0.144499 0.048434 0.321000 72 76 77
0.145550 0.048434 0.321000 74 78 79
0.146602 0.048434 0.321000 74 78 79
0.147654 0.048434 0.321000 78 82 83
0.148706 0.048434 0.321000 76 80 81
0.149758 0.048434 0.321000 70 76 76
0.150809 0.048434 0.321000 75 81 81
0.152334 0.048585 0.322000 76 82 80
0.152913 0.048434 0.321000 74 80 76
0.153965 0.048434 0.321000 78 83 79
0.155016 0.048434 0.321000 76 81 75
0.156068 0.048434 0.321000 81 82 77
0.157120 0.048434 0.321000 78 80 75
0.158172 0.048434 0.321000 78 80 75
0.159224 0.048434 0.321000 78 83 79
0.160275 0.048434 0.321000 79 84 80
0.161327 0.048434 0.321000 77 83 79
0.162379 0.048434 0.321000 78 84 82
0.163431 0.048434 0.321000 76 82 80
0.037672 0.048718 0.316000 72 76 77
0.038708 0.048718 0.316000 72 76 77
0.039743 0.048718 0.316000 73 77 78
0.040779 0.048718 0.316000 72 76 77
0.041814 0.048718 0.316000 70 74 75
0.042849 0.048718 0.316000 73 74 76
0.043746 0.048563 0.315000 74 76 75
0.044778 0.048563 0.315000 74 74 74
0.045810 0.048563 0.315000 72 73 75
0.046842 0.048563 0.315000 72 73 75
0.047874 0.048563 0.315000 74 75 77
0.049062 0.048718 0.316000 74 74 76
0.050097 0.048718 0.316000 76 76 78
0.051133 0.048718 0.316000 75 75 77
0.052168 0.048718 0.316000 74 75 77
0.053203 0.048718 0.316000 74 75 77
0.054067 0.048563 0.315000 73 75 74
0.055099 0.048563 0.315000 75 77 76
0.056131 0.048563 0.315000 74 76 75
0.057164 0.048563 0.315000 74 76 75
0.058196 0.048563 0.315000 75 77 76
0.059228 0.048563 0.315000 75 77 76
0.060260 0.048563 0.315000 73 75 74
0.061292 0.048563 0.315000 73 75 74
0.062324 0.048563 0.315000 73 75 74
0.063356 0.048563 0.315000 80 82 81
0.064388 0.048563 0.315000 72 74 73
0.065421 0.048563 0.315000 77 79 78
0.066453 0.048563 0.315000 74 76 75
0.067485 0.048563 0.315000 71 73 72
0.068517 0.048563 0.315000 73 75 74
0.069549 0.048563 0.315000 73 77 76
0.070581 0.048563 0.315000 75 77 76
0.071613 0.048563 0.315000 73 75 74
0.072645 0.048563 0.315000 73 75 74
0.073678 0.048563 0.315000 72 74 73
0.074710 0.048563 0.315000 72 74 73
0.075742 0.048563 0.315000 74 76 75
0.076774 0.048563 0.315000 75 77 76
0.077559 0.048409 0.314000 74 76 75
0.078588 0.048409 0.314000 74 76 75
0.079363 0.048255 0.313000 73 75 74
0.134813 0.049026 0.318000 150 154 155
0.135855 0.049026 0.318000 148 152 155
0.136896 0.049026 0.318000 146 149 154
0.137938 0.049026 0.318000 86 87 91
0.138980 0.049026 0.318000 81 81 83
0.140463 0.049180 0.319000 78 78 80
0.141508 0.049180 0.319000 79 81 80
0.142553 0.049180 0.319000 82 84 83
0.143598 0.049180 0.319000 79 81 80
0.144644 0.049180 0.319000 85 87 86
0.145689 0.049180 0.319000 78 82 81
0.146734 0.049180 0.319000 77 81 82
0.147779 0.049180 0.319000 76 80 81
0.148825 0.049180 0.319000 75 81 81
0.149870 0.049180 0.319000 77 83 83
0.150915 0.049180 0.319000 72 78 76
0.151960 0.049180 0.319000 75 79 78
0.153005 0.049180 0.319000 77 82 78
0.154051 0.049180 0.319000 79 81 78
0.155096 0.049180 0.319000 79 80 75
0.156141 0.049180 0.319000 79 81 78
0.157186 0.049180 0.319000 79 81 78
0.158232 0.049180 0.319000 77 82 78
0.159277 0.049180 0.319000 77 82 78
0.160322 0.049180 0.319000 71 77 73
0.161367 0.049180 0.319000 74 80 76
0.161903 0.049026 0.318000 76 82 78
0.037315 0.049283 0.313000 71 75 76
0.038340 0.049283 0.313000 71 75 76
0.039366 0.049283 0.313000 71 75 76
0.040391 0.049283 0.313000 70 74 75
0.041417 0.049283 0.313000 73 77 78
0.042443 0.049283 0.313000 73 75 74
0.043468 0.049283 0.313000 74 76 75
0.044494 0.049283 0.313000 74 74 74
0.045519 0.049283 0.313000 72 74 73
0.046545 0.049283 0.313000 71 73 72
0.047570 0.049283 0.313000 76 78 77
0.048596 0.049283 0.313000 74 74 74
0.049622 0.049283 0.313000 74 74 74
0.050647 0.049283 0.313000 75 75 75
0.051673 0.049283 0.313000 74 76 75
0.052698 0.049283 0.313000 74 76 75
0.053724 0.049283 0.313000 73 75 74
0.054749 0.049283 0.313000 72 74 73
0.055597 0.049126 0.312000 74 76 75
0.056619 0.049126 0.312000 75 77 76
0.057641 0.049126 0.312000 72 76 75
0.058664 0.049126 0.312000 72 76 75
0.059686 0.049126 0.312000 71 75 74
0.060708 0.049126 0.312000 72 76 75
0.061928 0.049283 0.313000 72 74 73
0.062954 0.049283 0.313000 70 72 71
0.063980 0.049283 0.313000 73 75 74
0.065005 0.049283 0.313000 70 72 71
0.066031 0.049283 0.313000 73 75 74
0.067056 0.049283 0.313000 72 74 73
0.068082 0.049283 0.313000 72 76 75
0.069107 0.049283 0.313000 71 75 74
0.070133 0.049283 0.313000 71 75 74
0.071159 0.049283 0.313000 78 82 81
0.071954 0.049126 0.312000 75 79 78
0.072976 0.049126 0.312000 72 76 75
0.073998 0.049126 0.312000 70 74 73
0.075020 0.049126 0.312000 72 76 75
0.076043 0.049126 0.312000 72 76 75
0.077065 0.049126 0.312000 71 75 74
0.077837 0.048968 0.311000 71 73 72
0.078856 0.048968 0.311000 73 75 74
0.079618 0.048811 0.310000 72 74 73
0.080634 0.048811 0.310000 72 74 73
0.081386 0.048653 0.309000 75 77 76
0.133965 0.049756 0.316000 150 154 155
0.135000 0.049756 0.316000 146 150 153
0.136035 0.049756 0.316000 141 142 146
0.137071 0.049756 0.316000 87 87 89
0.138106 0.049756 0.316000 81 79 80
0.139142 0.049756 0.316000 80 78 79
0.140177 0.049756 0.316000 77 77 75
0.141213 0.049756 0.316000 79 79 77
0.142248 0.049756 0.316000 81 81 79
0.143283 0.049756 0.316000 83 85 82
0.144319 0.049756 0.316000 80 82 79
0.145814 0.049913 0.317000 77 81 80
0.146853 0.049913 0.317000 76 80 79
0.147891 0.049913 0.317000 76 82 80
0.148930 0.049913 0.317000 74 80 78
0.149969 0.049913 0.317000 75 79 78
0.151007 0.049913 0.317000 78 80 79
0.152046 0.049913 0.317000 76 78 77
0.153085 0.049913 0.317000 82 82 80
0.153637 0.049756 0.316000 79 81 78
0.155162 0.049913 0.317000 78 80 77
0.156201 0.049913 0.317000 77 79 76
0.156744 0.049756 0.316000 75 80 76
0.157779 0.049756 0.316000 72 77 73
0.158814 0.049756 0.316000 77 82 78
0.159850 0.049756 0.316000 78 83 77
0.160885 0.049756 0.316000 77 82 76
0.036957 0.049829 0.310000 72 73 75
0.037973 0.049829 0.310000 73 74 76
0.038989 0.049829 0.310000 71 72 74
0.040133 0.049990 0.311000 71 72 74
0.041020 0.049829 0.310000 71 73 72
0.042036 0.049829 0.310000 71 73 72
0.043190 0.049990 0.311000 73 75 74
0.044209 0.049990 0.311000 73 75 74
0.045228 0.049990 0.311000 75 77 76
0.046247 0.049990 0.311000 74 76 75
0.047266 0.049990 0.311000 74 76 75
0.048286 0.049990 0.311000 76 76 76
0.049305 0.049990 0.311000 76 76 76
0.050324 0.049990 0.311000 74 74 74
0.051343 0.049990 0.311000 72 74 73
0.052362 0.049990 0.311000 73 75 74
0.053209 0.049829 0.310000 74 75 77
0.054225 0.049829 0.310000 74 75 77
0.055240 0.049829 0.310000 74 75 77
0.056256 0.049829 0.310000 73 77 78
0.057272 0.049829 0.310000 71 75 76
0.058288 0.049829 0.310000 71 75 76
0.059303 0.049829 0.310000 70 76 76
0.060319 0.049829 0.310000 70 76 76
0.061335 0.049829 0.310000 72 74 73
0.062351 0.049829 0.310000 73 75 74
0.063366 0.049829 0.310000 73 75 74
0.064382 0.049829 0.310000 74 76 75
0.065609 0.049990 0.311000 71 73 72
0.066628 0.049990 0.311000 73 75 74
0.067647 0.049990 0.311000 71 73 72
0.068666 0.049990 0.311000 71 73 72
0.069461 0.049829 0.310000 70 74 73
0.070477 0.049829 0.310000 74 78 77
0.071492 0.049829 0.310000 71 75 74
0.072508 0.049829 0.310000 70 74 73
0.073524 0.049829 0.310000 71 75 74
0.074540 0.049829 0.310000 70 76 74
0.075555 0.049829 0.310000 69 75 73
0.076571 0.049829 0.310000 69 75 73
0.077587 0.049829 0.310000 72 76 75
0.078349 0.049669 0.309000 72 76 75
0.079361 0.049669 0.309000 71 75 74
0.080114 0.049508 0.308000 74 76 75
0.080860 0.049347 0.307000 74 76 75
0.081865 0.049347 0.307000 72 76 75
0.133117 0.050472 0.314000 148 154 154
0.134146 0.050472 0.314000 145 149 152
0.135175 0.050472 0.314000 130 131 135
0.136203 0.050472 0.314000 87 85 88
0.137232 0.050472 0.314000 80 78 79
0.138261 0.050472 0.314000 80 78 79
0.138846 0.050312 0.313000 81 81 79
0.140319 0.050472 0.314000 80 81 76
0.140897 0.050312 0.313000 79 81 76
0.141923 0.050312 0.313000 79 81 76
0.142949 0.050312 0.313000 76 79 72
0.143974 0.050312 0.313000 76 81 77
0.145000 0.050312 0.313000 75 79 78
0.146492 0.050472 0.314000 75 79 78
0.147521 0.050472 0.314000 74 78 77
0.148550 0.050472 0.314000 72 76 75
0.149578 0.050472 0.314000 77 79 78
0.150607 0.050472 0.314000 81 81 81
0.151636 0.050472 0.314000 80 78 79
0.152665 0.050472 0.314000 79 81 80
0.153694 0.050472 0.314000 78 80 79
0.154723 0.050472 0.314000 74 79 75
0.155751 0.050472 0.314000 73 78 74
0.156780 0.050472 0.314000 75 80 76
0.157809 0.050472 0.314000 77 82 76
0.158332 0.050312 0.313000 75 80 74
0.159867 0.050472 0.314000 76 81 75
0.036719 0.050520 0.308000 72 73 75
0.037728 0.050520 0.308000 79 80 82
0.038737 0.050520 0.308000 73 74 76
0.039746 0.050520 0.308000 74 75 77
0.040755 0.050520 0.308000 73 75 74
0.041765 0.050520 0.308000 74 76 75
0.042774 0.050520 0.308000 73 75 74
0.043783 0.050520 0.308000 74 76 75
0.044792 0.050520 0.308000 73 75 74
0.045801 0.050520 0.308000 72 74 73
0.046811 0.050520 0.308000 73 75 74
0.047820 0.050520 0.308000 74 76 75
0.048829 0.050520 0.308000 73 75 74
0.049838 0.050520 0.308000 74 76 75
0.050847 0.050520 0.308000 73 75 74
0.051856 0.050520 0.308000 74 76 75
0.052866 0.050520 0.308000 72 73 75
0.053875 0.050520 0.308000 73 74 76
0.054884 0.050520 0.308000 74 75 77
0.055893 0.050520 0.308000 72 76 77
0.056902 0.050520 0.308000 70 74 75
0.057912 0.050520 0.308000 69 73 74
0.058921 0.050520 0.308000 69 75 75
0.059930 0.050520 0.308000 71 77 77
0.060939 0.050520 0.308000 71 73 72
0.061948 0.050520 0.308000 72 74 73
0.062958 0.050520 0.308000 72 74 73
0.063967 0.050520 0.308000 72 74 73
0.064976 0.050520 0.308000 72 74 73
0.065985 0.050520 0.308000 72 74 73
0.066994 0.050520 0.308000 72 74 73
0.068004 0.050520 0.308000 72 74 73
0.069013 0.050520 0.308000 68 72 71
0.070022 0.050520 0.308000 67 71 70
0.071031 0.050520 0.308000 70 74 73
0.072040 0.050520 0.308000 71 75 74
0.073049 0.050520 0.308000 70 74 73
0.074059 0.050520 0.308000 70 76 74
0.075068 0.050520 0.308000 66 72 70
0.076077 0.050520 0.308000 68 77 74
0.076836 0.050356 0.307000 69 75 73
0.077842 0.050356 0.307000 70 74 73
0.078848 0.050356 0.307000 70 74 73
0.079594 0.050192 0.306000 71 75 74
0.080596 0.050192 0.306000 72 77 73
0.081599 0.050192 0.306000 73 77 76
0.132269 0.051176 0.312000 147 153 153
0.133291 0.051176 0.312000 144 148 151
0.133883 0.051012 0.311000 119 120 124
0.134902 0.051012 0.311000 81 82 86
0.135921 0.051012 0.311000 78 78 80
0.136500 0.050848 0.310000 79 79 81
0.137516 0.050848 0.310000 79 81 80
0.138531 0.050848 0.310000 79 81 78
0.139547 0.050848 0.310000 75 80 76
0.140563 0.050848 0.310000 72 77 73
0.141578 0.050848 0.310000 75 80 74
0.142594 0.050848 0.310000 76 81 77
0.144073 0.051012 0.311000 76 81 77
0.145092 0.051012 0.311000 76 80 79
0.146111 0.051012 0.311000 76 80 79
0.147130 0.051012 0.311000 75 79 78
0.148149 0.051012 0.311000 80 82 81
0.149168 0.051012 0.311000 80 80 80
0.150187 0.051012 0.311000 80 78 79
0.151206 0.051012 0.311000 81 81 81
0.152715 0.051176 0.312000 77 79 78
0.153737 0.051176 0.312000 76 80 79
0.154263 0.051012 0.311000 78 83 79
0.155282 0.051012 0.311000 77 82 78
0.156301 0.051012 0.311000 78 83 77
0.157826 0.051176 0.312000 72 77 71
0.158849 0.051176 0.312000 78 83 77
0.037360 0.051030 0.305000 73 74 76
0.038360 0.051030 0.305000 74 74 76
0.039359 0.051030 0.305000 75 75 75
0.040358 0.051030 0.305000 74 74 74
0.041358 0.051030 0.305000 72 72 72
0.042357 0.051030 0.305000 72 74 73
0.043357 0.051030 0.305000 72 74 73
0.044356 0.051030 0.305000 73 73 73
0.045355 0.051030 0.305000 73 75 74
0.046355 0.051030 0.305000 73 75 74
0.047354 0.051030 0.305000 72 74 73
0.048353 0.051030 0.305000 73 75 74
0.049514 0.051197 0.306000 71 73 72
0.050517 0.051197 0.306000 73 75 74
0.051520 0.051197 0.306000 74 76 75
0.052351 0.051030 0.305000 76 78 77
0.053350 0.051030 0.305000 74 76 75
0.054349 0.051030 0.305000 72 74 73
0.055349 0.051030 0.305000 73 75 74
0.056348 0.051030 0.305000 69 73 72
0.057348 0.051030 0.305000 69 73 72
0.058347 0.051030 0.305000 70 74 73
0.059346 0.051030 0.305000 71 75 74
0.060346 0.051030 0.305000 73 75 74
0.061546 0.051197 0.306000 73 75 74
0.062344 0.051030 0.305000 72 74 73
0.063344 0.051030 0.305000 72 74 73
0.064554 0.051197 0.306000 71 73 72
0.065557 0.051197 0.306000 72 74 73
0.066559 0.051197 0.306000 72 74 73
0.067562 0.051197 0.306000 72 74 73
0.068565 0.051197 0.306000 72 74 73
0.069567 0.051197 0.306000 72 74 73
0.070339 0.051030 0.305000 72 74 73
0.071339 0.051030 0.305000 72 74 73
0.072338 0.051030 0.305000 72 74 73
0.073337 0.051030 0.305000 72 76 75
0.074337 0.051030 0.305000 68 74 72
0.075336 0.051030 0.305000 68 77 74
0.076335 0.051030 0.305000 69 75 73
0.077335 0.051030 0.305000 70 76 74
0.078334 0.051030 0.305000 69 75 71
0.079073 0.050862 0.304000 71 76 72
0.080069 0.050862 0.304000 69 74 70
0.080799 0.050695 0.303000 70 75 71
0.081792 0.050695 0.303000 71 77 75
0.082511 0.050528 0.302000 72 78 76
0.084782 0.044003 0.263000 155 159 162
0.093754 0.044170 0.264000 33 35 34
0.094619 0.044170 0.264000 143 144 146
0.095485 0.044170 0.264000 151 152 154
0.096350 0.044170 0.264000 153 157 160
0.098080 0.044170 0.264000 151 155 158
0.098945 0.044170 0.264000 30 34 37
0.099810 0.044170 0.264000 25 26 30
0.100293 0.044003 0.263000 23 23 25
0.101155 0.044003 0.263000 20 20 20
0.107595 0.044170 0.264000 20 24 23
0.108460 0.044170 0.264000 24 28 27
0.109325 0.044170 0.264000 48 50 49
0.110190 0.044170 0.264000 145 149 148
0.111920 0.044170 0.264000 143 149 149
0.112785 0.044170 0.264000 146 150 153
0.133453 0.051866 0.310000 99 100 104
0.133167 0.051364 0.307000 77 81 84
0.134173 0.051364 0.307000 73 77 80
0.134738 0.051197 0.306000 74 78 79
0.135741 0.051197 0.306000 75 79 80
0.136744 0.051197 0.306000 76 82 80
0.137746 0.051197 0.306000 74 80 78
0.139202 0.051364 0.307000 72 78 76
0.140208 0.051364 0.307000 71 77 75
0.141214 0.051364 0.307000 72 77 73
0.142683 0.051532 0.308000 72 76 75
0.143693 0.051532 0.308000 75 81 79
0.144702 0.051532 0.308000 74 80 78
0.145711 0.051532 0.308000 73 77 76
0.146720 0.051532 0.308000 80 82 81
0.147729 0.051532 0.308000 78 80 79
0.148739 0.051532 0.308000 79 79 79
0.149748 0.051532 0.308000 75 77 76
0.150757 0.051532 0.308000 76 80 79
0.151766 0.051532 0.308000 79 83 82
0.152775 0.051532 0.308000 75 79 78
0.154284 0.051699 0.309000 76 81 77
0.155296 0.051699 0.309000 77 82 78
0.156309 0.051699 0.309000 77 79 76
0.157321 0.051699 0.309000 80 82 79
0.037115 0.051690 0.303000 75 76 78
0.038108 0.051690 0.303000 73 73 73
0.039101 0.051690 0.303000 72 72 72
0.040094 0.051690 0.303000 73 73 73
0.041087 0.051690 0.303000 74 74 74
0.041941 0.051520 0.302000 71 73 72
0.042930 0.051520 0.302000 74 76 75
0.043920 0.051520 0.302000 73 73 75
0.044909 0.051520 0.302000 72 73 75
0.045899 0.051520 0.302000 72 73 75
0.047043 0.051690 0.303000 71 75 76
0.048036 0.051690 0.303000 70 74 75
0.049029 0.051690 0.303000 72 76 77
0.050022 0.051690 0.303000 72 76 77
0.051015 0.051690 0.303000 73 74 76
0.052007 0.051690 0.303000 71 73 72
0.053000 0.051690 0.303000 73 75 74
0.053993 0.051690 0.303000 74 76 75
0.054986 0.051690 0.303000 72 74 73
0.055979 0.051690 0.303000 73 75 74
0.056783 0.051520 0.302000 73 75 74
0.057964 0.051690 0.303000 72 74 73
0.058957 0.051690 0.303000 71 73 72
0.059950 0.051690 0.303000 73 75 74
0.060943 0.051690 0.303000 71 73 72
0.061936 0.051690 0.303000 72 74 73
0.062928 0.051690 0.303000 73 75 74
0.063921 0.051690 0.303000 72 72 72
0.064914 0.051690 0.303000 72 72 72
0.065907 0.051690 0.303000 72 72 72
0.066900 0.051690 0.303000 75 75 75
0.067892 0.051690 0.303000 73 73 73
0.068885 0.051690 0.303000 71 71 71
0.069878 0.051690 0.303000 73 73 73
0.070871 0.051690 0.303000 73 73 73
0.071864 0.051690 0.303000 73 73 73
0.072856 0.051690 0.303000 71 75 74
0.073849 0.051690 0.303000 69 75 73
0.074842 0.051690 0.303000 67 76 73
0.075835 0.051690 0.303000 67 76 73
0.076828 0.051690 0.303000 70 76 74
0.077564 0.051520 0.302000 71 77 73
0.078553 0.051520 0.302000 72 79 72
0.079543 0.051520 0.302000 72 77 71
0.080532 0.051520 0.302000 70 77 70
0.081252 0.051349 0.301000 71 77 73
0.082238 0.051349 0.301000 71 77 75
0.083374 0.045037 0.264000 152 154 151
0.083920 0.044867 0.263000 154 158 159
0.084782 0.044867 0.263000 154 157 162
0.085644 0.044867 0.263000 156 157 161
0.086834 0.045037 0.264000 152 151 157
0.087699 0.045037 0.264000 24 25 29
0.088564 0.045037 0.264000 21 22 24
0.089429 0.045037 0.264000 18 22 21
0.090294 0.045037 0.264000 21 25 24
0.091159 0.045037 0.264000 28 30 29
0.092024 0.045037 0.264000 27 29 28
0.092889 0.045037 0.264000 28 28 28
0.093754 0.045037 0.264000 30 30 30
0.094619 0.045037 0.264000 151 149 150
0.095485 0.045037 0.264000 159 159 161
0.096350 0.045037 0.264000 150 151 155
0.097215 0.045037 0.264000 151 152 156
0.098080 0.045037 0.264000 137 141 144
0.098945 0.045037 0.264000 30 34 37
0.099810 0.045037 0.264000 25 29 32
0.100675 0.045037 0.264000 20 20 22
0.101540 0.045037 0.264000 25 27 26
0.102405 0.045037 0.264000 33 35 32
0.104135 0.045037 0.264000 27 29 24
0.105000 0.045037 0.264000 29 31 26
0.105865 0.045037 0.264000 19 20 15
0.106730 0.045037 0.264000 21 22 17
0.107595 0.045037 0.264000 21 23 18
0.108460 0.045037 0.264000 25 27 24
0.109325 0.045037 0.264000 77 79 76
0.110190 0.045037 0.264000 146 150 149
0.111055 0.045037 0.264000 146 152 152
0.111920 0.045037 0.264000 146 152 152
0.112785 0.045037 0.264000 143 147 150
0.113650 0.045037 0.264000 78 79 84
0.132299 0.052032 0.305000 75 80 83
0.132425 0.051690 0.303000 71 77 77
0.133418 0.051690 0.303000 71 77 77
0.134410 0.051690 0.303000 72 78 76
0.135403 0.051690 0.303000 70 76 74
0.136396 0.051690 0.303000 75 79 78
0.137842 0.051861 0.304000 77 81 80
0.138838 0.051861 0.304000 75 79 78
0.139834 0.051861 0.304000 73 77 76
0.141294 0.052032 0.305000 73 77 76
0.142293 0.052032 0.305000 74 80 78
0.143762 0.052202 0.306000 72 78 76
0.144292 0.052032 0.305000 70 76 74
0.145291 0.052032 0.305000 76 80 79
0.146290 0.052032 0.305000 74 78 77
0.147290 0.052032 0.305000 77 79 76
0.148289 0.052032 0.305000 76 80 79
0.149289 0.052032 0.305000 73 77 76
0.150288 0.052032 0.305000 73 77 76
0.151287 0.052032 0.305000 75 79 78
0.152786 0.052202 0.306000 72 76 75
0.153789 0.052202 0.306000 76 80 79
0.154791 0.052202 0.306000 76 78 77
0.155794 0.052202 0.306000 77 79 76
0.036870 0.052338 0.301000 72 72 72
0.037857 0.052338 0.301000 73 73 73
0.038843 0.052338 0.301000 73 73 73
0.039829 0.052338 0.301000 74 74 74
0.040815 0.052338 0.301000 73 73 73
0.041663 0.052164 0.300000 70 72 71
0.042646 0.052164 0.300000 73 75 74
0.043629 0.052164 0.300000 74 75 77
0.044612 0.052164 0.300000 73 74 76
0.045595 0.052164 0.300000 70 74 75
0.046578 0.052164 0.300000 71 75 76
0.047561 0.052164 0.300000 71 75 76
0.048544 0.052164 0.300000 72 76 77
0.049527 0.052164 0.300000 71 75 76
0.050510 0.052164 0.300000 73 74 76
0.051493 0.052164 0.300000 73 75 74
0.052476 0.052164 0.300000 71 73 72
0.053458 0.052164 0.300000 71 73 72
0.054441 0.052164 0.300000 72 74 73
0.055424 0.052164 0.300000 72 74 73
0.056407 0.052164 0.300000 73 73 73
0.057390 0.052164 0.300000 73 73 73
0.058373 0.052164 0.300000 74 74 74
0.059356 0.052164 0.300000 72 74 73
0.060339 0.052164 0.300000 71 73 72
0.061322 0.052164 0.300000 72 74 73
0.062305 0.052164 0.300000 73 73 73
0.063288 0.052164 0.300000 70 70 70
0.064271 0.052164 0.300000 72 72 72
0.065254 0.052164 0.300000 72 72 72
0.066458 0.052338 0.301000 73 73 73
0.067220 0.052164 0.300000 76 76 76
0.068203 0.052164 0.300000 74 74 74
0.069186 0.052164 0.300000 75 73 74
0.070169 0.052164 0.300000 74 72 73
0.071152 0.052164 0.300000 73 73 73
0.072135 0.052164 0.300000 73 75 74
0.073118 0.052164 0.300000 70 74 73
0.074101 0.052164 0.300000 70 76 74
0.075084 0.052164 0.300000 67 76 73
0.076067 0.052164 0.300000 66 75 72
0.077050 0.052164 0.300000 70 76 72
0.078033 0.052164 0.300000 71 78 71
0.079016 0.052164 0.300000 70 77 70
0.079999 0.052164 0.300000 70 77 70
0.080712 0.051990 0.299000 70 76 72
0.081692 0.051990 0.299000 71 77 73
0.082671 0.051990 0.299000 74 80 76
0.082509 0.045904 0.264000 177 178 172
0.083374 0.045904 0.264000 152 154 151
0.084239 0.045904 0.264000 151 155 156
0.085104 0.045904 0.264000 151 154 159
0.085969 0.045904 0.264000 154 155 159
0.086834 0.045904 0.264000 135 134 139
0.087699 0.045904 0.264000 22 21 26
0.088564 0.045904 0.264000 21 22 24
0.089429 0.045904 0.264000 23 25 24
0.090294 0.045904 0.264000 15 17 16
0.091159 0.045904 0.264000 157 159 158
0.092024 0.045904 0.264000 151 151 151
0.092889 0.045904 0.264000 156 156 156
0.093754 0.045904 0.264000 159 155 156
0.094619 0.045904 0.264000 45 41 42
0.095485 0.045904 0.264000 30 28 31
0.096350 0.045904 0.264000 31 31 33
0.097215 0.045904 0.264000 31 32 36
0.098080 0.045904 0.264000 27 31 34
0.098945 0.045904 0.264000 26 30 33
0.099810 0.045904 0.264000 14 18 21
0.100675 0.045904 0.264000 24 25 27
0.101540 0.045904 0.264000 18 20 19
0.102405 0.045904 0.264000 147 151 150
0.103270 0.045904 0.264000 146 152 148
0.104135 0.045904 0.264000 144 150 146
0.105000 0.045904 0.264000 145 150 146
0.105865 0.045904 0.264000 36 38 37
0.106730 0.045904 0.264000 22 22 22
0.107595 0.045904 0.264000 16 18 13
0.108460 0.045904 0.264000 25 26 21
0.109325 0.045904 0.264000 119 121 118
0.110190 0.045904 0.264000 145 149 148
0.111055 0.045904 0.264000 149 155 155
0.111920 0.045904 0.264000 142 150 152
0.112785 0.045904 0.264000 144 149 152
0.113650 0.045904 0.264000 82 83 88
0.114515 0.045904 0.264000 74 79 82
0.131988 0.052512 0.302000 70 79 78
0.132537 0.052338 0.301000 72 78 76
0.133523 0.052338 0.301000 71 77 75
0.134509 0.052338 0.301000 72 76 75
0.135496 0.052338 0.301000 70 74 73
0.136935 0.052512 0.302000 73 75 74
0.137925 0.052512 0.302000 76 78 77
0.138914 0.052512 0.302000 73 77 76
0.139904 0.052512 0.302000 76 80 79
0.140893 0.052512 0.302000 73 79 77
0.142353 0.052686 0.303000 77 83 81
0.143346 0.052686 0.303000 74 80 78
0.144338 0.052686 0.303000 72 78 76
0.145331 0.052686 0.303000 78 83 79
0.146324 0.052686 0.303000 73 78 74
0.147317 0.052686 0.303000 73 77 76
0.148310 0.052686 0.303000 75 79 78
0.149302 0.052686 0.303000 77 81 80
0.150295 0.052686 0.303000 76 80 79
0.151288 0.052686 0.303000 76 80 79
0.152281 0.052686 0.303000 78 82 81
0.153274 0.052686 0.303000 80 82 81
0.154266 0.052686 0.303000 80 82 81
0.037605 0.052973 0.299000 74 74 74
0.038585 0.052973 0.299000 73 73 73
0.039565 0.052973 0.299000 71 73 72
0.040544 0.052973 0.299000 69 70 72
0.041524 0.052973 0.299000 67 71 72
0.042504 0.052973 0.299000 69 73 74
0.043483 0.052973 0.299000 71 75 76
0.044463 0.052973 0.299000 69 73 72
0.045291 0.052795 0.298000 70 74 73
0.046267 0.052795 0.298000 71 75 74
0.047244 0.052795 0.298000 71 75 74
0.048220 0.052795 0.298000 71 75 74
0.049196 0.052795 0.298000 73 77 76
0.050173 0.052795 0.298000 68 72 73
0.051149 0.052795 0.298000 69 73 72
0.052126 0.052795 0.298000 68 72 71
0.053102 0.052795 0.298000 69 73 72
0.054079 0.052795 0.298000 71 75 74
0.055055 0.052795 0.298000 71 75 74
0.056031 0.052795 0.298000 72 74 73
0.057008 0.052795 0.298000 72 74 73
0.057984 0.052795 0.298000 74 74 74
0.058961 0.052795 0.298000 69 73 74
0.059937 0.052795 0.298000 70 74 73
0.060913 0.052795 0.298000 71 73 72
0.061890 0.052795 0.298000 72 72 72
0.062866 0.052795 0.298000 74 74 74
0.063843 0.052795 0.298000 74 74 74
0.064819 0.052795 0.298000 71 73 72
0.065796 0.052795 0.298000 71 73 72
0.066772 0.052795 0.298000 72 74 73
0.067748 0.052795 0.298000 70 72 71
0.068725 0.052795 0.298000 71 73 72
0.069701 0.052795 0.298000 71 73 72
0.070678 0.052795 0.298000 71 73 72
0.071654 0.052795 0.298000 72 74 73
0.072631 0.052795 0.298000 71 73 72
0.073607 0.052795 0.298000 75 77 76
0.074583 0.052795 0.298000 71 73 70
0.075560 0.052795 0.298000 71 76 72
0.076536 0.052795 0.298000 70 75 71
0.077513 0.052795 0.298000 70 75 71
0.078489 0.052795 0.298000 71 76 72
0.079466 0.052795 0.298000 74 79 73
0.080172 0.052618 0.297000 71 76 70
0.081145 0.052618 0.297000 71 78 71
0.082118 0.052618 0.297000 77 82 76
0.081644 0.046772 0.264000 173 170 165
0.082509 0.046772 0.264000 170 169 164
0.083374 0.046772 0.264000 154 154 152
0.084239 0.046772 0.264000 148 152 153
0.085104 0.046772 0.264000 153 157 160
0.085969 0.046772 0.264000 150 154 157
0.086834 0.046772 0.264000 121 118 125
0.087699 0.046772 0.264000 28 26 31
0.088564 0.046772 0.264000 23 23 25
0.089429 0.046772 0.264000 21 21 21
0.090294 0.046772 0.264000 30 30 28
0.091159 0.046772 0.264000 148 150 147
0.092024 0.046772 0.264000 150 154 153
0.092889 0.046772 0.264000 150 156 154
0.093754 0.046772 0.264000 155 156 160
0.094619 0.046772 0.264000 31 30 35
0.095485 0.046772 0.264000 31 31 33
0.096350 0.046772 0.264000 27 27 27
0.097215 0.046772 0.264000 24 24 22
0.098080 0.046772 0.264000 24 25 20
0.098945 0.046772 0.264000 20 22 17
0.099810 0.046772 0.264000 19 24 20
0.100675 0.046772 0.264000 24 26 21
0.101540 0.046772 0.264000 34 36 33
0.102405 0.046772 0.264000 146 148 147
0.103270 0.046772 0.264000 149 153 154
0.104135 0.046772 0.264000 148 154 154
0.105000 0.046772 0.264000 138 144 144
0.105865 0.046772 0.264000 24 29 32
0.106730 0.046772 0.264000 19 23 26
0.107595 0.046772 0.264000 18 22 21
0.108460 0.046772 0.264000 26 28 25
0.109325 0.046772 0.264000 141 143 140
0.110190 0.046772 0.264000 149 153 152
0.111055 0.046772 0.264000 147 153 151
0.111920 0.046772 0.264000 143 148 151
0.112785 0.046772 0.264000 142 145 150
0.113650 0.046772 0.264000 82 81 89
0.114515 0.046772 0.264000 75 76 80
0.130239 0.052795 0.298000 75 77 76
0.131216 0.052795 0.298000 72 74 71
0.132192 0.052795 0.298000 70 72 69
0.133616 0.052973 0.299000 70 75 71
0.134595 0.052973 0.299000 70 74 73
0.135575 0.052973 0.299000 71 75 74
0.137011 0.053150 0.300000 70 74 73
0.137994 0.053150 0.300000 74 78 77
0.138977 0.053150 0.300000 73 77 76
0.139960 0.053150 0.300000 75 79 78
0.140943 0.053150 0.300000 75 79 78
0.141926 0.053150 0.300000 75 77 76
0.142909 0.053150 0.300000 74 76 75
0.143892 0.053150 0.300000 75 77 76
0.144875 0.053150 0.300000 81 83 82
0.145858 0.053150 0.300000 74 80 78
0.146841 0.053150 0.300000 75 81 79
0.147824 0.053150 0.300000 73 77 76
0.148807 0.053150 0.300000 73 75 72
0.149790 0.053150 0.300000 76 78 75
0.150773 0.053150 0.300000 78 80 77
0.151756 0.053150 0.300000 77 79 76
0.153248 0.053327 0.301000 77 79 76
0.037228 0.053413 0.296000 74 72 73
0.038327 0.053594 0.297000 72 72 72
0.039300 0.053594 0.297000 72 72 72
0.040273 0.053594 0.297000 72 74 73
0.041107 0.053413 0.296000 71 72 74
0.042077 0.053413 0.296000 68 72 73
0.043047 0.053413 0.296000 67 73 73
0.044017 0.053413 0.296000 69 73 72
0.044987 0.053413 0.296000 69 73 72
0.045957 0.053413 0.296000 70 75 71
0.046927 0.053413 0.296000 71 76 72
0.047896 0.053413 0.296000 70 74 73
0.048866 0.053413 0.296000 69 73 72
0.049836 0.053413 0.296000 69 73 74
0.050806 0.053413 0.296000 70 74 73
0.051776 0.053413 0.296000 71 75 74
0.052746 0.053413 0.296000 70 74 73
0.053716 0.053413 0.296000 68 72 71
0.054685 0.053413 0.296000 69 73 72
0.055655 0.053413 0.296000 73 75 74
0.056625 0.053413 0.296000 72 74 73
0.057595 0.053413 0.296000 72 74 73
0.058565 0.053413 0.296000 70 74 75
0.059535 0.053413 0.296000 70 74 75
0.060505 0.053413 0.296000 72 74 73
0.061475 0.053413 0.296000 74 74 74
0.062444 0.053413 0.296000 73 73 73
0.063414 0.053413 0.296000 74 74 74
0.064384 0.053413 0.296000 73 75 74
0.065354 0.053413 0.296000 72 74 73
0.066324 0.053413 0.296000 72 74 73
0.067294 0.053413 0.296000 68 72 71
0.068264 0.053413 0.296000 68 72 71
0.069233 0.053413 0.296000 69 73 72
0.070203 0.053413 0.296000 68 72 71
0.071173 0.053413 0.296000 71 75 74
0.072143 0.053413 0.296000 72 74 73
0.073113 0.053413 0.296000 71 73 72
0.074083 0.053413 0.296000 70 72 69
0.075053 0.053413 0.296000 65 70 66
0.076023 0.053413 0.296000 67 72 68
0.076992 0.053413 0.296000 69 74 70
0.077962 0.053413 0.296000 69 74 70
0.078932 0.053413 0.296000 70 75 71
0.079632 0.053233 0.295000 71 76 72
0.080599 0.053233 0.295000 67 72 68
0.081565 0.053233 0.295000 66 68 63
0.082812 0.053413 0.296000 82 85 78
0.081644 0.047639 0.264000 180 177 172
0.082509 0.047639 0.264000 164 163 158
0.083374 0.047639 0.264000 157 157 155
0.084239 0.047639 0.264000 152 156 155
0.085104 0.047639 0.264000 150 154 155
0.085969 0.047639 0.264000 153 157 158
0.086834 0.047639 0.264000 96 95 101
0.087699 0.047639 0.264000 29 28 33
0.088564 0.047639 0.264000 22 23 25
0.089429 0.047639 0.264000 26 28 27
0.090294 0.047639 0.264000 45 45 45
0.091159 0.047639 0.264000 153 153 153
0.092024 0.047639 0.264000 155 157 156
0.092889 0.047639 0.264000 151 157 157
0.093754 0.047639 0.264000 164 167 172
0.094619 0.047639 0.264000 24 23 28
0.095485 0.047639 0.264000 26 26 28
0.096350 0.047639 0.264000 25 24 22
0.097215 0.047639 0.264000 26 25 20
0.098080 0.047639 0.264000 24 25 19
0.098945 0.047639 0.264000 23 24 18
0.099810 0.047639 0.264000 21 23 18
0.100675 0.047639 0.264000 28 31 24
0.101540 0.047639 0.264000 61 62 57
0.102405 0.047639 0.264000 146 146 146
0.103270 0.047639 0.264000 148 149 151
0.104135 0.047639 0.264000 150 154 155
0.105000 0.047639 0.264000 150 155 158
0.105865 0.047639 0.264000 23 26 31
0.106730 0.047639 0.264000 23 26 33
0.107595 0.047639 0.264000 23 24 26
0.108460 0.047639 0.264000 23 25 24
0.109325 0.047639 0.264000 150 152 149
0.110190 0.047639 0.264000 145 151 149
0.111055 0.047639 0.264000 143 152 151
0.111920 0.047639 0.264000 144 149 152
0.112785 0.047639 0.264000 148 149 154
0.113650 0.047639 0.264000 78 77 85
0.114515 0.047639 0.264000 74 73 79
0.128928 0.053233 0.295000 75 76 78
0.130335 0.053413 0.296000 70 72 69
0.131305 0.053413 0.296000 70 72 69
0.132722 0.053594 0.297000 69 73 72
0.133695 0.053594 0.297000 70 74 73
0.134668 0.053594 0.297000 70 74 73
0.135641 0.053594 0.297000 69 75 73
0.136614 0.053594 0.297000 72 76 75
0.137588 0.053594 0.297000 74 76 75
0.138561 0.053594 0.297000 75 77 76
0.139534 0.053594 0.297000 78 80 79
0.140507 0.053594 0.297000 75 77 76
0.141480 0.053594 0.297000 76 78 77
0.142453 0.053594 0.297000 77 79 78
0.143909 0.053774 0.298000 77 79 78
0.144886 0.053774 0.298000 74 80 78
0.145862 0.053774 0.298000 77 81 80
0.146839 0.053774 0.298000 77 81 80
0.147815 0.053774 0.298000 75 77 76
0.148792 0.053774 0.298000 78 80 79
0.149768 0.053774 0.298000 77 79 78
0.150744 0.053774 0.298000 81 83 82
0.151721 0.053774 0.298000 77 81 80
0.036976 0.054018 0.294000 75 73 74
0.037940 0.054018 0.294000 74 72 73
0.038903 0.054018 0.294000 72 72 72
0.039866 0.054018 0.294000 73 73 73
0.040830 0.054018 0.294000 71 71 71
0.041793 0.054018 0.294000 71 71 73
0.042611 0.053835 0.293000 67 71 72
0.043571 0.053835 0.293000 70 74 75
0.044531 0.053835 0.293000 70 74 73
0.045491 0.053835 0.293000 71 73 72
0.046451 0.053835 0.293000 73 75 74
0.047411 0.053835 0.293000 74 76 75
0.048371 0.053835 0.293000 72 73 75
0.049499 0.054018 0.294000 71 72 74
0.050463 0.054018 0.294000 71 72 74
0.051426 0.054018 0.294000 73 74 76
0.052389 0.054018 0.294000 72 73 75
0.053353 0.054018 0.294000 69 73 74
0.054316 0.054018 0.294000 69 73 74
0.055279 0.054018 0.294000 70 74 75
0.056243 0.054018 0.294000 67 71 72
0.057206 0.054018 0.294000 71 72 74
0.058169 0.054018 0.294000 69 73 74
0.059133 0.054018 0.294000 69 73 74
0.059891 0.053835 0.293000 72 74 73
0.060851 0.053835 0.293000 72 74 73
0.061812 0.053835 0.293000 73 75 74
0.062772 0.053835 0.293000 73 75 74
0.063732 0.053835 0.293000 72 74 73
0.064692 0.053835 0.293000 71 73 72
0.065652 0.053835 0.293000 69 73 72
0.066612 0.053835 0.293000 68 72 71
0.067572 0.053835 0.293000 68 72 71
0.068532 0.053835 0.293000 68 74 72
0.069492 0.053835 0.293000 69 75 73
0.070452 0.053835 0.293000 71 77 75
0.071412 0.053835 0.293000 70 74 73
0.072372 0.053835 0.293000 70 74 73
0.073332 0.053835 0.293000 70 74 73
0.074292 0.053835 0.293000 64 68 67
0.075509 0.054018 0.294000 66 70 69
0.076472 0.054018 0.294000 62 66 65
0.077172 0.053835 0.293000 65 70 66
0.078132 0.053835 0.293000 63 68 64
0.079092 0.053835 0.293000 63 65 62
0.080052 0.053835 0.293000 62 64 61
0.080736 0.053651 0.292000 64 65 60
0.081972 0.053835 0.293000 59 60 55
0.080779 0.048506 0.264000 33 32 28
0.081644 0.048506 0.264000 186 186 178
0.082509 0.048506 0.264000 152 151 146
0.083374 0.048506 0.264000 153 154 149
0.084239 0.048506 0.264000 150 154 153
0.085104 0.048506 0.264000 148 154 154
0.085969 0.048506 0.264000 148 152 153
0.086834 0.048506 0.264000 70 73 78
0.087699 0.048506 0.264000 20 24 27
0.088564 0.048506 0.264000 19 23 24
0.089429 0.048506 0.264000 22 26 25
0.090294 0.048506 0.264000 62 62 62
0.091159 0.048506 0.264000 151 151 151
0.092024 0.048506 0.264000 154 154 156
0.092889 0.048506 0.264000 156 157 159
0.093754 0.048506 0.264000 157 158 163
0.094619 0.048506 0.264000 37 36 41
0.095485 0.048506 0.264000 34 34 36
0.096350 0.048506 0.264000 31 30 28
0.097215 0.048506 0.264000 32 31 27
0.098080 0.048506 0.264000 27 28 23
0.098945 0.048506 0.264000 27 28 23
0.099810 0.048506 0.264000 26 28 25
0.100675 0.048506 0.264000 31 32 27
0.101540 0.048506 0.264000 89 89 87
0.102405 0.048506 0.264000 147 145 146
0.103270 0.048506 0.264000 145 145 147
0.104135 0.048506 0.264000 143 144 148
0.105000 0.048506 0.264000 148 152 155
0.105865 0.048506 0.264000 23 26 31
0.106730 0.048506 0.264000 23 23 33
0.107595 0.048506 0.264000 22 22 24
0.108460 0.048506 0.264000 26 26 24
0.109325 0.048506 0.264000 153 155 152
0.110190 0.048506 0.264000 144 148 147
0.111055 0.048506 0.264000 146 155 154
0.111920 0.048506 0.264000 146 154 156
0.112785 0.048506 0.264000 152 155 160
0.113650 0.048506 0.264000 80 79 87
0.127094 0.053835 0.293000 71 72 77
0.128491 0.054018 0.294000 70 71 73
0.129455 0.054018 0.294000 72 74 71
0.130862 0.054202 0.295000 70 72 69
0.131828 0.054202 0.295000 65 69 68
0.132795 0.054202 0.295000 67 71 70
0.134215 0.054386 0.296000 65 69 68
0.135185 0.054386 0.296000 69 73 72
0.136614 0.054570 0.297000 74 76 75
0.137124 0.054386 0.296000 75 77 76
0.138094 0.054386 0.296000 74 76 75
0.139064 0.054386 0.296000 76 78 77
0.140034 0.054386 0.296000 74 76 75
0.141004 0.054386 0.296000 76 78 77
0.141974 0.054386 0.296000 78 80 79
0.142944 0.054386 0.296000 75 77 76
0.144400 0.054570 0.297000 74 78 77
0.145373 0.054570 0.297000 76 80 81
0.146346 0.054570 0.297000 74 75 77
0.147319 0.054570 0.297000 77 78 80
0.148292 0.054570 0.297000 76 77 79
0.149265 0.054570 0.297000 77 79 78
0.150239 0.054570 0.297000 79 83 82
0.151212 0.054570 0.297000 77 81 80
0.036850 0.054797 0.293000 72 74 73
0.037811 0.054797 0.293000 73 73 73
0.038771 0.054797 0.293000 72 72 72
0.039731 0.054797 0.293000 73 73 73
0.040691 0.054797 0.293000 72 72 72
0.041509 0.054610 0.292000 69 71 70
0.042465 0.054610 0.292000 69 73 74
0.043422 0.054610 0.292000 72 73 75
0.044379 0.054610 0.292000 72 74 73
0.045336 0.054610 0.292000 72 74 73
0.046292 0.054610 0.292000 73 73 73
0.047249 0.054610 0.292000 72 74 73
0.048206 0.054610 0.292000 73 74 76
0.049163 0.054610 0.292000 71 72 74
0.050119 0.054610 0.292000 73 73 75
0.051076 0.054610 0.292000 74 74 76
0.052033 0.054610 0.292000 73 74 76
0.052990 0.054610 0.292000 72 73 75
0.053946 0.054610 0.292000 69 73 74
0.054903 0.054610 0.292000 69 73 74
0.055860 0.054610 0.292000 71 75 76
0.056817 0.054610 0.292000 71 75 76
0.057774 0.054610 0.292000 69 73 74
0.058730 0.054610 0.292000 68 72 73
0.059687 0.054610 0.292000 70 74 73
0.060644 0.054610 0.292000 71 73 72
0.061601 0.054610 0.292000 73 75 74
0.062557 0.054610 0.292000 72 74 73
0.063514 0.054610 0.292000 72 73 75
0.064471 0.054610 0.292000 69 73 74
0.065428 0.054610 0.292000 68 72 71
0.066384 0.054610 0.292000 68 72 71
0.067341 0.054610 0.292000 68 72 71
0.068298 0.054610 0.292000 68 72 71
0.069255 0.054610 0.292000 68 74 72
0.070211 0.054610 0.292000 69 75 73
0.071168 0.054610 0.292000 66 72 70
0.072125 0.054610 0.292000 65 71 69
0.073082 0.054610 0.292000 66 70 71
0.074038 0.054610 0.292000 67 71 70
0.074995 0.054610 0.292000 63 67 66
0.075952 0.054610 0.292000 60 64 63
0.076909 0.054610 0.292000 63 65 64
0.077866 0.054610 0.292000 62 64 63
0.078822 0.054610 0.292000 60 62 59
0.079779 0.054610 0.292000 56 58 55
0.080459 0.054423 0.291000 57 57 55
0.081413 0.054423 0.291000 56 57 52
0.082366 0.054423 0.291000 52 53 48
0.081085 0.049561 0.265000 34 33 28
0.081953 0.049561 0.265000 180 179 174
0.082822 0.049561 0.265000 137 138 132
0.083690 0.049561 0.265000 155 157 152
0.084558 0.049561 0.265000 151 155 154
0.085104 0.049374 0.264000 150 155 158
0.085969 0.049374 0.264000 149 153 154
0.086834 0.049374 0.264000 48 51 56
0.087699 0.049374 0.264000 19 24 28
0.088564 0.049374 0.264000 18 24 24
0.089429 0.049374 0.264000 24 28 27
0.090294 0.049374 0.264000 82 84 83
0.091159 0.049374 0.264000 153 153 153
0.092024 0.049374 0.264000 154 155 157
0.092889 0.049374 0.264000 149 150 154
0.093754 0.049374 0.264000 146 149 154
0.094619 0.049374 0.264000 147 150 155
0.095485 0.049374 0.264000 149 150 154
0.096350 0.049374 0.264000 149 150 152
0.097583 0.049561 0.265000 147 147 147
0.098080 0.049374 0.264000 145 147 146
0.098945 0.049374 0.264000 144 146 145
0.099810 0.049374 0.264000 141 145 144
0.100675 0.049374 0.264000 144 146 145
0.101540 0.049374 0.264000 102 102 102
0.102405 0.049374 0.264000 29 29 31
0.103270 0.049374 0.264000 30 29 34
0.104135 0.049374 0.264000 29 30 32
0.105000 0.049374 0.264000 26 30 31
0.105865 0.049374 0.264000 20 24 27
0.106730 0.049374 0.264000 22 23 28
0.107595 0.049374 0.264000 24 24 24
0.108460 0.049374 0.264000 22 22 20
0.109325 0.049374 0.264000 152 154 151
0.110190 0.049374 0.264000 147 151 150
0.111055 0.049374 0.264000 146 152 152
0.111920 0.049374 0.264000 142 150 152
0.112785 0.049374 0.264000 151 154 159
0.125273 0.054423 0.291000 76 76 84
0.126660 0.054610 0.292000 72 73 78
0.128054 0.054797 0.293000 72 73 75
0.129014 0.054797 0.293000 68 70 69
0.129974 0.054797 0.293000 69 71 68
0.131381 0.054984 0.294000 64 68 67
0.132345 0.054984 0.294000 69 73 74
0.133308 0.054984 0.294000 68 72 71
0.134271 0.054984 0.294000 69 74 70
0.135694 0.055171 0.295000 73 75 74
0.136198 0.054984 0.294000 73 73 73
0.137161 0.054984 0.294000 74 74 74
0.138124 0.054984 0.294000 74 76 75
0.139088 0.054984 0.294000 79 81 80
0.140051 0.054984 0.294000 78 80 79
0.141014 0.054984 0.294000 76 78 77
0.141978 0.054984 0.294000 77 79 78
0.142941 0.054984 0.294000 77 79 78
0.143904 0.054984 0.294000 79 81 80
0.144868 0.054984 0.294000 79 81 80
0.145831 0.054984 0.294000 75 75 75
0.147294 0.055171 0.295000 78 80 79
0.148260 0.055171 0.295000 76 78 77
0.149227 0.055171 0.295000 77 82 78
0.150193 0.055171 0.295000 76 81 77
0.037423 0.055189 0.290000 72 74 73
0.038374 0.055189 0.290000 70 72 71
0.039324 0.055189 0.290000 71 73 72
0.040274 0.055189 0.290000 71 73 72
0.041224 0.055189 0.290000 70 72 71
0.042174 0.055189 0.290000 70 71 73
0.043125 0.055189 0.290000 71 72 74
0.044075 0.055189 0.290000 69 71 70
0.045025 0.055189 0.290000 71 71 71
0.045975 0.055189 0.290000 73 73 73
0.046925 0.055189 0.290000 71 71 71
0.047876 0.055189 0.290000 73 73 75
0.048826 0.055189 0.290000 75 75 77
0.049776 0.055189 0.290000 76 76 78
0.050726 0.055189 0.290000 74 74 76
0.051677 0.055189 0.290000 71 72 74
0.052627 0.055189 0.290000 71 72 74
0.053577 0.055189 0.290000 70 74 75
0.054527 0.055189 0.290000 69 73 74
0.055477 0.055189 0.290000 70 74 75
0.056428 0.055189 0.290000 69 73 74
0.057378 0.055189 0.290000 68 72 73
0.058328 0.055189 0.290000 69 73 74
0.059278 0.055189 0.290000 70 74 73
0.060228 0.055189 0.290000 71 73 72
0.061179 0.055189 0.290000 72 74 73
0.061915 0.054999 0.289000 72 74 73
0.062862 0.054999 0.289000 72 73 75
0.063808 0.054999 0.289000 67 71 72
0.064755 0.054999 0.289000 68 72 71
0.065702 0.054999 0.289000 68 72 71
0.066649 0.054999 0.289000 67 71 70
0.067596 0.054999 0.289000 65 69 68
0.068543 0.054999 0.289000 67 71 70
0.069490 0.054999 0.289000 67 73 71
0.070437 0.054999 0.289000 66 72 70
0.071384 0.054999 0.289000 69 75 73
0.072581 0.055189 0.290000 65 69 70
0.073531 0.055189 0.290000 63 67 68
0.074482 0.055189 0.290000 63 67 66
0.075432 0.055189 0.290000 60 64 63
0.076382 0.055189 0.290000 59 61 60
0.077332 0.055189 0.290000 57 59 56
0.078282 0.055189 0.290000 57 59 56
0.078959 0.054999 0.289000 56 58 55
0.079906 0.054999 0.289000 54 54 52
0.080574 0.054808 0.288000 50 51 46
0.081517 0.054808 0.288000 54 55 50
0.081085 0.050431 0.265000 32 31 27
0.081953 0.050431 0.265000 182 181 177
0.082822 0.050431 0.265000 124 125 120
0.083690 0.050431 0.265000 152 154 153
0.084558 0.050431 0.265000 150 156 156
0.085427 0.050431 0.265000 150 155 159
0.086295 0.050431 0.265000 148 152 155
0.087163 0.050431 0.265000 44 45 50
0.088032 0.050431 0.265000 22 23 28
0.088900 0.050431 0.265000 21 25 26
0.089768 0.050431 0.265000 25 29 28
0.090636 0.050431 0.265000 114 116 113
0.091505 0.050431 0.265000 151 153 152
0.092373 0.050431 0.265000 155 156 158
0.093241 0.050431 0.265000 149 153 156
0.094110 0.050431 0.265000 150 155 161
0.094978 0.050431 0.265000 146 151 157
0.095846 0.050431 0.265000 147 152 156
0.096714 0.050431 0.265000 147 152 156
0.097583 0.050431 0.265000 146 151 154
0.098451 0.050431 0.265000 147 152 155
0.099319 0.050431 0.265000 146 151 154
0.100188 0.050431 0.265000 147 152 156
0.101056 0.050431 0.265000 150 155 159
0.101924 0.050431 0.265000 72 75 80
0.102793 0.050431 0.265000 28 29 34
0.103661 0.050431 0.265000 21 22 26
0.104529 0.050431 0.265000 22 23 25
0.105397 0.050431 0.265000 19 23 22
0.106266 0.050431 0.265000 19 23 22
0.107134 0.050431 0.265000 19 23 24
0.108002 0.050431 0.265000 21 21 19
0.108871 0.050431 0.265000 20 20 18
0.109739 0.050431 0.265000 144 146 143
0.110607 0.050431 0.265000 145 149 148
0.111055 0.050241 0.264000 146 152 152
0.111920 0.050241 0.264000 147 155 157
0.112785 0.050241 0.264000 121 126 130
0.124412 0.054999 0.289000 75 75 83
0.125359 0.054999 0.289000 70 71 76
0.126743 0.055189 0.290000 67 68 70
0.127693 0.055189 0.290000 70 72 71
0.128644 0.055189 0.290000 69 71 70
0.130041 0.055379 0.291000 66 70 69
0.130994 0.055379 0.291000 69 73 74
0.131948 0.055379 0.291000 70 74 73
0.132901 0.055379 0.291000 65 70 66
0.134315 0.055569 0.292000 70 70 70
0.135271 0.055569 0.292000 72 72 72
0.136228 0.055569 0.292000 73 73 73
0.136715 0.055379 0.291000 73 75 74
0.138142 0.055569 0.292000 73 75 74
0.138622 0.055379 0.291000 74 76 75
0.139575 0.055379 0.291000 74 76 75
0.140529 0.055379 0.291000 77 79 78
0.141969 0.055569 0.292000 77 79 76
0.142925 0.055569 0.292000 76 78 75
0.143882 0.055569 0.292000 74 74 72
0.144839 0.055569 0.292000 80 80 78
0.145796 0.055569 0.292000 78 80 77
0.146752 0.055569 0.292000 75 77 74
0.147709 0.055569 0.292000 75 80 76
0.148666 0.055569 0.292000 72 79 72
0.037165 0.055754 0.288000 71 75 74
0.038109 0.055754 0.288000 71 75 74
0.039053 0.055754 0.288000 69 73 72
0.039996 0.055754 0.288000 69 73 72
0.040940 0.055754 0.288000 69 73 72
0.041884 0.055754 0.288000 73 75 74
0.042827 0.055754 0.288000 71 73 72
0.043771 0.055754 0.288000 74 74 74
0.044715 0.055754 0.288000 73 73 73
0.045658 0.055754 0.288000 74 74 74
0.046602 0.055754 0.288000 73 73 73
0.047546 0.055754 0.288000 74 74 74
0.048489 0.055754 0.288000 73 73 73
0.049261 0.055561 0.287000 72 72 72
0.050202 0.055561 0.287000 74 74 74
0.051142 0.055561 0.287000 72 74 73
0.052082 0.055561 0.287000 72 74 73
0.053023 0.055561 0.287000 69 73 72
0.053963 0.055561 0.287000 68 72 71
0.054903 0.055561 0.287000 69 73 72
0.056038 0.055754 0.288000 69 73 72
0.056982 0.055754 0.288000 71 73 72
0.057926 0.055754 0.288000 71 73 72
0.058869 0.055754 0.288000 69 71 70
0.059813 0.055754 0.288000 72 74 73
0.060757 0.055754 0.288000 71 73 72
0.061700 0.055754 0.288000 71 73 72
0.062427 0.055561 0.287000 70 71 73
0.063367 0.055561 0.287000 68 69 71
0.064307 0.055561 0.287000 69 73 72
0.065248 0.055561 0.287000 65 69 68
0.066188 0.055561 0.287000 66 70 69
0.067128 0.055561 0.287000 68 70 69
0.068069 0.055561 0.287000 69 71 70
0.069009 0.055561 0.287000 67 71 70
0.069950 0.055561 0.287000 65 69 68
0.070890 0.055561 0.287000 68 72 71
0.071830 0.055561 0.287000 64 68 67
0.072771 0.055561 0.287000 63 67 66
0.073711 0.055561 0.287000 61 63 62
0.074651 0.055561 0.287000 61 63 62
0.075592 0.055561 0.287000 58 60 57
0.076532 0.055561 0.287000 60 62 59
0.077473 0.055561 0.287000 56 58 55
0.078413 0.055561 0.287000 53 55 52
0.079353 0.055561 0.287000 51 53 50
0.080014 0.055367 0.286000 49 51 48
0.080668 0.055174 0.285000 44 46 41
0.081602 0.055174 0.285000 37 38 33
0.081953 0.051302 0.265000 174 173 169
0.082822 0.051302 0.265000 115 115 113
0.083690 0.051302 0.265000 152 156 157
0.084558 0.051302 0.265000 149 154 157
0.085427 0.051302 0.265000 149 154 158
0.086295 0.051302 0.265000 150 154 157
0.087163 0.051302 0.265000 31 30 36
0.088032 0.051302 0.265000 23 22 27
0.088900 0.051302 0.265000 22 23 25
0.089768 0.051302 0.265000 27 29 26
0.090636 0.051302 0.265000 133 134 129
0.091505 0.051302 0.265000 152 154 151
0.092373 0.051302 0.265000 149 153 154
0.093241 0.051302 0.265000 146 151 154
0.094110 0.051302 0.265000 148 155 161
0.094978 0.051302 0.265000 146 153 159
0.095846 0.051302 0.265000 145 153 156
0.096714 0.051302 0.265000 146 154 157
0.097583 0.051302 0.265000 144 152 155
0.098451 0.051302 0.265000 146 154 157
0.099319 0.051302 0.265000 146 153 159
0.100188 0.051302 0.265000 146 153 159
0.101056 0.051302 0.265000 143 150 158
0.101924 0.051302 0.265000 48 51 60
0.102793 0.051302 0.265000 25 25 33
0.103661 0.051302 0.265000 21 22 26
0.104529 0.051302 0.265000 20 24 23
0.105397 0.051302 0.265000 18 23 17
0.106266 0.051302 0.265000 20 25 19
0.107134 0.051302 0.265000 21 26 20
0.108002 0.051302 0.265000 27 28 23
0.108871 0.051302 0.265000 23 23 21
0.109739 0.051302 0.265000 143 145 142
0.110607 0.051302 0.265000 148 152 151
0.111476 0.051302 0.265000 147 152 155
0.112344 0.051302 0.265000 144 152 155
0.113212 0.051302 0.265000 96 101 105
0.123551 0.055561 0.287000 67 67 75
0.124492 0.055561 0.287000 65 68 73
0.125432 0.055561 0.287000 66 70 71
0.126813 0.055754 0.288000 68 72 71
0.127756 0.055754 0.288000 66 70 69
0.128700 0.055754 0.288000 69 70 72
0.129644 0.055754 0.288000 68 69 71
0.131041 0.055948 0.289000 68 70 69
0.131988 0.055948 0.289000 68 70 67
0.132935 0.055948 0.289000 70 72 71
0.133882 0.055948 0.289000 70 72 71
0.134828 0.055948 0.289000 69 71 70
0.135775 0.055948 0.289000 70 72 71
0.136722 0.055948 0.289000 72 74 73
0.137669 0.055948 0.289000 74 76 75
0.138616 0.055948 0.289000 73 75 74
0.139563 0.055948 0.289000 73 75 74
0.140510 0.055948 0.289000 77 79 76
0.141457 0.055948 0.289000 80 82 77
0.142404 0.055948 0.289000 75 77 74
0.143351 0.055948 0.289000 75 77 74
0.144298 0.055948 0.289000 77 79 76
0.145245 0.055948 0.289000 78 80 77
0.146192 0.055948 0.289000 74 79 73
0.147648 0.056142 0.290000 72 79 71
0.036907 0.056307 0.286000 72 74 73
0.037844 0.056307 0.286000 72 74 73
0.038781 0.056307 0.286000 72 74 73
0.039719 0.056307 0.286000 74 76 75
0.040656 0.056307 0.286000 71 75 74
0.041593 0.056307 0.286000 73 75 74
0.042530 0.056307 0.286000 72 74 73
0.043467 0.056307 0.286000 72 72 72
0.044404 0.056307 0.286000 73 73 73
0.045341 0.056307 0.286000 74 74 74
0.046278 0.056307 0.286000 72 72 72
0.047215 0.056307 0.286000 72 72 72
0.047984 0.056110 0.285000 72 72 72
0.048918 0.056110 0.285000 74 74 74
0.049852 0.056110 0.285000 71 71 71
0.050786 0.056110 0.285000 72 74 73
0.051719 0.056110 0.285000 71 73 72
0.052838 0.056307 0.286000 68 70 69
0.053775 0.056307 0.286000 71 73 72
0.054712 0.056307 0.286000 70 72 71
0.055649 0.056307 0.286000 69 71 70
0.056586 0.056307 0.286000 69 71 70
0.057523 0.056307 0.286000 68 70 69
0.058461 0.056307 0.286000 70 72 71
0.059398 0.056307 0.286000 70 72 71
0.060335 0.056307 0.286000 67 69 68
0.061272 0.056307 0.286000 69 71 70
0.061991 0.056110 0.285000 69 70 72
0.062925 0.056110 0.285000 71 72 74
0.063859 0.056110 0.285000 69 73 72
0.064793 0.056110 0.285000 67 71 70
0.065727 0.056110 0.285000 70 72 71
0.066661 0.056110 0.285000 67 69 68
0.067594 0.056110 0.285000 70 72 71
0.068528 0.056110 0.285000 66 68 67
0.069706 0.056307 0.286000 67 69 68
0.070643 0.056307 0.286000 68 70 69
0.071580 0.056307 0.286000 66 68 67
0.072517 0.056307 0.286000 64 66 65
0.073454 0.056307 0.286000 63 65 64
0.074131 0.056110 0.285000 60 62 59
0.075065 0.056110 0.285000 60 62 59
0.075999 0.056110 0.285000 57 59 54
0.076933 0.056110 0.285000 56 58 53
0.077867 0.056110 0.285000 51 53 48
0.078800 0.056110 0.285000 43 48 44
0.079454 0.055913 0.284000 42 47 43
0.080385 0.055913 0.284000 45 47 42
0.081029 0.055716 0.283000 38 40 35
0.081956 0.055716 0.283000 31 31 29
0.081953 0.052172 0.265000 171 170 165
0.082822 0.052172 0.265000 125 126 121
0.083690 0.052172 0.265000 150 154 153
0.084558 0.052172 0.265000 150 155 158
0.085427 0.052172 0.265000 150 155 158
0.086295 0.052172 0.265000 157 161 164
0.087163 0.052172 0.265000 22 23 27
0.088032 0.052172 0.265000 22 23 27
0.088900 0.052172 0.265000 21 23 22
0.089768 0.052172 0.265000 22 24 19
0.090636 0.052172 0.265000 142 143 137
0.091505 0.052172 0.265000 151 151 149
0.092373 0.052172 0.265000 151 151 151
0.093241 0.052172 0.265000 154 155 159
0.094110 0.052172 0.265000 151 155 158
0.094978 0.052172 0.265000 148 151 156
0.095846 0.052172 0.265000 147 151 154
0.096714 0.052172 0.265000 146 150 153
0.097583 0.052172 0.265000 148 151 156
0.098451 0.052172 0.265000 144 147 152
0.099319 0.052172 0.265000 149 152 157
0.100188 0.052172 0.265000 146 149 154
0.101056 0.052172 0.265000 149 154 158
0.101924 0.052172 0.265000 32 35 42
0.102793 0.052172 0.265000 23 24 29
0.103661 0.052172 0.265000 21 21 23
0.104529 0.052172 0.265000 23 25 22
0.105397 0.052172 0.265000 20 23 16
0.106266 0.052172 0.265000 21 24 17
0.107134 0.052172 0.265000 23 25 20
0.108002 0.052172 0.265000 24 25 20
0.108871 0.052172 0.265000 37 37 35
0.109739 0.052172 0.265000 147 149 148
0.110607 0.052172 0.265000 151 155 156
0.111476 0.052172 0.265000 151 156 159
0.112344 0.052172 0.265000 145 153 156
0.117057 0.053944 0.274000 85 88 93
0.122260 0.055913 0.284000 71 71 79
0.123624 0.056110 0.285000 64 67 72
0.124558 0.056110 0.285000 66 70 71
0.125492 0.056110 0.285000 69 73 72
0.126426 0.056110 0.285000 70 74 75
0.127806 0.056307 0.286000 72 73 75
0.128743 0.056307 0.286000 70 71 73
0.129680 0.056307 0.286000 69 71 70
0.130618 0.056307 0.286000 70 72 69
0.131555 0.056307 0.286000 68 70 69
0.132955 0.056504 0.287000 68 70 69
0.133895 0.056504 0.287000 69 71 70
0.134836 0.056504 0.287000 70 72 71
0.135776 0.056504 0.287000 72 74 73
0.136717 0.056504 0.287000 73 75 74
0.137657 0.056504 0.287000 73 75 74
0.138597 0.056504 0.287000 74 76 75
0.139538 0.056504 0.287000 71 76 72
0.140478 0.056504 0.287000 74 79 75
0.141418 0.056504 0.287000 74 76 75
0.142359 0.056504 0.287000 75 77 76
0.143299 0.056504 0.287000 74 76 75
0.144240 0.056504 0.287000 77 79 76
0.145180 0.056504 0.287000 72 77 71
0.146120 0.056504 0.287000 73 78 72
0.037580 0.056846 0.284000 73 73 73
0.038510 0.056846 0.284000 74 74 74
0.039441 0.056846 0.284000 73 75 74
0.040371 0.056846 0.284000 69 71 70
0.041302 0.056846 0.284000 72 74 73
0.042232 0.056846 0.284000 72 74 73
0.043163 0.056846 0.284000 72 72 72
0.044094 0.056846 0.284000 71 71 71
0.045024 0.056846 0.284000 72 72 72
0.045793 0.056646 0.283000 71 71 71
0.046720 0.056646 0.283000 70 70 70
0.047647 0.056646 0.283000 70 70 70
0.048575 0.056646 0.283000 72 72 72
0.049677 0.056846 0.284000 70 72 71
0.050607 0.056846 0.284000 72 74 73
0.051538 0.056846 0.284000 69 71 70
0.052468 0.056846 0.284000 70 72 71
0.053399 0.056846 0.284000 67 69 68
0.054330 0.056846 0.284000 68 70 69
0.055260 0.056846 0.284000 69 71 70
0.056191 0.056846 0.284000 70 70 70
0.057121 0.056846 0.284000 69 71 70
0.058052 0.056846 0.284000 69 71 70
0.058982 0.056846 0.284000 69 71 70
0.059913 0.056846 0.284000 69 71 70
0.060843 0.056846 0.284000 71 73 72
0.061556 0.056646 0.283000 70 72 71
0.062484 0.056646 0.283000 70 71 73
0.063411 0.056646 0.283000 65 69 68
0.064566 0.056846 0.284000 67 71 70
0.065496 0.056846 0.284000 69 71 70
0.066427 0.056846 0.284000 72 72 72
0.067357 0.056846 0.284000 69 69 69
0.068288 0.056846 0.284000 65 65 65
0.069218 0.056846 0.284000 68 68 68
0.070149 0.056846 0.284000 65 67 66
0.071079 0.056846 0.284000 68 68 68
0.072010 0.056846 0.284000 66 68 67
0.072684 0.056646 0.283000 66 68 65
0.073611 0.056646 0.283000 63 65 62
0.074538 0.056646 0.283000 56 58 53
0.075466 0.056646 0.283000 52 57 51
0.076393 0.056646 0.283000 51 56 50
0.077320 0.056646 0.283000 51 56 49
0.078247 0.056646 0.283000 42 47 43
0.079175 0.056646 0.283000 44 51 44
0.079819 0.056446 0.282000 41 46 40
0.080743 0.056446 0.282000 36 38 33
0.081377 0.056245 0.281000 31 33 30
0.082005 0.056045 0.280000 36 37 32
0.082263 0.053243 0.266000 171 171 163
0.083134 0.053243 0.266000 138 139 133
0.084006 0.053243 0.266000 152 154 151
0.084558 0.053043 0.265000 149 155 155
0.085427 0.053043 0.265000 150 156 156
0.086295 0.053043 0.265000 159 163 164
0.087163 0.053043 0.265000 21 25 28
0.088032 0.053043 0.265000 19 23 24
0.088900 0.053043 0.265000 16 21 17
0.089768 0.053043 0.265000 22 24 19
0.090636 0.053043 0.265000 30 31 25
0.091505 0.053043 0.265000 30 26 23
0.092373 0.053043 0.265000 33 29 30
0.093241 0.053043 0.265000 28 26 29
0.094110 0.053043 0.265000 29 27 30
0.094978 0.053043 0.265000 30 28 31
0.095846 0.053043 0.265000 30 28 31
0.096714 0.053043 0.265000 32 30 33
0.097583 0.053043 0.265000 38 36 39
0.098451 0.053043 0.265000 35 33 38
0.099319 0.053043 0.265000 34 32 37
0.100188 0.053043 0.265000 31 29 34
0.101056 0.053043 0.265000 23 27 30
0.101924 0.053043 0.265000 33 37 40
0.102793 0.053043 0.265000 22 22 24
0.103661 0.053043 0.265000 22 20 21
0.104529 0.053043 0.265000 23 24 19
0.105397 0.053043 0.265000 23 24 18
0.106266 0.053043 0.265000 23 24 19
0.107134 0.053043 0.265000 24 24 22
0.108002 0.053043 0.265000 24 26 21
0.108871 0.053043 0.265000 67 69 64
0.109739 0.053043 0.265000 144 146 145
0.110607 0.053043 0.265000 146 150 151
0.111476 0.053043 0.265000 144 149 152
0.112344 0.053043 0.265000 145 150 154
0.120475 0.056446 0.282000 79 82 87
0.121829 0.056646 0.283000 73 73 81
0.122757 0.056646 0.283000 67 70 75
0.123684 0.056646 0.283000 64 68 69
0.124611 0.056646 0.283000 68 72 73
0.125538 0.056646 0.283000 66 70 71
0.126466 0.056646 0.283000 70 71 73
0.127843 0.056846 0.284000 67 68 70
0.128774 0.056846 0.284000 69 71 70
0.129704 0.056846 0.284000 71 73 70
0.130635 0.056846 0.284000 66 71 67
0.131565 0.056846 0.284000 65 70 66
0.132496 0.056846 0.284000 66 71 67
0.133426 0.056846 0.284000 68 70 67
0.134357 0.056846 0.284000 69 71 68
0.135287 0.056846 0.284000 71 73 70
0.136698 0.057046 0.285000 74 76 73
0.137631 0.057046 0.285000 75 77 74
0.138565 0.057046 0.285000 74 79 75
0.139499 0.057046 0.285000 71 75 74
0.140433 0.057046 0.285000 72 76 77
0.141367 0.057046 0.285000 75 76 78
0.142301 0.057046 0.285000 74 75 77
0.143234 0.057046 0.285000 77 78 80
0.144168 0.057046 0.285000 78 83 79
0.145102 0.057046 0.285000 74 79 75
0.037315 0.057372 0.282000 66 68 67
0.038239 0.057372 0.282000 70 72 71
0.039163 0.057372 0.282000 70 71 73
0.040087 0.057372 0.282000 70 71 73
0.041011 0.057372 0.282000 71 73 72
0.041935 0.057372 0.282000 70 70 70
0.042859 0.057372 0.282000 73 73 73
0.043628 0.057169 0.281000 72 72 72
0.044548 0.057169 0.281000 72 72 72
0.045469 0.057169 0.281000 69 69 69
0.046390 0.057169 0.281000 71 71 71
0.047311 0.057169 0.281000 70 70 70
0.048231 0.057169 0.281000 71 71 71
0.049152 0.057169 0.281000 71 71 71
0.050251 0.057372 0.282000 70 72 71
0.051175 0.057372 0.282000 71 73 70
0.052099 0.057372 0.282000 66 71 67
0.053023 0.057372 0.282000 69 71 70
0.053947 0.057372 0.282000 69 71 70
0.054871 0.057372 0.282000 67 69 68
0.055795 0.057372 0.282000 67 69 68
0.056518 0.057169 0.281000 64 68 67
0.057643 0.057372 0.282000 68 72 71
0.058567 0.057372 0.282000 69 71 70
0.059280 0.057169 0.281000 67 69 68
0.060201 0.057169 0.281000 67 69 68
0.061121 0.057169 0.281000 67 69 68
0.062042 0.057169 0.281000 68 70 69
0.062963 0.057169 0.281000 69 71 70
0.064111 0.057372 0.282000 67 68 70
0.065035 0.057372 0.282000 66 70 71
0.065959 0.057372 0.282000 67 71 70
0.066883 0.057372 0.282000 68 70 69
0.067807 0.057372 0.282000 67 69 68
0.068731 0.057372 0.282000 69 71 68
0.069655 0.057372 0.282000 71 73 70
0.070579 0.057372 0.282000 67 69 66
0.071249 0.057169 0.281000 66 71 67
0.072170 0.057169 0.281000 65 70 66
0.073091 0.057169 0.281000 62 67 61
0.074012 0.057169 0.281000 59 64 58
0.074932 0.057169 0.281000 56 61 57
0.075853 0.057169 0.281000 50 55 51
0.076774 0.057169 0.281000 50 52 49
0.077694 0.057169 0.281000 46 48 43
0.078615 0.057169 0.281000 45 47 42
0.079253 0.056965 0.280000 42 44 39
0.080170 0.056965 0.280000 39 41 36
0.081088 0.056965 0.280000 30 35 29
0.081712 0.056762 0.279000 32 34 29
0.082626 0.056762 0.279000 37 38 32
0.082263 0.054117 0.266000 168 168 160
0.083134 0.054117 0.266000 137 138 133
0.084006 0.054117 0.266000 151 153 152
0.084877 0.054117 0.266000 151 155 156
0.085749 0.054117 0.266000 150 155 158
0.086295 0.053913 0.265000 158 162 165
0.087163 0.053913 0.265000 20 21 25
0.088032 0.053913 0.265000 20 21 23
0.088900 0.053913 0.265000 17 19 16
0.089768 0.053913 0.265000 19 22 15
0.090636 0.053913 0.265000 21 24 17
0.091505 0.053913 0.265000 24 25 19
0.092373 0.053913 0.265000 24 25 19
0.093241 0.053913 0.265000 24 25 20
0.094110 0.053913 0.265000 25 26 21
0.094978 0.053913 0.265000 25 24 22
0.095846 0.053913 0.265000 25 25 23
0.096714 0.053913 0.265000 26 26 24
0.097583 0.053913 0.265000 22 22 20
0.098451 0.053913 0.265000 21 21 21
0.099319 0.053913 0.265000 22 22 22
0.100188 0.053913 0.265000 24 22 23
0.101056 0.053913 0.265000 22 24 21
0.101924 0.053913 0.265000 23 25 22
0.102793 0.053913 0.265000 20 20 18
0.103661 0.053913 0.265000 23 24 19
0.104529 0.053913 0.265000 23 22 18
0.105397 0.053913 0.265000 20 21 16
0.106266 0.053913 0.265000 21 22 17
0.107134 0.053913 0.265000 21 22 17
0.108002 0.053913 0.265000 27 28 23
0.108871 0.053913 0.265000 98 98 96
0.109739 0.053913 0.265000 149 151 150
0.110607 0.053913 0.265000 148 152 153
0.111476 0.053913 0.265000 148 153 156
0.112344 0.053913 0.265000 139 144 148
0.120048 0.057169 0.281000 68 73 77
0.120968 0.057169 0.281000 67 70 75
0.121889 0.057169 0.281000 63 68 72
0.122810 0.057169 0.281000 66 70 73
0.123730 0.057169 0.281000 65 69 70
0.124651 0.057169 0.281000 70 71 73
0.125572 0.057169 0.281000 69 71 70
0.126493 0.057169 0.281000 68 72 71
0.127413 0.057169 0.281000 67 71 70
0.128791 0.057372 0.282000 65 69 68
0.129715 0.057372 0.282000 65 69 68
0.130639 0.057372 0.282000 67 69 68
0.131563 0.057372 0.282000 68 70 69
0.132487 0.057372 0.282000 67 69 68
0.133411 0.057372 0.282000 65 67 66
0.134335 0.057372 0.282000 68 70 69
0.135259 0.057372 0.282000 71 71 71
0.136183 0.057372 0.282000 75 75 75
0.137593 0.057575 0.283000 75 77 76
0.138520 0.057575 0.283000 75 77 76
0.139447 0.057575 0.283000 74 76 75
0.140375 0.057575 0.283000 71 75 76
0.141302 0.057575 0.283000 72 76 77
0.142229 0.057575 0.283000 74 78 79
0.143157 0.057575 0.283000 76 82 80
0.144084 0.057575 0.283000 75 81 79
0.036918 0.057678 0.279000 69 71 70
0.037832 0.057678 0.279000 71 73 72
0.038746 0.057678 0.279000 69 70 72
0.039661 0.057678 0.279000 71 72 74
0.040575 0.057678 0.279000 72 74 73
0.041489 0.057678 0.279000 71 71 71
0.042403 0.057678 0.279000 72 72 72
0.043317 0.057678 0.279000 72 72 72
0.044231 0.057678 0.279000 72 72 72
0.045146 0.057678 0.279000 68 68 68
0.046060 0.057678 0.279000 70 70 70
0.046974 0.057678 0.279000 70 70 70
0.047888 0.057678 0.279000 69 69 69
0.048802 0.057678 0.279000 69 69 69
0.049895 0.057885 0.280000 67 69 68
0.050812 0.057885 0.280000 67 69 66
0.051729 0.057885 0.280000 67 69 66
0.052647 0.057885 0.280000 67 69 68
0.053564 0.057885 0.280000 67 69 68
0.054482 0.057885 0.280000 67 69 68
0.055399 0.057885 0.280000 66 70 69
0.056116 0.057678 0.279000 66 70 69
0.057030 0.057678 0.279000 69 71 70
0.057944 0.057678 0.279000 68 70 69
0.058858 0.057678 0.279000 67 69 68
0.059772 0.057678 0.279000 68 70 69
0.060686 0.057678 0.279000 67 69 68
0.061601 0.057678 0.279000 67 69 68
0.062515 0.057678 0.279000 65 67 66
0.063429 0.057678 0.279000 64 68 67
0.064343 0.057678 0.279000 66 70 71
0.065491 0.057885 0.280000 69 73 72
0.066409 0.057885 0.280000 68 72 71
0.067326 0.057885 0.280000 66 70 69
0.068243 0.057885 0.280000 64 69 65
0.069161 0.057885 0.280000 67 69 66
0.070078 0.057885 0.280000 64 69 65
0.070996 0.057885 0.280000 63 70 63
0.071656 0.057678 0.279000 62 69 62
0.072571 0.057678 0.279000 59 66 59
0.073485 0.057678 0.279000 56 63 56
0.074399 0.057678 0.279000 54 59 55
0.075313 0.057678 0.279000 51 56 52
0.076227 0.057678 0.279000 48 52 51
0.077141 0.057678 0.279000 48 49 44
0.078056 0.057678 0.279000 46 47 42
0.078687 0.057472 0.278000 42 43 38
0.079598 0.057472 0.278000 38 40 35
0.080508 0.057472 0.278000 32 37 31
0.081127 0.057265 0.277000 33 35 30
0.082330 0.057472 0.278000 34 35 29
0.082263 0.054991 0.266000 173 172 167
0.083134 0.054991 0.266000 142 142 140
0.084006 0.054991 0.266000 153 154 156
0.084877 0.054991 0.266000 150 154 157
0.085749 0.054991 0.266000 149 154 157
0.086621 0.054991 0.266000 161 166 170
0.087492 0.054991 0.266000 28 29 33
0.088032 0.054784 0.265000 23 24 26
0.088900 0.054784 0.265000 22 24 23
0.089768 0.054784 0.265000 23 25 20
0.090636 0.054784 0.265000 24 27 20
0.091505 0.054784 0.265000 22 25 18
0.092373 0.054784 0.265000 24 26 21
0.093241 0.054784 0.265000 24 26 21
0.094465 0.054991 0.266000 26 27 22
0.095336 0.054991 0.266000 24 25 20
0.096208 0.054991 0.266000 22 23 18
0.097079 0.054991 0.266000 24 25 20
0.097951 0.054991 0.266000 21 22 17
0.098823 0.054991 0.266000 22 23 18
0.099694 0.054991 0.266000 25 25 23
0.100188 0.054784 0.265000 25 25 23
0.101056 0.054784 0.265000 22 24 19
0.101924 0.054784 0.265000 23 24 18
0.102793 0.054784 0.265000 24 25 19
0.103661 0.054784 0.265000 24 23 18
0.104529 0.054784 0.265000 23 22 17
0.105397 0.054784 0.265000 23 22 17
0.106266 0.054784 0.265000 25 26 20
0.107134 0.054784 0.265000 25 26 20
0.108002 0.054784 0.265000 33 32 28
0.108871 0.054784 0.265000 126 126 124
0.109739 0.054784 0.265000 144 146 143
0.110607 0.054784 0.265000 146 150 149
0.111476 0.054784 0.265000 146 150 151
0.112344 0.054784 0.265000 150 154 157
0.119193 0.057678 0.279000 73 77 80
0.120107 0.057678 0.279000 68 71 76
0.121021 0.057678 0.279000 66 70 73
0.121936 0.057678 0.279000 65 69 72
0.122850 0.057678 0.279000 67 68 70
0.123764 0.057678 0.279000 69 71 70
0.124678 0.057678 0.279000 67 69 68
0.125592 0.057678 0.279000 67 71 70
0.126506 0.057678 0.279000 67 71 70
0.127421 0.057678 0.279000 68 74 72
0.128335 0.057678 0.279000 66 68 67
0.129249 0.057678 0.279000 64 66 65
0.130630 0.057885 0.280000 66 70 69
0.131547 0.057885 0.280000 67 71 70
0.132465 0.057885 0.280000 64 68 67
0.133382 0.057885 0.280000 66 68 67
0.134299 0.057885 0.280000 69 71 70
0.135217 0.057885 0.280000 69 71 70
0.136134 0.057885 0.280000 71 71 71
0.137052 0.057885 0.280000 72 74 73
0.137969 0.057885 0.280000 73 75 74
0.138887 0.057885 0.280000 72 76 77
0.139804 0.057885 0.280000 72 76 77
0.140722 0.057885 0.280000 72 76 77
0.141639 0.057885 0.280000 74 78 77
0.142556 0.057885 0.280000 73 77 76
0.037561 0.058175 0.277000 71 73 72
0.038469 0.058175 0.277000 69 70 72
0.039376 0.058175 0.277000 69 70 72
0.040284 0.058175 0.277000 70 72 71
0.041191 0.058175 0.277000 70 72 71
0.042099 0.058175 0.277000 72 72 72
0.043007 0.058175 0.277000 71 71 71
0.043914 0.058175 0.277000 71 71 71
0.044822 0.058175 0.277000 70 70 70
0.045730 0.058175 0.277000 71 71 71
0.046637 0.058175 0.277000 70 70 70
0.047545 0.058175 0.277000 69 69 69
0.048452 0.058175 0.277000 68 68 68
0.049360 0.058175 0.277000 67 69 68
0.050449 0.058385 0.278000 68 70 67
0.051360 0.058385 0.278000 67 69 66
0.052271 0.058385 0.278000 67 69 68
0.053182 0.058385 0.278000 67 69 68
0.054093 0.058385 0.278000 68 70 69
0.055004 0.058385 0.278000 67 71 70
0.055914 0.058385 0.278000 69 71 70
0.056825 0.058385 0.278000 67 69 68
0.057529 0.058175 0.277000 67 69 68
0.058436 0.058175 0.277000 67 69 68
0.059344 0.058175 0.277000 68 70 69
0.060251 0.058175 0.277000 68 70 69
0.061159 0.058175 0.277000 67 69 68
0.062067 0.058175 0.277000 65 67 66
0.062974 0.058175 0.277000 65 69 68
0.063882 0.058175 0.277000 65 69 68
0.064789 0.058175 0.277000 65 69 68
0.065697 0.058175 0.277000 65 69 68
0.066605 0.058175 0.277000 66 70 69
0.067512 0.058175 0.277000 65 70 66
0.068420 0.058175 0.277000 67 69 66
0.069328 0.058175 0.277000 66 71 65
0.070235 0.058175 0.277000 63 70 63
0.071143 0.058175 0.277000 61 68 61
0.072050 0.058175 0.277000 62 69 62
0.072958 0.058175 0.277000 59 65 61
0.073866 0.058175 0.277000 56 61 57
0.074773 0.058175 0.277000 53 57 56
0.075681 0.058175 0.277000 50 54 53
0.076588 0.058175 0.277000 48 48 46
0.077496 0.058175 0.277000 46 47 42
0.078121 0.057965 0.276000 42 42 40
0.079025 0.057965 0.276000 38 40 37
0.079929 0.057965 0.276000 37 42 36
0.080541 0.057755 0.275000 35 40 34
0.081442 0.057755 0.275000 40 43 36
0.082003 0.056285 0.268000 177 178 172
0.082572 0.056075 0.267000 180 179 175
0.083134 0.055865 0.266000 144 144 142
0.084006 0.055865 0.266000 150 151 153
0.084877 0.055865 0.266000 148 153 156
0.085749 0.055865 0.266000 147 155 157
0.086621 0.055865 0.266000 143 151 153
0.087492 0.055865 0.266000 53 57 60
0.088364 0.055865 0.266000 44 45 47
0.089235 0.055865 0.266000 43 45 44
0.090107 0.055865 0.266000 44 46 43
0.090978 0.055865 0.266000 36 41 37
0.091850 0.055865 0.266000 37 42 38
0.092722 0.055865 0.266000 35 40 36
0.093593 0.055865 0.266000 35 39 38
0.094465 0.055865 0.266000 32 37 33
0.095336 0.055865 0.266000 38 40 37
0.096208 0.055865 0.266000 29 31 28
0.097079 0.055865 0.266000 32 34 31
0.097951 0.055865 0.266000 32 34 31
0.098823 0.055865 0.266000 31 33 30
0.099694 0.055865 0.266000 31 33 28
0.100566 0.055865 0.266000 31 33 28
0.101437 0.055865 0.266000 37 39 34
0.102309 0.055865 0.266000 26 28 23
0.103180 0.055865 0.266000 32 33 28
0.104052 0.055865 0.266000 33 34 29
0.104924 0.055865 0.266000 32 33 28
0.105795 0.055865 0.266000 31 32 27
0.106667 0.055865 0.266000 32 33 28
0.107538 0.055865 0.266000 29 30 25
0.108410 0.055865 0.266000 34 35 30
0.109281 0.055865 0.266000 141 143 140
0.110153 0.055865 0.266000 147 149 146
0.111025 0.055865 0.266000 144 148 147
0.111896 0.055865 0.266000 148 149 151
0.113192 0.056075 0.267000 151 152 156
0.118339 0.058175 0.277000 77 78 82
0.119246 0.058175 0.277000 68 67 72
0.120154 0.058175 0.277000 67 68 72
0.121062 0.058175 0.277000 67 68 70
0.121969 0.058175 0.277000 65 66 68
0.122877 0.058175 0.277000 66 68 67
0.123784 0.058175 0.277000 67 69 68
0.124692 0.058175 0.277000 68 70 69
0.125600 0.058175 0.277000 65 69 68
0.126507 0.058175 0.277000 67 71 70
0.127415 0.058175 0.277000 67 71 70
0.128322 0.058175 0.277000 66 70 69
0.129230 0.058175 0.277000 65 69 68
0.130138 0.058175 0.277000 66 70 69
0.131045 0.058175 0.277000 66 70 69
0.131953 0.058175 0.277000 66 71 67
0.132861 0.058175 0.277000 70 72 69
0.134251 0.058385 0.278000 70 72 69
0.135162 0.058385 0.278000 72 74 73
0.136073 0.058385 0.278000 72 74 73
0.136984 0.058385 0.278000 71 75 74
0.137895 0.058385 0.278000 71 75 76
0.138806 0.058385 0.278000 74 78 77
0.139716 0.058385 0.278000 74 78 77
0.140627 0.058385 0.278000 75 79 78
0.141538 0.058385 0.278000 74 78 77
0.037290 0.058658 0.275000 67 69 68
0.038191 0.058658 0.275000 68 69 71
0.039092 0.058658 0.275000 69 73 74
0.039993 0.058658 0.275000 70 72 71
0.040894 0.058658 0.275000 69 71 70
0.041795 0.058658 0.275000 69 71 70
0.042696 0.058658 0.275000 68 70 69
0.043597 0.058658 0.275000 67 69 68
0.044498 0.058658 0.275000 67 69 68
0.045399 0.058658 0.275000 68 70 69
0.046300 0.058658 0.275000 67 69 68
0.047201 0.058658 0.275000 68 70 69
0.048103 0.058658 0.275000 67 69 68
0.049004 0.058658 0.275000 67 69 68
0.049905 0.058658 0.275000 67 69 68
0.050806 0.058658 0.275000 66 68 67
0.051707 0.058658 0.275000 66 68 67
0.052799 0.058871 0.276000 66 68 67
0.053704 0.058871 0.276000 66 68 67
0.054608 0.058871 0.276000 67 69 68
0.055512 0.058871 0.276000 66 68 67
0.056212 0.058658 0.275000 67 69 68
0.057113 0.058658 0.275000 68 70 69
0.058014 0.058658 0.275000 70 72 71
0.058915 0.058658 0.275000 68 70 69
0.059816 0.058658 0.275000 67 69 68
0.060717 0.058658 0.275000 69 71 70
0.061618 0.058658 0.275000 66 70 69
0.062520 0.058658 0.275000 67 71 70
0.063421 0.058658 0.275000 68 72 71
0.064322 0.058658 0.275000 65 69 68
0.065223 0.058658 0.275000 64 68 67
0.066124 0.058658 0.275000 65 69 68
0.067025 0.058658 0.275000 64 69 65
0.067926 0.058658 0.275000 65 70 66
0.068827 0.058658 0.275000 67 72 66
0.069728 0.058658 0.275000 65 70 64
0.070629 0.058658 0.275000 63 68 62
0.071530 0.058658 0.275000 63 68 62
0.072431 0.058658 0.275000 61 66 62
0.073332 0.058658 0.275000 59 64 60
0.074233 0.058658 0.275000 57 59 58
0.075134 0.058658 0.275000 55 57 56
0.075759 0.058445 0.274000 47 49 46
0.076657 0.058445 0.274000 47 47 45
0.077555 0.058445 0.274000 44 44 42
0.078452 0.058445 0.274000 39 41 38
0.079350 0.058445 0.274000 33 38 34
0.080248 0.058445 0.274000 38 43 37
0.080850 0.058232 0.273000 43 46 39
0.081445 0.058018 0.272000 46 47 41
0.082033 0.057805 0.271000 178 179 171
0.082003 0.057165 0.268000 176 175 170
0.082572 0.056952 0.267000 167 166 162
0.083447 0.056952 0.267000 147 147 147
0.084322 0.056952 0.267000 146 150 151
0.084877 0.056738 0.266000 147 156 155
0.085749 0.056738 0.266000 147 155 157
0.086621 0.056738 0.266000 148 156 158
0.087492 0.056738 0.266000 147 152 155
0.088364 0.056738 0.266000 147 151 154
0.089235 0.056738 0.266000 151 155 156
0.090107 0.056738 0.266000 147 151 150
0.090978 0.056738 0.266000 148 154 152
0.091850 0.056738 0.266000 148 154 152
0.092722 0.056738 0.266000 147 153 153
0.093593 0.056738 0.266000 146 152 152
0.094465 0.056738 0.266000 144 150 150
0.095336 0.056738 0.266000 149 155 155
0.096208 0.056738 0.266000 142 148 148
0.097079 0.056738 0.266000 143 147 146
0.097951 0.056738 0.266000 146 150 149
0.098823 0.056738 0.266000 144 148 147
0.099694 0.056738 0.266000 144 148 147
0.100566 0.056738 0.266000 145 149 148
0.101437 0.056738 0.266000 141 145 144
0.102309 0.056738 0.266000 146 150 149
0.103180 0.056738 0.266000 145 149 148
0.104052 0.056738 0.266000 143 147 146
0.104924 0.056738 0.266000 145 147 146
0.105795 0.056738 0.266000 144 146 145
0.106667 0.056738 0.266000 143 147 146
0.107538 0.056738 0.266000 141 145 144
0.108410 0.056738 0.266000 143 147 146
0.109281 0.056738 0.266000 145 149 148
0.110153 0.056738 0.266000 146 150 149
0.111025 0.056738 0.266000 148 152 153
0.111896 0.056738 0.266000 142 146 149
0.113192 0.056952 0.267000 146 147 151
0.116630 0.058232 0.273000 71 70 75
0.118385 0.058658 0.275000 67 65 70
0.119286 0.058658 0.275000 67 67 69
0.120187 0.058658 0.275000 67 67 67
0.121089 0.058658 0.275000 66 66 66
0.121990 0.058658 0.275000 68 70 69
0.122891 0.058658 0.275000 67 69 68
0.123792 0.058658 0.275000 68 70 69
0.125146 0.058871 0.276000 67 69 68
0.126051 0.058871 0.276000 66 67 69
0.126495 0.058658 0.275000 65 66 68
0.127396 0.058658 0.275000 66 68 67
0.128297 0.058658 0.275000 69 71 70
0.129198 0.058658 0.275000 68 72 71
0.130099 0.058658 0.275000 69 71 68
0.131000 0.058658 0.275000 70 72 69
0.132381 0.058871 0.276000 69 71 68
0.133285 0.058871 0.276000 69 69 67
0.134190 0.058871 0.276000 68 70 69
0.135094 0.058871 0.276000 66 70 69
0.135998 0.058871 0.276000 68 72 71
0.136903 0.058871 0.276000 68 72 71
0.137807 0.058871 0.276000 71 75 74
0.138711 0.058871 0.276000 71 75 74
0.139616 0.058871 0.276000 72 74 73
0.140520 0.058871 0.276000 74 76 73
0.037019 0.059128 0.273000 67 71 70
0.037913 0.059128 0.273000 65 69 70
0.038808 0.059128 0.273000 68 72 73
0.039702 0.059128 0.273000 70 72 71
0.040597 0.059128 0.273000 69 71 70
0.041491 0.059128 0.273000 69 71 70
0.042386 0.059128 0.273000 67 69 68
0.043280 0.059128 0.273000 67 69 68
0.044175 0.059128 0.273000 68 70 69
0.045069 0.059128 0.273000 67 69 68
0.045964 0.059128 0.273000 67 69 68
0.046858 0.059128 0.273000 67 69 68
0.047753 0.059128 0.273000 67 69 68
0.048647 0.059128 0.273000 65 67 66
0.049542 0.059128 0.273000 68 70 69
0.050436 0.059128 0.273000 69 71 70
0.051331 0.059128 0.273000 67 69 68
0.052225 0.059128 0.273000 68 70 69
0.053120 0.059128 0.273000 67 69 68
0.054014 0.059128 0.273000 64 66 65
0.054909 0.059128 0.273000 65 67 66
0.055803 0.059128 0.273000 69 71 70
0.056698 0.059128 0.273000 69 71 70
0.057592 0.059128 0.273000 68 70 69
0.058487 0.059128 0.273000 67 69 68
0.059381 0.059128 0.273000 67 69 68
0.060276 0.059128 0.273000 68 70 69
0.061170 0.059128 0.273000 65 69 68
0.062065 0.059128 0.273000 64 68 67
0.062959 0.059128 0.273000 67 71 70
0.063854 0.059128 0.273000 66 70 69
0.064748 0.059128 0.273000 62 66 65
0.065643 0.059128 0.273000 65 69 68
0.066537 0.059128 0.273000 64 68 67
0.067185 0.058912 0.272000 63 68 64
0.068326 0.059128 0.273000 66 68 63
0.069221 0.059128 0.273000 68 70 65
0.070115 0.059128 0.273000 65 67 62
0.071010 0.059128 0.273000 65 67 64
0.071904 0.059128 0.273000 65 67 64
0.072799 0.059128 0.273000 64 66 63
0.073693 0.059128 0.273000 59 59 59
0.074588 0.059128 0.273000 56 56 56
0.075206 0.058912 0.272000 51 53 50
0.076097 0.058912 0.272000 48 48 46
0.076988 0.058912 0.272000 42 42 40
0.077880 0.058912 0.272000 41 41 41
0.078771 0.058912 0.272000 37 42 38
0.079662 0.058912 0.272000 38 43 39
0.080553 0.058912 0.272000 42 44 39
0.081145 0.058695 0.271000 51 52 46
0.081730 0.058479 0.270000 56 55 50
0.082003 0.058045 0.268000 202 201 197
0.082881 0.058045 0.268000 173 172 170
0.083447 0.057829 0.267000 148 148 148
0.084322 0.057829 0.267000 146 150 151
0.085197 0.057829 0.267000 146 155 154
0.085749 0.057612 0.266000 145 153 155
0.086621 0.057612 0.266000 151 157 157
0.087492 0.057612 0.266000 146 154 156
0.088364 0.057612 0.266000 148 156 158
0.089235 0.057612 0.266000 146 155 154
0.090107 0.057612 0.266000 148 157 156
0.090978 0.057612 0.266000 147 156 155
0.091850 0.057612 0.266000 145 153 155
0.092722 0.057612 0.266000 146 154 156
0.093593 0.057612 0.266000 147 155 157
0.094465 0.057612 0.266000 149 157 159
0.095336 0.057612 0.266000 144 152 155
0.096208 0.057612 0.266000 147 155 157
0.097079 0.057612 0.266000 143 151 153
0.097951 0.057612 0.266000 144 152 154
0.098823 0.057612 0.266000 146 151 154
0.099694 0.057612 0.266000 145 151 151
0.100566 0.057612 0.266000 150 156 156
0.101437 0.057612 0.266000 143 152 151
0.102309 0.057612 0.266000 146 154 156
0.103180 0.057612 0.266000 145 153 155
0.104052 0.057612 0.266000 143 151 153
0.104924 0.057612 0.266000 146 154 156
0.105795 0.057612 0.266000 140 148 150
0.106667 0.057612 0.266000 144 152 154
0.107538 0.057612 0.266000 142 150 152
0.108410 0.057612 0.266000 141 150 149
0.109281 0.057612 0.266000 145 154 153
0.110153 0.057612 0.266000 144 152 154
0.111025 0.057612 0.266000 145 153 155
0.112317 0.057829 0.267000 142 147 151
0.113616 0.058045 0.268000 126 129 134
0.115348 0.058479 0.270000 68 69 74
0.117094 0.058912 0.272000 71 70 76
0.118419 0.059128 0.273000 66 66 68
0.119313 0.059128 0.273000 66 68 67
0.120208 0.059128 0.273000 64 66 65
0.121102 0.059128 0.273000 65 67 66
0.122444 0.059345 0.274000 64 66 65
0.123342 0.059345 0.274000 67 69 68
0.124239 0.059345 0.274000 67 69 68
0.125137 0.059345 0.274000 64 65 67
0.126035 0.059345 0.274000 65 65 67
0.126933 0.059345 0.274000 66 66 68
0.127830 0.059345 0.274000 70 72 71
0.128728 0.059345 0.274000 70 72 71
0.129626 0.059345 0.274000 73 73 73
0.130524 0.059345 0.274000 74 74 72
0.131422 0.059345 0.274000 73 73 71
0.132319 0.059345 0.274000 73 73 71
0.133217 0.059345 0.274000 71 73 72
0.134115 0.059345 0.274000 68 72 71
0.135013 0.059345 0.274000 67 71 70
0.135911 0.059345 0.274000 70 74 73
0.136808 0.059345 0.274000 70 74 73
0.137706 0.059345 0.274000 74 76 75
0.138604 0.059345 0.274000 74 76 73
0.139502 0.059345 0.274000 76 78 75
0.036747 0.059586 0.271000 66 70 69
0.037635 0.059586 0.271000 67 71 72
0.038523 0.059586 0.271000 65 69 70
0.039411 0.059586 0.271000 68 70 69
0.040448 0.059805 0.272000 65 67 66
0.041339 0.059805 0.272000 68 70 69
0.042230 0.059805 0.272000 68 70 69
0.042963 0.059586 0.271000 67 69 68
0.043851 0.059586 0.271000 69 71 70
0.044739 0.059586 0.271000 68 70 69
0.045627 0.059586 0.271000 67 69 68
0.046515 0.059586 0.271000 66 67 69
0.047403 0.059586 0.271000 65 67 66
0.048291 0.059586 0.271000 66 68 67
0.049179 0.059586 0.271000 71 71 71
0.050067 0.059586 0.271000 67 67 67
0.050955 0.059586 0.271000 69 69 69
0.051843 0.059586 0.271000 68 70 69
0.052731 0.059586 0.271000 67 68 70
0.053619 0.059586 0.271000 66 68 67
0.054507 0.059586 0.271000 64 66 65
0.055394 0.059586 0.271000 65 67 66
0.056282 0.059586 0.271000 68 70 69
0.057170 0.059586 0.271000 67 69 68
0.058058 0.059586 0.271000 67 69 68
0.058946 0.059586 0.271000 66 68 67
0.059834 0.059586 0.271000 64 68 67
0.060722 0.059586 0.271000 65 69 68
0.061610 0.059586 0.271000 64 68 67
0.062498 0.059586 0.271000 66 70 69
0.063386 0.059586 0.271000 67 69 68
0.064274 0.059586 0.271000 67 69 68
0.065162 0.059586 0.271000 65 69 68
0.066050 0.059586 0.271000 64 68 67
0.066938 0.059586 0.271000 63 67 66
0.067826 0.059586 0.271000 66 68 65
0.068714 0.059586 0.271000 65 67 64
0.069602 0.059586 0.271000 66 68 65
0.070490 0.059586 0.271000 66 68 65
0.071378 0.059586 0.271000 65 67 64
0.072266 0.059586 0.271000 62 62 60
0.073154 0.059586 0.271000 61 61 61
0.074042 0.059586 0.271000 59 59 59
0.074929 0.059586 0.271000 50 52 49
0.075817 0.059586 0.271000 48 50 47
0.076705 0.059586 0.271000 44 44 44
0.077307 0.059366 0.270000 43 43 43
0.078192 0.059366 0.270000 42 44 43
0.079076 0.059366 0.270000 40 42 39
0.079961 0.059366 0.270000 45 47 42
0.080846 0.059366 0.270000 54 55 50
0.081428 0.059146 0.269000 63 62 57
0.082003 0.058926 0.268000 157 154 149
0.082572 0.058706 0.267000 200 196 195
0.083447 0.058706 0.267000 149 149 149
0.084322 0.058706 0.267000 153 154 156
0.085197 0.058706 0.267000 146 151 154
0.086071 0.058706 0.267000 147 152 155
0.086621 0.058486 0.266000 149 153 156
0.087492 0.058486 0.266000 151 156 159
0.088364 0.058486 0.266000 150 155 158
0.089235 0.058486 0.266000 147 152 155
0.090107 0.058486 0.266000 149 154 157
0.090978 0.058486 0.266000 146 151 154
0.091850 0.058486 0.266000 148 153 156
0.092722 0.058486 0.266000 145 153 155
0.093593 0.058486 0.266000 146 154 156
0.094465 0.058486 0.266000 150 155 159
0.095336 0.058486 0.266000 152 157 161
0.096208 0.058486 0.266000 147 152 156
0.097079 0.058486 0.266000 146 151 155
0.097951 0.058486 0.266000 149 154 158
0.098823 0.058486 0.266000 140 145 149
0.099694 0.058486 0.266000 144 149 153
0.100566 0.058486 0.266000 147 152 156
0.101437 0.058486 0.266000 146 154 157
0.102694 0.058706 0.267000 144 154 156
0.103568 0.058706 0.267000 143 153 155
0.104443 0.058706 0.267000 143 153 155
0.105318 0.058706 0.267000 144 154 156
0.105795 0.058486 0.266000 140 150 152
0.106667 0.058486 0.266000 146 156 158
0.107538 0.058486 0.266000 146 156 158
0.108410 0.058486 0.266000 141 149 151
0.109281 0.058486 0.266000 143 151 154
0.110153 0.058486 0.266000 146 154 157
0.111442 0.058706 0.267000 143 151 154
0.112317 0.058706 0.267000 139 144 148
0.113616 0.058926 0.268000 108 111 116
0.114921 0.059146 0.269000 74 75 80
0.116233 0.059366 0.270000 65 66 71
0.117551 0.059586 0.271000 67 68 72
0.118439 0.059586 0.271000 64 68 69
0.119768 0.059805 0.272000 64 68 67
0.120659 0.059805 0.272000 64 68 67
0.121550 0.059805 0.272000 69 71 70
0.122441 0.059805 0.272000 67 69 68
0.123332 0.059805 0.272000 67 69 68
0.124224 0.059805 0.272000 68 68 68
0.125115 0.059805 0.272000 70 70 72
0.126006 0.059805 0.272000 71 71 73
0.126897 0.059805 0.272000 72 72 72
0.127789 0.059805 0.272000 71 71 71
0.128680 0.059805 0.272000 72 72 72
0.129571 0.059805 0.272000 70 70 70
0.130462 0.059805 0.272000 71 71 71
0.131354 0.059805 0.272000 71 70 68
0.132731 0.060025 0.273000 69 71 70
0.133625 0.060025 0.273000 71 73 72
0.134520 0.060025 0.273000 71 73 72
0.135414 0.060025 0.273000 73 75 74
0.136309 0.060025 0.273000 73 75 74
0.137204 0.060025 0.273000 74 76 73
0.138098 0.060025 0.273000 73 75 72
0.138993 0.060025 0.273000 74 75 70
0.037358 0.060029 0.269000 65 69 70
0.038381 0.060253 0.270000 66 70 71
0.039266 0.060253 0.270000 68 70 69
0.040151 0.060253 0.270000 67 69 68
0.041035 0.060253 0.270000 67 69 68
0.041920 0.060253 0.270000 68 70 69
0.042805 0.060253 0.270000 66 68 67
0.043689 0.060253 0.270000 64 68 67
0.044409 0.060029 0.269000 64 68 67
0.045290 0.060029 0.269000 64 68 67
0.046172 0.060029 0.269000 64 68 69
0.047053 0.060029 0.269000 68 70 69
0.047934 0.060029 0.269000 66 68 67
0.048816 0.060029 0.269000 68 68 68
0.049697 0.060029 0.269000 70 70 70
0.050579 0.060029 0.269000 70 70 70
0.051460 0.060029 0.269000 67 69 68
0.052341 0.060029 0.269000 67 68 70
0.053223 0.060029 0.269000 65 67 66
0.054104 0.060029 0.269000 68 70 69
0.054986 0.060029 0.269000 67 69 68
0.055867 0.060029 0.269000 67 69 68
0.056748 0.060029 0.269000 66 68 67
0.057630 0.060029 0.269000 67 69 68
0.058511 0.060029 0.269000 65 69 68
0.059393 0.060029 0.269000 64 68 67
0.060274 0.060029 0.269000 65 69 68
0.061155 0.060029 0.269000 65 69 68
0.062037 0.060029 0.269000 65 69 68
0.062918 0.060029 0.269000 66 68 67
0.063800 0.060029 0.269000 66 68 67
0.064681 0.060029 0.269000 64 68 67
0.065562 0.060029 0.269000 63 67 66
0.066444 0.060029 0.269000 64 68 67
0.067325 0.060029 0.269000 63 67 66
0.068207 0.060029 0.269000 61 65 64
0.069088 0.060029 0.269000 62 67 63
0.069969 0.060029 0.269000 63 68 64
0.070851 0.060029 0.269000 60 65 61
0.071732 0.060029 0.269000 60 65 61
0.072614 0.060029 0.269000 58 60 57
0.073495 0.060029 0.269000 57 59 56
0.074376 0.060029 0.269000 50 55 51
0.075258 0.060029 0.269000 50 52 51
0.076139 0.060029 0.269000 46 46 46
0.077021 0.060029 0.269000 44 44 44
0.077902 0.060029 0.269000 43 43 43
0.078784 0.060029 0.269000 42 44 41
0.079665 0.060029 0.269000 45 45 43
0.080247 0.059806 0.268000 50 49 45
0.081125 0.059806 0.268000 56 53 48
0.081697 0.059583 0.267000 85 82 77
0.082572 0.059583 0.267000 96 92 91
0.083447 0.059583 0.267000 178 176 177
0.084322 0.059583 0.267000 161 162 164
0.084877 0.059360 0.266000 149 153 156
0.085749 0.059360 0.266000 150 151 155
0.086621 0.059360 0.266000 150 151 155
0.087492 0.059360 0.266000 149 150 154
0.088364 0.059360 0.266000 153 154 158
0.089235 0.059360 0.266000 152 153 157
0.090107 0.059360 0.266000 149 150 154
0.090978 0.059360 0.266000 150 151 155
0.091850 0.059360 0.266000 147 148 152
0.092722 0.059360 0.266000 145 149 152
0.093593 0.059360 0.266000 148 152 155
0.094465 0.059360 0.266000 151 155 158
0.095336 0.059360 0.266000 149 150 154
0.096208 0.059360 0.266000 150 151 155
0.097079 0.059360 0.266000 146 147 151
0.097951 0.059360 0.266000 149 150 154
0.098823 0.059360 0.266000 144 148 151
0.099694 0.059360 0.266000 145 149 152
0.100566 0.059360 0.266000 145 149 152
0.101437 0.059360 0.266000 142 145 150
0.102309 0.059360 0.266000 143 146 151
0.103180 0.059360 0.266000 138 143 147
0.104052 0.059360 0.266000 139 144 148
0.104924 0.059360 0.266000 140 145 149
0.105795 0.059360 0.266000 140 145 149
0.106667 0.059360 0.266000 139 144 148
0.107538 0.059360 0.266000 141 146 150
0.108410 0.059360 0.266000 138 143 146
0.109281 0.059360 0.266000 144 148 151
0.110153 0.059360 0.266000 140 145 148
0.111025 0.059360 0.266000 139 144 147
0.112317 0.059583 0.267000 138 143 146
0.113192 0.059583 0.267000 78 82 85
0.114494 0.059806 0.268000 69 70 74
0.115802 0.060029 0.269000 70 71 75
0.116684 0.060029 0.269000 63 67 70
0.118002 0.060253 0.270000 62 67 70
0.118887 0.060253 0.270000 64 70 70
0.119772 0.060253 0.270000 62 68 66
0.120656 0.060253 0.270000 64 68 67
0.121541 0.060253 0.270000 67 69 68
0.122426 0.060253 0.270000 72 72 72
0.123310 0.060253 0.270000 72 72 72
0.124195 0.060253 0.270000 71 72 74
0.125080 0.060253 0.270000 70 71 73
0.125964 0.060253 0.270000 71 73 72
0.126849 0.060253 0.270000 67 69 68
0.127734 0.060253 0.270000 68 70 69
0.128618 0.060253 0.270000 71 73 72
0.129503 0.060253 0.270000 71 73 72
0.130388 0.060253 0.270000 73 73 73
0.131272 0.060253 0.270000 76 76 76
0.132157 0.060253 0.270000 76 76 76
0.133042 0.060253 0.270000 73 75 74
0.134422 0.060476 0.271000 74 76 75
0.135310 0.060476 0.271000 72 74 71
0.136198 0.060476 0.271000 72 74 71
0.137086 0.060476 0.271000 75 77 72
0.137974 0.060476 0.271000 76 77 72
0.037219 0.060687 0.268000 65 69 70
0.038097 0.060687 0.268000 65 69 70
0.038975 0.060687 0.268000 66 68 67
0.039853 0.060687 0.268000 66 68 67
0.040731 0.060687 0.268000 66 68 67
0.041609 0.060687 0.268000 66 68 67
0.042488 0.060687 0.268000 65 69 68
0.043366 0.060687 0.268000 65 69 68
0.044244 0.060687 0.268000 64 68 67
0.045122 0.060687 0.268000 64 68 67
0.046000 0.060687 0.268000 62 66 67
0.046878 0.060687 0.268000 66 68 67
0.047756 0.060687 0.268000 66 68 67
0.048634 0.060687 0.268000 66 66 66
0.049328 0.060460 0.267000 67 67 67
0.050203 0.060460 0.267000 68 68 68
0.051269 0.060687 0.268000 67 69 68
0.051952 0.060460 0.267000 66 67 69
0.052827 0.060460 0.267000 67 69 68
0.053702 0.060460 0.267000 68 70 69
0.054577 0.060460 0.267000 65 67 66
0.055452 0.060460 0.267000 65 67 66
0.056538 0.060687 0.268000 65 67 66
0.057201 0.060460 0.267000 63 67 66
0.058076 0.060460 0.267000 64 68 67
0.058951 0.060460 0.267000 64 68 67
0.059826 0.060460 0.267000 64 68 67
0.060701 0.060460 0.267000 64 68 67
0.061576 0.060460 0.267000 66 68 67
0.062450 0.060460 0.267000 65 67 66
0.063325 0.060460 0.267000 65 67 66
0.064200 0.060460 0.267000 65 67 66
0.065075 0.060460 0.267000 64 68 67
0.065950 0.060460 0.267000 64 68 67
0.066825 0.060460 0.267000 61 67 65
0.067700 0.060460 0.267000 60 66 64
0.068574 0.060460 0.267000 60 66 64
0.069449 0.060460 0.267000 61 67 63
0.070324 0.060460 0.267000 62 68 64
0.071199 0.060460 0.267000 59 65 61
0.072074 0.060460 0.267000 61 66 62
0.072949 0.060460 0.267000 60 65 61
0.073824 0.060460 0.267000 53 57 56
0.074698 0.060460 0.267000 53 55 54
0.075573 0.060460 0.267000 48 48 48
0.076448 0.060460 0.267000 44 44 44
0.077323 0.060460 0.267000 42 42 42
0.078198 0.060460 0.267000 42 42 40
0.079073 0.060460 0.267000 43 42 40
0.079947 0.060460 0.267000 49 45 42
0.080822 0.060460 0.267000 50 47 42
0.081697 0.060460 0.267000 48 43 39
0.082263 0.060234 0.266000 45 41 38
0.083134 0.060234 0.266000 41 39 40
0.084006 0.060234 0.266000 41 41 43
0.084877 0.060234 0.266000 50 51 55
0.085749 0.060234 0.266000 47 46 52
0.086621 0.060234 0.266000 47 44 51
0.087492 0.060234 0.266000 50 48 53
0.088364 0.060234 0.266000 49 47 52
0.089235 0.060234 0.266000 45 43 48
0.090107 0.060234 0.266000 52 50 55
0.090978 0.060234 0.266000 49 47 52
0.091850 0.060234 0.266000 45 44 49
0.092722 0.060234 0.266000 47 47 49
0.093593 0.060234 0.266000 47 47 49
0.094465 0.060234 0.266000 46 44 47
0.095336 0.060234 0.266000 46 44 47
0.096208 0.060234 0.266000 44 42 45
0.097079 0.060234 0.266000 47 45 48
0.097951 0.060234 0.266000 51 51 53
0.098823 0.060234 0.266000 49 48 53
0.099694 0.060234 0.266000 56 55 60
0.100566 0.060234 0.266000 52 53 57
0.101437 0.060234 0.266000 53 51 56
0.102309 0.060234 0.266000 51 49 54
0.103180 0.060234 0.266000 46 45 50
0.104052 0.060234 0.266000 48 47 52
0.104924 0.060234 0.266000 46 47 51
0.105795 0.060234 0.266000 49 50 54
0.106667 0.060234 0.266000 47 46 51
0.107538 0.060234 0.266000 48 47 52
0.108410 0.060234 0.266000 53 52 57
0.109281 0.060234 0.266000 50 51 53
0.110153 0.060234 0.266000 52 53 55
0.111025 0.060234 0.266000 46 50 53
0.111896 0.060234 0.266000 52 56 57
0.112768 0.060234 0.266000 70 71 73
0.114067 0.060460 0.267000 72 73 75
0.114941 0.060460 0.267000 70 70 72
0.116250 0.060687 0.268000 67 71 74
0.117128 0.060687 0.268000 65 73 75
0.118006 0.060687 0.268000 65 74 73
0.118884 0.060687 0.268000 68 74 74
0.119763 0.060687 0.268000 68 72 71
0.120641 0.060687 0.268000 71 73 72
0.121519 0.060687 0.268000 73 73 73
0.122397 0.060687 0.268000 72 70 71
0.123275 0.060687 0.268000 71 73 72
0.124153 0.060687 0.268000 68 72 71
0.125031 0.060687 0.268000 70 74 73
0.125909 0.060687 0.268000 69 73 74
0.126787 0.060687 0.268000 68 72 73
0.127666 0.060687 0.268000 68 72 73
0.128544 0.060687 0.268000 69 73 74
0.129422 0.060687 0.268000 72 73 75
0.130300 0.060687 0.268000 75 75 75
0.131178 0.060687 0.268000 74 74 74
0.132056 0.060687 0.268000 73 73 73
0.133430 0.060913 0.269000 73 73 73
0.134312 0.060913 0.269000 74 76 73
0.135193 0.060913 0.269000 75 77 74
0.136075 0.060913 0.269000 75 77 72
0.136956 0.060913 0.269000 74 75 70
0.036941 0.061108 0.266000 69 69 71
0.037813 0.061108 0.266000 67 67 69
0.038684 0.061108 0.266000 68 70 69
0.039556 0.061108 0.266000 68 70 69
0.040427 0.061108 0.266000 65 67 66
0.041454 0.061337 0.267000 66 68 67
0.042329 0.061337 0.267000 68 70 69
0.043204 0.061337 0.267000 67 69 68
0.044079 0.061337 0.267000 65 67 66
0.044954 0.061337 0.267000 66 68 67
0.045657 0.061108 0.266000 65 67 66
0.046703 0.061337 0.267000 65 67 66
0.047578 0.061337 0.267000 65 67 66
0.048453 0.061337 0.267000 66 68 67
0.049143 0.061108 0.266000 66 68 67
0.050015 0.061108 0.266000 67 69 68
0.050886 0.061108 0.266000 64 66 65
0.051758 0.061108 0.266000 67 69 68
0.052629 0.061108 0.266000 67 69 68
0.053501 0.061108 0.266000 65 67 66
0.054372 0.061108 0.266000 65 67 66
0.055244 0.061108 0.266000 65 67 66
0.056116 0.061108 0.266000 69 71 70
0.057201 0.061337 0.267000 66 70 69
0.057859 0.061108 0.266000 67 72 68
0.058730 0.061108 0.266000 63 68 64
0.059602 0.061108 0.266000 68 70 69
0.060473 0.061108 0.266000 68 70 69
0.061345 0.061108 0.266000 65 67 66
0.062217 0.061108 0.266000 66 68 67
0.063088 0.061108 0.266000 66 68 67
0.063960 0.061108 0.266000 63 67 66
0.064831 0.061108 0.266000 62 66 65
0.065703 0.061108 0.266000 61 67 65
0.066574 0.061108 0.266000 62 66 67
0.067446 0.061108 0.266000 63 67 68
0.068318 0.061108 0.266000 63 67 66
0.069189 0.061108 0.266000 66 70 69
0.070061 0.061108 0.266000 65 67 66
0.070932 0.061108 0.266000 64 66 63
0.071804 0.061108 0.266000 61 66 62
0.072949 0.061337 0.267000 60 65 61
0.073547 0.061108 0.266000 56 61 57
0.074698 0.061337 0.267000 55 57 56
0.075573 0.061337 0.267000 51 53 52
0.076448 0.061337 0.267000 45 46 48
0.077323 0.061337 0.267000 44 46 45
0.077905 0.061108 0.266000 44 44 42
0.078776 0.061108 0.266000 43 44 39
0.079648 0.061108 0.266000 43 44 39
0.080520 0.061108 0.266000 45 44 40
0.081391 0.061108 0.266000 44 43 39
0.082263 0.061108 0.266000 46 45 41
0.083134 0.061108 0.266000 44 45 40
0.084006 0.061108 0.266000 45 45 43
0.084877 0.061108 0.266000 45 45 45
0.085749 0.061108 0.266000 45 45 45
0.086621 0.061108 0.266000 44 44 46
0.087492 0.061108 0.266000 44 45 47
0.088364 0.061108 0.266000 45 46 48
0.089235 0.061108 0.266000 44 45 47
0.090107 0.061108 0.266000 44 44 46
0.090978 0.061108 0.266000 47 45 48
0.091850 0.061108 0.266000 47 45 48
0.092722 0.061108 0.266000 43 43 45
0.093593 0.061108 0.266000 46 46 48
0.094465 0.061108 0.266000 47 47 45
0.094978 0.060878 0.265000 44 43 41
0.095846 0.060878 0.265000 43 43 41
0.096714 0.060878 0.265000 42 42 42
0.097583 0.060878 0.265000 44 44 44
0.098451 0.060878 0.265000 44 46 45
0.099319 0.060878 0.265000 45 45 45
0.100566 0.061108 0.266000 42 42 42
0.101437 0.061108 0.266000 45 43 44
0.102309 0.061108 0.266000 44 42 45
0.103180 0.061108 0.266000 46 46 48
0.104052 0.061108 0.266000 43 43 45
0.104924 0.061108 0.266000 42 43 45
0.105795 0.061108 0.266000 42 43 45
0.106667 0.061108 0.266000 44 45 47
0.107134 0.060878 0.265000 46 46 48
0.108002 0.060878 0.265000 46 46 46
0.108871 0.060878 0.265000 48 50 49
0.109739 0.060878 0.265000 53 55 54
0.111025 0.061108 0.266000 50 52 51
0.111896 0.061108 0.266000 58 58 58
0.112768 0.061108 0.266000 65 65 65
0.113639 0.061108 0.266000 70 70 70
0.114511 0.061108 0.266000 71 73 72
0.115382 0.061108 0.266000 70 76 76
0.116254 0.061108 0.266000 68 74 74
0.117126 0.061108 0.266000 69 75 75
0.118441 0.061337 0.267000 69 73 74
0.118869 0.061108 0.266000 73 74 76
0.120190 0.061337 0.267000 69 70 72
0.121065 0.061337 0.267000 72 73 75
0.121940 0.061337 0.267000 71 72 74
0.122815 0.061337 0.267000 70 74 75
0.123690 0.061337 0.267000 68 74 74
0.124565 0.061337 0.267000 68 74 74
0.125440 0.061337 0.267000 68 74 74
0.126314 0.061337 0.267000 69 73 74
0.127189 0.061337 0.267000 70 74 75
0.128064 0.061337 0.267000 71 75 76
0.128456 0.061108 0.266000 71 75 76
0.129328 0.061108 0.266000 73 74 76
0.130689 0.061337 0.267000 74 75 77
0.131564 0.061337 0.267000 73 74 76
0.132438 0.061337 0.267000 73 74 76
0.133313 0.061337 0.267000 76 80 81
0.134691 0.061567 0.268000 73 77 78
0.135569 0.061567 0.268000 72 76 77
0.136447 0.061567 0.268000 73 77 78
0.036802 0.061749 0.265000 67 67 67
0.037670 0.061749 0.265000 68 68 68
0.038539 0.061749 0.265000 67 69 68
0.039407 0.061749 0.265000 67 69 68
0.040275 0.061749 0.265000 66 68 67
0.041144 0.061749 0.265000 66 68 67
0.042170 0.061982 0.266000 67 69 68
0.043042 0.061982 0.266000 67 69 68
0.043914 0.061982 0.266000 66 68 67
0.044785 0.061982 0.266000 66 68 67
0.045657 0.061982 0.266000 66 68 67
0.046528 0.061982 0.266000 65 67 66
0.047400 0.061982 0.266000 65 67 66
0.048271 0.061982 0.266000 66 68 67
0.048958 0.061749 0.265000 66 68 67
0.049827 0.061749 0.265000 68 70 69
0.050695 0.061749 0.265000 65 67 66
0.051563 0.061749 0.265000 65 67 66
0.052431 0.061749 0.265000 65 67 66
0.053300 0.061749 0.265000 66 68 67
0.054168 0.061749 0.265000 67 69 68
0.055036 0.061749 0.265000 66 68 67
0.055905 0.061749 0.265000 65 67 66
0.056773 0.061749 0.265000 63 67 66
0.057641 0.061749 0.265000 64 69 65
0.058510 0.061749 0.265000 63 68 64
0.059378 0.061749 0.265000 62 66 65
0.060246 0.061749 0.265000 64 68 67
0.061345 0.061982 0.266000 65 67 66
0.061983 0.061749 0.265000 66 68 67
0.062851 0.061749 0.265000 65 67 66
0.063719 0.061749 0.265000 62 66 65
0.064588 0.061749 0.265000 62 66 65
0.065456 0.061749 0.265000 63 67 66
0.066324 0.061749 0.265000 63 67 66
0.067192 0.061749 0.265000 63 67 66
0.068061 0.061749 0.265000 64 68 67
0.068929 0.061749 0.265000 68 70 69
0.069797 0.061749 0.265000 63 65 64
0.070666 0.061749 0.265000 64 66 63
0.071534 0.061749 0.265000 63 65 62
0.072402 0.061749 0.265000 59 64 60
0.073271 0.061749 0.265000 60 62 59
0.074419 0.061982 0.266000 54 56 55
0.075290 0.061982 0.266000 56 58 57
0.076162 0.061982 0.266000 52 53 55
0.077033 0.061982 0.266000 47 49 48
0.077905 0.061982 0.266000 46 46 44
0.078480 0.061749 0.265000 44 45 40
0.079349 0.061749 0.265000 42 43 38
0.080217 0.061749 0.265000 45 45 43
0.081085 0.061749 0.265000 46 47 42
0.081953 0.061749 0.265000 45 46 41
0.082822 0.061749 0.265000 42 44 39
0.083690 0.061749 0.265000 42 44 41
0.084558 0.061749 0.265000 41 43 40
0.085427 0.061749 0.265000 41 43 42
0.086295 0.061749 0.265000 41 43 42
0.087163 0.061749 0.265000 40 44 43
0.088032 0.061749 0.265000 41 45 44
0.088900 0.061749 0.265000 44 46 45
0.089768 0.061749 0.265000 43 43 43
0.090978 0.061982 0.266000 42 42 42
0.091850 0.061982 0.266000 43 43 43
0.092722 0.061982 0.266000 43 43 43
0.093241 0.061749 0.265000 41 43 42
0.094110 0.061749 0.265000 43 43 41
0.094978 0.061749 0.265000 42 42 40
0.095846 0.061749 0.265000 42 44 41
0.096714 0.061749 0.265000 41 43 40
0.097583 0.061749 0.265000 42 44 41
0.098451 0.061749 0.265000 41 43 40
0.099319 0.061749 0.265000 43 43 41
0.100188 0.061749 0.265000 41 41 39
0.101056 0.061749 0.265000 44 44 44
0.101924 0.061749 0.265000 43 43 43
0.102793 0.061749 0.265000 40 42 41
0.103661 0.061749 0.265000 39 41 40
0.104529 0.061749 0.265000 42 44 43
0.105397 0.061749 0.265000 42 44 43
0.106266 0.061749 0.265000 45 47 46
0.107134 0.061749 0.265000 46 48 47
0.108002 0.061749 0.265000 49 51 48
0.108871 0.061749 0.265000 51 53 50
0.109739 0.061749 0.265000 53 55 52
0.110607 0.061749 0.265000 56 56 56
0.111476 0.061749 0.265000 60 60 60
0.112344 0.061749 0.265000 67 67 67
0.113212 0.061749 0.265000 74 74 74
0.114080 0.061749 0.265000 71 73 72
0.114949 0.061749 0.265000 68 74 74
0.115817 0.061749 0.265000 67 73 73
0.116685 0.061749 0.265000 71 75 76
0.117554 0.061749 0.265000 70 74 75
0.118422 0.061749 0.265000 72 73 75
0.119290 0.061749 0.265000 72 73 75
0.120158 0.061749 0.265000 70 71 73
0.121027 0.061749 0.265000 71 72 74
0.122355 0.061982 0.266000 70 74 75
0.123227 0.061982 0.266000 68 74 74
0.124098 0.061982 0.266000 69 75 75
0.124970 0.061982 0.266000 70 74 75
0.125841 0.061982 0.266000 68 72 73
0.126713 0.061982 0.266000 69 73 74
0.127584 0.061982 0.266000 69 73 74
0.128456 0.061982 0.266000 70 74 75
0.129328 0.061982 0.266000 73 75 74
0.130199 0.061982 0.266000 74 76 75
0.131071 0.061982 0.266000 74 76 75
0.131942 0.061982 0.266000 73 75 74
0.132814 0.061982 0.266000 71 75 74
0.133685 0.061982 0.266000 71 75 74
0.135063 0.062215 0.267000 73 74 76
0.135938 0.062215 0.267000 74 75 77
0.036802 0.062619 0.265000 70 70 70
0.037670 0.062619 0.265000 70 70 70
0.038539 0.062619 0.265000 66 68 67
0.039407 0.062619 0.265000 67 69 68
0.040275 0.062619 0.265000 66 68 67
0.041144 0.062619 0.265000 67 69 68
0.042012 0.062619 0.265000 67 69 68
0.042880 0.062619 0.265000 65 67 66
0.043748 0.062619 0.265000 66 68 67
0.044617 0.062619 0.265000 66 68 67
0.045485 0.062619 0.265000 65 67 66
0.046353 0.062619 0.265000 65 67 66
0.047222 0.062619 0.265000 65 67 66
0.048090 0.062619 0.265000 66 68 67
0.048958 0.062619 0.265000 65 67 66
0.049827 0.062619 0.265000 67 69 68
0.050695 0.062619 0.265000 67 69 68
0.051563 0.062619 0.265000 65 67 66
0.052431 0.062619 0.265000 65 67 66
0.053300 0.062619 0.265000 66 68 67
0.054168 0.062619 0.265000 65 67 66
0.055036 0.062619 0.265000 66 68 67
0.055905 0.062619 0.265000 66 68 67
0.056773 0.062619 0.265000 65 67 66
0.057641 0.062619 0.265000 65 67 64
0.058510 0.062619 0.265000 65 67 64
0.059378 0.062619 0.265000 63 67 66
0.061983 0.062619 0.265000 68 70 69
0.062851 0.062619 0.265000 66 68 67
0.063719 0.062619 0.265000 65 67 66
0.064588 0.062619 0.265000 65 67 66
0.065456 0.062619 0.265000 63 65 64
0.066324 0.062619 0.265000 64 69 65
0.067192 0.062619 0.265000 61 66 62
0.068061 0.062619 0.265000 65 67 64
0.068929 0.062619 0.265000 65 67 64
0.069797 0.062619 0.265000 63 65 62
0.070666 0.062619 0.265000 62 64 63
0.071534 0.062619 0.265000 62 64 63
0.072402 0.062619 0.265000 63 65 64
0.073271 0.062619 0.265000 60 62 59
0.074139 0.062619 0.265000 60 62 61
0.075007 0.062619 0.265000 58 60 59
0.076744 0.062619 0.265000 51 53 52
0.078480 0.062619 0.265000 47 47 45
0.079349 0.062619 0.265000 45 46 41
0.080217 0.062619 0.265000 46 46 44
0.081085 0.062619 0.265000 47 47 45
0.081953 0.062619 0.265000 45 45 43
0.082822 0.062619 0.265000 46 48 45
0.083690 0.062619 0.265000 44 46 43
0.084558 0.062619 0.265000 45 47 46
0.085427 0.062619 0.265000 42 46 45
0.086295 0.062619 0.265000 40 44 43
0.087163 0.062619 0.265000 41 45 44
0.088032 0.062619 0.265000 41 43 42
0.088900 0.062619 0.265000 41 43 42
0.089768 0.062619 0.265000 43 45 44
0.090636 0.062619 0.265000 42 44 43
0.091505 0.062619 0.265000 40 42 41
0.092373 0.062619 0.265000 39 41 40
0.093241 0.062619 0.265000 41 43 42
0.094110 0.062619 0.265000 40 42 39
0.094978 0.062619 0.265000 40 42 39
0.095846 0.062619 0.265000 40 42 39
0.096714 0.062619 0.265000 40 42 39
0.097583 0.062619 0.265000 41 43 42
0.098451 0.062619 0.265000 41 43 42
0.099319 0.062619 0.265000 44 44 44
0.100188 0.062619 0.265000 43 43 43
0.101056 0.062619 0.265000 37 41 40
0.101924 0.062619 0.265000 38 42 41
0.102793 0.062619 0.265000 41 45 44
0.103661 0.062619 0.265000 40 44 43
0.104529 0.062619 0.265000 41 45 44
0.105397 0.062619 0.265000 43 47 46
0.106266 0.062619 0.265000 46 50 49
0.107134 0.062619 0.265000 46 50 49
0.108002 0.062619 0.265000 50 54 53
0.108460 0.062383 0.264000 51 53 52
0.109325 0.062383 0.264000 54 56 55
0.110607 0.062619 0.265000 58 60 59
0.111055 0.062383 0.264000 61 61 61
0.112344 0.062619 0.265000 64 66 65
0.113212 0.062619 0.265000 72 74 73
0.114080 0.062619 0.265000 71 73 72
0.114949 0.062619 0.265000 71 75 74
0.115380 0.062383 0.264000 69 73 72
0.116245 0.062383 0.264000 71 73 72
0.117110 0.062383 0.264000 71 73 72
0.117975 0.062383 0.264000 73 75 74
0.119290 0.062619 0.265000 71 73 72
0.120158 0.062619 0.265000 72 74 73
0.121027 0.062619 0.265000 73 75 74
0.121895 0.062619 0.265000 74 78 79
0.122763 0.062619 0.265000 70 74 75
0.123632 0.062619 0.265000 68 72 73
0.124500 0.062619 0.265000 68 72 73
0.125368 0.062619 0.265000 70 74 75
0.126237 0.062619 0.265000 70 74 75
0.127105 0.062619 0.265000 71 75 76
0.127973 0.062619 0.265000 72 76 77
0.128841 0.062619 0.265000 73 73 73
0.129710 0.062619 0.265000 73 73 71
0.130578 0.062619 0.265000 71 73 70
0.131446 0.062619 0.265000 71 73 70
0.132315 0.062619 0.265000 72 74 71
0.133183 0.062619 0.265000 75 75 73
0.134557 0.062855 0.266000 75 75 75
0.135429 0.062855 0.266000 74 74 74
0.036663 0.063250 0.264000 67 69 66
0.037528 0.063250 0.264000 66 68 65
0.038393 0.063250 0.264000 65 67 66
0.039258 0.063250 0.264000 64 68 67
0.082509 0.063250 0.264000 46 48 47
0.083690 0.063490 0.265000 46 48 47
0.084558 0.063490 0.265000 42 46 45
0.085427 0.063490 0.265000 41 45 46
0.092373 0.063490 0.265000 39 44 40
0.092889 0.063250 0.264000 41 46 42
0.107595 0.063250 0.264000 50 54 53
0.108460 0.063250 0.264000 51 55 54
0.109325 0.063250 0.264000 56 58 57
0.117110 0.063250 0.264000 72 74 73
0.117975 0.063250 0.264000 73 75 74
0.129710 0.063490 0.265000 72 74 71
0.130578 0.063490 0.265000 72 74 71
0.131446 0.063490 0.265000 72 74 71
0.132315 0.063490 0.265000 72 74 73
0.132680 0.063250 0.264000 74 74 74
0.134051 0.063490 0.265000 75 75 75
0.084558 0.064360 0.265000 44 48 47
0.085427 0.064360 0.265000 44 48 49
0.081085 0.065231 0.265000 52 52 52
0.081953 0.065231 0.265000 50 50 50
0.082822 0.065231 0.265000 52 54 53
0.083690 0.065231 0.265000 52 54 53
0.084558 0.065231 0.265000 49 51 50
0.085427 0.065231 0.265000 46 50 49
0.086295 0.065231 0.265000 46 50 49
0.087163 0.065231 0.265000 45 47 46
0.081953 0.066101 0.265000 54 54 52
0.082509 0.065852 0.264000 53 55 52
0.083690 0.066101 0.265000 54 56 53
0.084877 0.066351 0.266000 53 55 52
0.153757 0.075331 0.302000 70 71 73
0.081953 0.066972 0.265000 60 60 58
0.082509 0.066719 0.264000 60 60 58
0.083690 0.066972 0.265000 58 58 56
0.084558 0.066972 0.265000 60 60 58
0.153757 0.076323 0.302000 74 76 75
0.082509 0.067587 0.264000 60 62 61
0.083690 0.067843 0.265000 57 59 58
0.084558 0.067843 0.265000 60 62 61
0.126782 0.091395 0.357000 59 59 59
0.127593 0.091139 0.356000 59 61 60
0.128759 0.091139 0.356000 59 61 60
0.129926 0.091139 0.356000 56 60 59
0.153757 0.077315 0.302000 71 71 71
0.153757 0.078307 0.302000 74 72 73
0.091509 0.090128 0.339000 61 63 62
0.092347 0.089862 0.338000 63 65 64
0.091509 0.091242 0.339000 60 62 59
0.092347 0.090973 0.338000 63 65 62
0.091509 0.092356 0.339000 62 67 61
0.092347 0.092083 0.338000 58 63 57
0.107315 0.092111 0.305000 60 62 61
0.107315 0.093113 0.305000 58 60 59
0.107315 0.094115 0.305000 59 63 62
0.108315 0.094115 0.305000 59 65 63
0.109314 0.094115 0.305000 56 62 60
0.093630 0.100455 0.306000 60 62 61
0.094633 0.100455 0.306000 60 62 61
0.092325 0.101128 0.305000 60 62 61
0.093324 0.101128 0.305000 61 63 62
0.094633 0.101460 0.306000 59 61 60
0.095636 0.101460 0.306000 59 61 60
0.091326 0.102130 0.305000 58 64 62
0.092325 0.102130 0.305000 58 62 61
0.093324 0.102130 0.305000 58 62 61
0.094324 0.102130 0.305000 56 60 59
0.095636 0.102465 0.306000 56 60 59
0.096638 0.102465 0.306000 56 60 59
0.091026 0.102794 0.304000 58 62 61
0.092022 0.102794 0.304000 57 61 60
0.093324 0.103132 0.305000 58 62 61
0.094324 0.103132 0.305000 60 62 61
0.095323 0.103132 0.305000 60 62 61
0.096323 0.103132 0.305000 61 63 62
0.091026 0.103793 0.304000 60 62 61
0.092022 0.103793 0.304000 57 59 56
0.093018 0.103793 0.304000 59 61 58
0.094015 0.103793 0.304000 59 61 60
0.095011 0.103793 0.304000 60 62 61
0.096007 0.103793 0.304000 60 62 61
0.084322 0.098177 0.267000 59 61 60
0.085197 0.098177 0.267000 61 63 62
0.086071 0.098177 0.267000 58 60 59
0.084322 0.099054 0.267000 59 61 60
0.085197 0.099054 0.267000 61 63 62
0.085749 0.098683 0.266000 59 61 60
0.086621 0.098683 0.266000 57 61 60
0.087492 0.098683 0.266000 60 62 61
0.088364 0.098683 0.266000 58 60 59
0.084006 0.099557 0.266000 61 63 62
0.084877 0.099557 0.266000 57 62 58
0.085749 0.099557 0.266000 56 61 57
0.086621 0.099557 0.266000 58 63 59
0.087492 0.099557 0.266000 57 61 60
0.088364 0.099557 0.266000 59 63 62
0.084006 0.100431 0.266000 58 63 59
0.084877 0.100431 0.266000 57 62 58
0.085749 0.100431 0.266000 57 62 58
0.086621 0.100431 0.266000 56 61 57
0.087492 0.100431 0.266000 56 61 57
0.088032 0.100054 0.265000 56 61 57
0.089235 0.100431 0.266000 57 62 58
0.084877 0.101305 0.266000 56 61 55
0.085749 0.101305 0.266000 56 61 55
0.086621 0.101305 0.266000 57 62 56
0.087163 0.100924 0.265000 55 61 57
0.088032 0.100924 0.265000 57 63 59
0.088900 0.100924 0.265000 56 63 56
0.102447 0.022379 0.278758 241 246 250
0.097032 0.023582 0.280043 255 253 255
0.095757 0.023705 0.280838 246 251 255
0.105847 0.023677 0.276365 248 254 254
0.105386 0.023393 0.277659 235 240 244
0.104125 0.023527 0.278419 126 130 141
0.103663 0.023243 0.279717 112 116 125
0.103200 0.022958 0.281014 195 198 205
0.101132 0.023505 0.281261 192 191 199
0.099864 0.023634 0.282043 159 159 171
0.099398 0.023347 0.283349 123 130 140
0.098127 0.023474 0.284140 120 127 135
0.098467 0.022775 0.285962 125 125 133
0.098810 0.022077 0.287779 127 127 135
0.099156 0.021381 0.289590 137 142 148
0.098692 0.021096 0.290890 162 169 177
0.098229 0.020811 0.292191 195 199 208
0.098579 0.020117 0.293989 222 224 236
0.098116 0.019833 0.295286 249 252 255
0.096839 0.019957 0.296092 249 252 255
0.096376 0.019672 0.297393 248 253 255
0.095096 0.019793 0.298207 251 255 255
0.094631 0.019508 0.299511 248 253 255
0.093348 0.019628 0.300335 247 251 254
0.092882 0.019341 0.301641 143 147 150
0.109565 0.024249 0.275838 248 253 255
0.109107 0.023968 0.277124 223 228 232
0.107852 0.024108 0.277870 119 123 134
0.106596 0.024246 0.278622 117 120 137
0.105337 0.024384 0.279380 215 222 228
0.104876 0.024100 0.280674 249 255 255
0.104415 0.023817 0.281968 246 249 255
0.103151 0.023951 0.282739 232 231 237
0.101886 0.024085 0.283515 236 237 239
0.100619 0.024217 0.284297 247 255 255
0.100154 0.023931 0.285601 246 254 255
0.100496 0.023230 0.287416 255 254 255
0.100841 0.022531 0.289226 229 229 237
0.101187 0.021832 0.291029 96 100 109
0.101535 0.021135 0.292827 109 112 127
0.101075 0.020853 0.294118 96 99 118
0.100615 0.020570 0.295410 99 100 118
0.100155 0.020287 0.296701 137 136 150
0.098881 0.020415 0.297502 244 247 252
0.097605 0.020542 0.298308 250 254 253
0.096327 0.020667 0.299121 245 249 252
0.095046 0.020791 0.299940 189 192 197
0.093764 0.020914 0.300765 166 167 172
0.092479 0.021035 0.301596 158 159 163
0.092012 0.020748 0.302905 105 106 110
0.115299 0.024220 0.275174 252 255 255
0.114055 0.024369 0.275893 251 255 255
0.112809 0.024517 0.276619 198 203 209
0.111561 0.024663 0.277350 110 114 126
0.110311 0.024808 0.278088 107 110 125
0.109058 0.024951 0.278832 114 117 132
0.107804 0.025094 0.279582 100 104 115
0.107345 0.024812 0.280870 145 150 156
0.106087 0.024952 0.281629 247 255 255
0.106427 0.024247 0.283447 243 248 252
0.105167 0.024386 0.284212 206 207 212
0.104707 0.024103 0.285503 214 217 224
0.103444 0.024240 0.286278 236 243 249
0.102982 0.023957 0.287572 248 253 255
0.102521 0.023673 0.288866 253 254 255
0.102867 0.022972 0.290669 253 253 255
0.103214 0.022272 0.292465 193 196 205
0.103564 0.021574 0.294256 103 107 116
0.103106 0.021292 0.295541 127 131 140
0.102648 0.021011 0.296826 242 245 252
0.102191 0.020729 0.298112 253 254 255
0.100920 0.020861 0.298907 254 255 255
0.098833 0.021406 0.299222 185 189 188
0.097556 0.021535 0.300033 165 166 171
0.096278 0.021662 0.300849 172 171 177
0.094180 0.022200 0.301195 164 163 169
0.092896 0.022324 0.302026 162 161 167
0.092430 0.022037 0.303336 104 103 108
0.115704 0.025470 0.275592 184 189 195
0.115251 0.025192 0.276862 108 110 131
0.114007 0.025343 0.277585 121 123 148
0.112761 0.025493 0.278315 207 209 230
0.112306 0.025214 0.279591 246 250 255
0.111057 0.025362 0.280330 243 247 255
0.109806 0.025508 0.281075 138 142 154
0.109349 0.025227 0.282357 93 95 110
0.108892 0.024947 0.283639 111 114 129
0.107636 0.025091 0.284396 109 116 126
0.107178 0.024809 0.285681 105 108 117
0.106721 0.024528 0.286967 102 102 110
0.106263 0.024246 0.288252 105 110 116
0.105805 0.023965 0.289537 98 102 113
0.106152 0.023262 0.291333 103 102 116
0.106500 0.022560 0.293122 107 106 124
0.106851 0.021860 0.294905 134 136 151
0.107204 0.021161 0.296683 242 245 254
0.106751 0.020882 0.297956 250 254 255
0.105487 0.021021 0.298734 254 255 255
0.104222 0.021159 0.299518 195 195 197
0.102142 0.021713 0.299820 170 170 178
0.100871 0.021847 0.300619 168 168 180
0.098784 0.022396 0.300942 168 166 177
0.096692 0.022942 0.301277 168 167 173
0.095412 0.023072 0.302101 163 164 169
0.093313 0.023613 0.302457 166 167 171
0.092847 0.023326 0.303767 100 101 105
0.119821 0.026247 0.273881 254 255 255
0.120158 0.025536 0.275700 250 250 252
0.118922 0.025695 0.276403 251 255 255
0.117685 0.025853 0.277113 248 255 255
0.116445 0.026009 0.277828 236 241 244
0.115203 0.026164 0.278550 210 215 219
0.113959 0.026318 0.279277 179 184 190
0.113506 0.026039 0.280550 143 147 156
0.113052 0.025760 0.281824 117 119 131
0.112599 0.025481 0.283097 102 104 117
0.112145 0.025202 0.284370 100 99 113
0.110895 0.025352 0.285116 94 100 112
0.110440 0.025072 0.286392 92 102 111
0.109985 0.024793 0.287668 96 103 113
0.109531 0.024513 0.288944 103 103 113
0.109877 0.023808 0.290736 102 102 112
0.110226 0.023104 0.292521 95 99 110
0.109774 0.022826 0.293791 127 129 141
0.110126 0.022124 0.295567 248 248 255
0.110480 0.021424 0.297337 251 252 255
0.110030 0.021147 0.298601 251 255 255
0.108772 0.021292 0.299369 196 200 203
0.107512 0.021435 0.300142 167 168 172
0.105439 0.021998 0.300430 175 174 180
0.104174 0.022138 0.301218 168 167 173
0.101281 0.023116 0.301043 171 172 177
0.100009 0.023252 0.301850 136 136 144
0.097106 0.024222 0.301705 43 44 49
0.095012 0.024772 0.302054 169 170 175
0.093730 0.024902 0.302888 168 169 173
0.092446 0.025031 0.303728 99 103 106
0.120672 0.027765 0.273035 153 154 158
0.121006 0.027050 0.274856 155 156 160
0.120558 0.026774 0.276114 158 159 164
0.120110 0.026499 0.277372 171 172 174
0.118875 0.026660 0.278079 189 190 192
0.117637 0.026820 0.278793 207 208 212
0.116397 0.026979 0.279512 235 238 245
0.115155 0.027136 0.280238 242 245 254
0.114703 0.026858 0.281508 250 250 255
0.114250 0.026580 0.282778 253 253 255
0.114592 0.025869 0.284580 255 254 255
0.114140 0.025591 0.285848 251 255 255
0.114485 0.024882 0.287641 251 255 255
0.114035 0.024606 0.288905 249 254 255
0.113585 0.024329 0.290169 242 246 249
0.113934 0.023622 0.291950 216 220 223
0.113484 0.023346 0.293211 179 183 186
0.113837 0.022642 0.294983 243 247 250
0.114191 0.021939 0.296750 253 254 255
0.113744 0.021664 0.298005 253 253 255
0.113297 0.021389 0.299259 206 204 209
0.112044 0.021540 0.300015 171 170 176
0.110789 0.021689 0.300777 174 173 181
0.108724 0.022261 0.301053 170 170 178
0.106655 0.022831 0.301340 174 174 182
0.104581 0.023398 0.301639 141 141 149
0.102503 0.023962 0.301951 51 54 61
0.100421 0.024523 0.302275 41 44 49
0.098334 0.025082 0.302611 35 38 47
0.096243 0.025638 0.302959 156 156 164
0.093332 0.026611 0.302847 160 161 163
0.092048 0.026742 0.303692 87 88 90
0.122303 0.028839 0.272754 158 158 166
0.121855 0.028564 0.274012 161 162 166
0.121407 0.028288 0.275270 167 168 172
0.120959 0.028013 0.276528 165 165 173
0.120511 0.027737 0.277786 165 165 173
0.119276 0.027901 0.278494 171 171 181
0.118040 0.028064 0.279209 45 44 58
0.116801 0.028226 0.279929 50 51 69
0.115560 0.028386 0.280656 47 48 68
0.115898 0.027671 0.282463 53 51 73
0.116239 0.026957 0.284265 53 51 72
0.116581 0.026244 0.286060 68 65 84
0.116926 0.025533 0.287850 112 115 122
0.117273 0.024823 0.289633 166 170 173
0.116826 0.024548 0.290888 192 195 200
0.117176 0.023841 0.292662 212 215 220
0.116730 0.023566 0.293914 233 237 240
0.117084 0.022860 0.295679 245 249 252
0.116639 0.022587 0.296928 249 253 255
0.116995 0.021883 0.298684 210 211 215
0.115749 0.022040 0.299426 170 171 175
0.115304 0.021766 0.300674 174 173 179
0.114054 0.021921 0.301425 169 169 177
0.111997 0.022503 0.301687 164 164 174
0.109935 0.023081 0.301961 143 146 153
0.107868 0.023658 0.302248 45 48 55
0.105798 0.024231 0.302546 39 44 50
0.102912 0.025227 0.302374 32 36 45
0.100832 0.025794 0.302700 27 32 36
0.098747 0.026359 0.303038 35 37 49
0.095845 0.027344 0.302914 137 137 147
0.093750 0.027903 0.303279 156 158 157
0.092467 0.028037 0.304124 90 91 93
0.121924 0.030523 0.272604 165 165 173
0.121475 0.030247 0.273865 158 159 163
0.121808 0.029526 0.275684 167 168 170
0.121360 0.029251 0.276942 174 174 182
0.120912 0.028975 0.278200 174 175 180
0.119678 0.029143 0.278909 164 168 171
0.119229 0.028866 0.280170 137 140 145
0.117992 0.029032 0.280889 137 142 148
0.117542 0.028755 0.282153 96 99 106
0.117091 0.028478 0.283417 92 95 104
0.117432 0.027762 0.285214 71 71 81
0.117775 0.027047 0.287006 40 40 48
0.118913 0.025895 0.289318 77 77 85
0.119261 0.025184 0.291094 159 159 167
0.118816 0.024910 0.292343 167 167 175
0.119167 0.024201 0.294110 169 169 177
0.119521 0.023492 0.295871 165 165 173
0.119078 0.023220 0.297114 170 171 176
0.118635 0.022948 0.298357 165 166 171
0.118193 0.022676 0.299600 149 152 157
0.116948 0.022836 0.300340 168 172 175
0.115702 0.022996 0.301085 162 165 170
0.114453 0.023154 0.301837 149 152 161
0.112397 0.023741 0.302101 57 61 70
0.110337 0.024326 0.302377 38 43 49
0.108273 0.024908 0.302666 33 41 44
0.106204 0.025487 0.302966 27 35 38
0.104131 0.026064 0.303279 59 66 72
0.101243 0.027065 0.303125 149 154 158
0.099160 0.027636 0.303465 21 25 36
0.095448 0.029056 0.302871 109 112 121
0.094168 0.029195 0.303711 153 155 154
0.092886 0.029332 0.304557 95 96 98
0.121547 0.032214 0.272456 165 166 171
0.121876 0.031488 0.274280 157 158 162
0.121427 0.031212 0.275541 155 156 158
0.120978 0.030936 0.276802 36 37 42
0.120529 0.030660 0.278063 37 37 47
0.120080 0.030384 0.279324 33 33 45
0.119630 0.030108 0.280585 34 37 46
0.118395 0.030276 0.281304 41 44 51
0.117944 0.029999 0.282568 65 68 73
0.117494 0.029722 0.283833 90 91 96
0.117834 0.029003 0.285629 126 127 132
0.118966 0.027843 0.287949 148 149 154
0.119311 0.027128 0.289730 173 173 181
0.120452 0.025973 0.292029 168 168 176
0.120008 0.025700 0.293275 166 166 174
0.120359 0.024988 0.295038 168 168 176
0.119917 0.024716 0.296280 164 164 172
0.120271 0.024006 0.298034 168 168 176
0.119830 0.023734 0.299274 161 162 167
0.118589 0.023899 0.300009 160 161 166
0.117345 0.024063 0.300749 166 169 174
0.116100 0.024225 0.301496 59 64 70
0.114852 0.024386 0.302249 42 46 55
0.112798 0.024979 0.302515 36 43 51
0.110740 0.025570 0.302793 27 34 40
0.108677 0.026158 0.303083 28 36 39
0.106611 0.026743 0.303386 151 156 159
0.104539 0.027326 0.303701 148 153 157
0.101655 0.028336 0.303550 155 160 163
0.099574 0.028913 0.303891 34 38 49
0.095865 0.030345 0.303302 76 79 88
0.094586 0.030487 0.304143 157 158 160
0.092491 0.031055 0.304525 100 101 103
0.039062 0.058527 0.275777 93 94 99
0.039337 0.057769 0.277752 91 92 94
0.038798 0.057437 0.279265 89 90 92
0.039077 0.056681 0.281232 88 92 93
0.038539 0.056350 0.282742 87 91 92
0.038001 0.056019 0.284252 88 92 93
0.037463 0.055689 0.285763 88 92 93
0.036925 0.055358 0.287273 89 93 94
0.122278 0.032730 0.274695 159 160 162
0.121829 0.032454 0.275956 164 165 167
0.121380 0.032177 0.277217 32 33 38
0.120931 0.031901 0.278478 33 32 38
0.120481 0.031625 0.279739 34 33 39
0.120032 0.031349 0.281000 29 30 34
0.119583 0.031073 0.282261 30 31 33
0.119134 0.030797 0.283522 31 32 34
0.118685 0.030520 0.284783 31 32 36
0.119024 0.029799 0.286575 33 32 38
0.119366 0.029079 0.288362 32 31 39
0.120501 0.027916 0.290667 30 31 36
0.120849 0.027199 0.292439 30 31 36
0.121198 0.026483 0.294204 31 32 37
0.120755 0.026211 0.295447 39 40 45
0.120313 0.025939 0.296689 102 103 108
0.120666 0.025226 0.298442 165 166 171
0.120225 0.024955 0.299682 165 166 171
0.118984 0.025122 0.300418 159 160 164
0.117742 0.025289 0.301159 167 170 175
0.116497 0.025454 0.301907 37 40 47
0.114449 0.026056 0.302166 35 39 48
0.112396 0.026654 0.302437 27 31 40
0.111143 0.026814 0.303209 25 30 36
0.109082 0.027408 0.303501 13 18 21
0.107017 0.027999 0.303806 156 160 163
0.104948 0.028588 0.304122 150 154 157
0.102066 0.029607 0.303974 150 155 158
0.099177 0.030623 0.303845 40 44 55
0.096283 0.031634 0.303733 59 62 71
0.094193 0.032210 0.304107 153 154 156
0.092911 0.032353 0.304959 117 118 122
0.042800 0.058299 0.278122 95 96 101
0.042264 0.057970 0.279626 90 91 93
0.042544 0.057212 0.281585 90 91 93
0.041192 0.057311 0.282634 88 92 95
0.041475 0.056554 0.284587 92 96 97
0.040940 0.056226 0.286088 87 91 92
0.041226 0.055471 0.288033 91 92 94
0.041513 0.054717 0.289971 95 96 98
0.040981 0.054390 0.291466 91 92 94
0.040448 0.054062 0.292961 91 92 94
0.039916 0.053735 0.294456 96 97 99
0.039383 0.053408 0.295951 91 95 96
0.038851 0.053080 0.297446 89 93 94
0.038318 0.052753 0.298941 86 90 91
0.036957 0.052846 0.300017 88 92 91
0.121575 0.035157 0.272727 140 141 146
0.121902 0.034425 0.274552 159 160 162
0.121451 0.034148 0.275816 164 166 165
0.121001 0.033872 0.277080 37 38 43
0.121332 0.033142 0.278893 31 30 36
0.120883 0.032866 0.280154 29 29 31
0.120434 0.032590 0.281415 28 28 28
0.120769 0.031864 0.283215 28 28 26
0.120321 0.031588 0.284473 28 28 26
0.119873 0.031313 0.285731 25 27 26
0.120213 0.030589 0.287520 26 27 29
0.120555 0.029866 0.289302 26 27 32
0.120899 0.029145 0.291078 21 22 24
0.120454 0.028871 0.292327 31 32 34
0.120802 0.028152 0.294094 31 32 36
0.120358 0.027879 0.295340 34 35 40
0.120708 0.027162 0.297098 63 64 69
0.120266 0.026890 0.298341 160 161 166
0.119823 0.026618 0.299584 165 166 170
0.119380 0.026346 0.300827 158 159 161
0.118139 0.026515 0.301569 164 165 169
0.116095 0.027125 0.301821 37 40 45
0.114849 0.027291 0.302579 34 37 44
0.112797 0.027895 0.302852 27 32 38
0.110742 0.028497 0.303137 27 30 35
0.109487 0.028658 0.303919 26 27 31
0.107424 0.029256 0.304226 167 168 170
0.104550 0.030287 0.304066 154 154 156
0.102477 0.030879 0.304399 160 164 167
0.099592 0.031903 0.304273 55 59 70
0.095890 0.033358 0.303694 45 48 57
0.094612 0.033505 0.304540 151 155 156
0.093331 0.033651 0.305392 138 142 145
0.044904 0.058914 0.279538 92 95 102
0.044371 0.058586 0.281036 91 95 98
0.044652 0.057826 0.282988 91 95 96
0.044120 0.057498 0.284483 88 92 93
0.045221 0.056310 0.286875 87 91 92
0.045509 0.055554 0.288809 92 93 95
0.045799 0.054800 0.290737 93 94 96
0.046092 0.054047 0.292660 91 92 94
0.046386 0.053295 0.294576 92 93 95
0.045860 0.052971 0.296052 90 91 93
0.044510 0.053074 0.297099 92 93 95
0.044808 0.052325 0.299006 88 92 93
0.044282 0.052001 0.300483 88 92 93
0.042929 0.052102 0.301538 88 92 93
0.042402 0.051778 0.303018 91 93 92
0.041874 0.051454 0.304498 92 94 93
0.040517 0.051552 0.305566 93 95 94
0.039989 0.051228 0.307048 93 95 94
0.039461 0.050903 0.308531 92 94 93
0.038933 0.050578 0.310014 94 96 93
0.038404 0.050254 0.311497 95 95 93
0.037876 0.049929 0.312980 94 94 92
0.121978 0.036404 0.273144 119 120 124
0.122304 0.035669 0.274968 158 160 159
0.121854 0.035393 0.276232 157 159 158
0.121404 0.035116 0.277496 28 29 34
0.121734 0.034384 0.279308 32 33 38
0.121285 0.034107 0.280569 28 29 33
0.121618 0.033377 0.282371 24 25 27
0.121170 0.033102 0.283629 24 26 25
0.120722 0.032826 0.284887 24 26 23
0.121060 0.032099 0.286678 24 26 23
0.120613 0.031824 0.287933 21 26 22
0.120954 0.031098 0.289714 24 29 25
0.120508 0.030824 0.290966 24 29 25
0.120852 0.030101 0.292738 24 28 27
0.121198 0.029378 0.294504 28 32 35
0.120755 0.029106 0.295750 30 31 36
0.120311 0.028833 0.296996 44 44 52
0.120662 0.028113 0.298750 161 162 167
0.120219 0.027841 0.299993 160 159 165
0.118979 0.028014 0.300733 161 160 165
0.118536 0.027741 0.301979 161 162 164
0.116494 0.028357 0.302233 45 48 53
0.114448 0.028969 0.302499 36 41 47
0.112398 0.029579 0.302777 28 33 37
0.111146 0.029745 0.303554 23 28 31
0.109088 0.030350 0.303853 26 27 29
0.107026 0.030952 0.304165 161 161 163
0.104959 0.031552 0.304488 160 158 161
0.102082 0.032589 0.304349 155 159 162
0.100006 0.033183 0.304700 92 96 107
0.096308 0.034651 0.304126 28 30 42
0.094221 0.035238 0.304508 156 160 161
0.092941 0.035386 0.305364 145 149 152
0.047817 0.059080 0.281409 92 95 102
0.047287 0.058754 0.282898 92 96 99
0.045942 0.058863 0.283934 91 95 98
0.045411 0.058536 0.285426 88 92 93
0.047328 0.056909 0.288260 87 91 92
0.047617 0.056151 0.290187 92 93 95
0.050363 0.054099 0.293432 92 93 95
0.050660 0.053346 0.295338 91 92 94
0.050959 0.052595 0.297238 89 90 92
0.050438 0.052275 0.298699 90 91 93
0.047450 0.053243 0.298873 91 92 94
0.046926 0.052921 0.300344 89 93 94
0.046402 0.052599 0.301815 90 92 91
0.045878 0.052277 0.303285 89 91 90
0.045354 0.051955 0.304756 91 93 92
0.044002 0.052059 0.305813 90 92 91
0.043477 0.051736 0.307286 93 93 93
0.042952 0.051413 0.308760 94 94 94
0.042427 0.051090 0.310234 94 94 94
0.042735 0.050344 0.312109 94 94 94
0.042211 0.050022 0.313580 95 95 95
0.041687 0.049700 0.315051 96 96 96
0.040327 0.049799 0.316129 95 95 93
0.039802 0.049477 0.317602 95 95 93
0.038440 0.049574 0.318689 96 96 94
0.037913 0.049251 0.320166 95 95 93
0.037387 0.048927 0.321643 95 94 90
0.036861 0.048604 0.323120 95 96 91
0.037178 0.047863 0.324971 94 95 90
0.036972 0.046801 0.328287 96 96 94
0.121931 0.037374 0.274828 155 157 156
0.122257 0.036637 0.276648 156 158 157
0.121806 0.036360 0.277912 44 45 50
0.121356 0.036083 0.279176 39 43 46
0.121686 0.035349 0.280984 21 25 26
0.121237 0.035073 0.282245 16 20 23
0.121571 0.034340 0.284043 27 31 34
0.121123 0.034065 0.285301 29 33 36
0.120674 0.033789 0.286559 28 32 35
0.121012 0.033059 0.288346 24 29 32
0.120565 0.032784 0.289600 25 30 34
0.120906 0.032056 0.291378 26 32 30
0.120460 0.031782 0.292630 26 32 30
0.120805 0.031056 0.294398 35 39 42
0.120360 0.030783 0.295647 30 33 38
0.120708 0.030059 0.297406 35 35 43
0.120264 0.029786 0.298652 167 166 174
0.119820 0.029513 0.299897 164 163 171
0.119376 0.029241 0.301143 162 161 167
0.118136 0.029415 0.301891 159 160 162
0.116893 0.029589 0.302645 71 76 79
0.114849 0.030208 0.302913 35 40 44
0.112801 0.030824 0.303193 25 33 36
0.110748 0.031437 0.303485 18 23 26
0.108691 0.032047 0.303789 15 19 20
0.106630 0.032655 0.304106 157 157 159
0.104564 0.033261 0.304435 155 153 156
0.102494 0.033863 0.304775 96 97 102
0.100420 0.034463 0.305128 43 45 57
0.096726 0.035943 0.304558 22 26 37
0.094641 0.036536 0.304941 163 169 169
0.093362 0.036687 0.305799 154 159 162
0.091269 0.037275 0.306203 91 96 102
0.049385 0.059343 0.284299 90 95 99
0.047231 0.059893 0.284877 88 93 96
0.050771 0.057382 0.288613 88 92 93
0.053507 0.055314 0.291872 88 92 93
0.053803 0.054558 0.293777 92 93 95
0.053283 0.054238 0.295236 92 93 95
0.053582 0.053485 0.297132 93 93 95
0.053064 0.053166 0.298587 91 92 94
0.052545 0.052847 0.300043 91 93 92
0.052027 0.052528 0.301498 88 92 91
0.051508 0.052210 0.302954 90 92 91
0.050990 0.051891 0.304409 90 92 91
0.050471 0.051572 0.305865 90 92 91
0.049953 0.051253 0.307320 92 94 93
0.049434 0.050935 0.308776 93 93 93
0.048916 0.050616 0.310231 93 93 93
0.048397 0.050297 0.311686 94 94 94
0.047879 0.049978 0.313142 93 93 93
0.047360 0.049660 0.314597 91 91 93
0.047674 0.048915 0.316451 94 94 94
0.047157 0.048597 0.317903 95 95 95
0.046640 0.048279 0.319356 93 93 93
0.046122 0.047961 0.320808 94 93 91
0.045605 0.047643 0.322260 96 95 93
0.044250 0.047747 0.323330 95 94 92
0.044570 0.047007 0.325165 96 95 93
0.044053 0.046689 0.326618 94 95 90
0.042694 0.046791 0.327697 96 97 92
0.042176 0.046472 0.329152 96 97 92
0.041657 0.046153 0.330608 97 97 95
0.041139 0.045835 0.332063 95 95 93
0.040620 0.045516 0.333519 96 96 96
0.040102 0.045197 0.334974 96 96 96
0.039583 0.044878 0.336430 96 96 96
0.039065 0.044560 0.337885 96 96 96
0.038546 0.044241 0.339340 97 97 97
0.038028 0.043922 0.340796 98 98 98
0.037509 0.043603 0.342251 96 96 96
0.036991 0.043285 0.343707 97 97 97
0.122334 0.038621 0.275245 156 156 158
0.122659 0.037881 0.277064 155 156 158
0.122209 0.037604 0.278328 67 71 74
0.121759 0.037327 0.279592 41 46 52
0.121308 0.037051 0.280856 97 100 107
0.121639 0.036314 0.282659 158 159 163
0.121190 0.036038 0.283920 156 160 161
0.121523 0.035303 0.285715 138 144 144
0.121075 0.035027 0.286973 110 118 121
0.121412 0.034294 0.288758 75 82 88
0.120965 0.034020 0.290013 51 56 62
0.120518 0.033745 0.291268 32 36 37
0.120859 0.033015 0.293042 24 30 30
0.120413 0.032740 0.294293 28 33 36
0.120758 0.032012 0.296058 30 35 41
0.121104 0.031285 0.297816 26 30 39
0.120661 0.031012 0.299061 170 172 184
0.120217 0.030740 0.300307 159 158 166
0.119773 0.030467 0.301553 161 159 164
0.118533 0.030645 0.302302 161 161 163
0.117292 0.030821 0.303057 103 107 110
0.115250 0.031446 0.303327 33 38 42
0.113203 0.032068 0.303609 22 30 33
0.111153 0.032687 0.303903 21 26 29
0.109098 0.033304 0.304209 26 30 29
0.107038 0.033917 0.304528 130 130 130
0.104975 0.034529 0.304858 155 155 157
0.102907 0.035137 0.305201 27 31 32
0.100834 0.035743 0.305556 33 37 46
0.097144 0.037235 0.304990 24 26 39
0.095061 0.037834 0.305375 164 167 174
0.092974 0.038431 0.305773 155 159 162
0.091692 0.038582 0.306640 91 95 98
0.056415 0.055434 0.293690 89 93 94
0.059159 0.053361 0.296912 91 92 94
0.059463 0.052608 0.298791 91 92 94
0.058951 0.052293 0.300228 92 94 93
0.057620 0.052415 0.301232 91 93 92
0.057107 0.052099 0.302673 94 94 94
0.056594 0.051784 0.304113 87 87 87
0.056081 0.051469 0.305553 91 91 89
0.055568 0.051153 0.306993 92 92 90
0.055055 0.050838 0.308434 91 93 90
0.054542 0.050522 0.309874 93 95 92
0.054029 0.050207 0.311314 93 95 92
0.053516 0.049892 0.312755 89 91 88
0.053003 0.049576 0.314195 92 94 91
0.052489 0.049261 0.315635 95 97 94
0.051976 0.048945 0.317075 96 96 96
0.052295 0.048201 0.318913 94 94 94
0.051783 0.047886 0.320350 94 94 94
0.051271 0.047572 0.321787 94 94 94
0.051594 0.046830 0.323612 95 95 95
0.051083 0.046516 0.325046 94 94 94
0.049735 0.046627 0.326099 94 94 94
0.049223 0.046313 0.327536 95 95 95
0.048711 0.045998 0.328973 94 96 93
0.047359 0.046106 0.330038 96 96 94
0.046846 0.045791 0.331478 97 98 93
0.046333 0.045476 0.332919 98 99 94
0.044976 0.045582 0.333995 103 104 99
0.044462 0.045266 0.335439 99 100 95
0.043948 0.044949 0.336882 98 99 94
0.044281 0.044214 0.338680 99 98 94
0.043768 0.043899 0.340120 97 97 95
0.043254 0.043583 0.341560 99 99 97
0.042741 0.043268 0.343001 98 98 96
0.042228 0.042952 0.344441 97 97 95
0.041715 0.042637 0.345881 100 100 98
0.122738 0.039868 0.275662 164 163 168
0.122286 0.039591 0.276929 156 157 161
0.121835 0.039313 0.278196 107 111 114
0.122161 0.038572 0.280008 44 48 57
0.121711 0.038295 0.281272 67 70 79
0.121261 0.038018 0.282536 156 157 161
0.121591 0.037279 0.284335 154 155 157
0.121142 0.037003 0.285596 155 160 163
0.121476 0.036265 0.287387 151 161 163
0.121028 0.035990 0.288645 152 159 165
0.121365 0.035255 0.290426 156 159 166
0.120918 0.034980 0.291681 158 161 166
0.120471 0.034705 0.292936 157 162 165
0.120812 0.033973 0.294705 160 168 171
0.121156 0.033241 0.296468 24 31 39
0.120711 0.032968 0.297717 30 34 45
0.121057 0.032239 0.299471 171 173 185
0.120614 0.031966 0.300717 161 160 168
0.120170 0.031693 0.301963 162 160 165
0.118931 0.031874 0.302713 160 160 162
0.117690 0.032053 0.303469 136 140 143
0.115650 0.032684 0.303740 38 43 49
0.113606 0.033312 0.304025 25 32 38
0.110758 0.034388 0.303837 23 28 31
0.109504 0.034560 0.304629 27 29 28
0.107447 0.035180 0.304950 103 104 106
0.105385 0.035797 0.305282 150 151 155
0.103319 0.036411 0.305627 37 41 42
0.101249 0.037023 0.305984 107 110 117
0.097563 0.038527 0.305422 23 25 37
0.094675 0.039578 0.305347 164 167 174
0.093396 0.039735 0.306209 157 161 162
0.091306 0.040335 0.306620 91 95 96
0.066835 0.052619 0.296218 89 92 97
0.066330 0.052308 0.297637 87 91 92
0.064198 0.052882 0.298167 87 91 92
0.062875 0.053012 0.299151 86 90 91
0.062367 0.052699 0.300579 89 90 92
0.061858 0.052386 0.302007 90 91 93
0.060532 0.052513 0.303003 92 94 93
0.060022 0.052200 0.304434 91 93 92
0.059512 0.051887 0.305865 92 92 92
0.059002 0.051573 0.307297 92 94 91
0.058492 0.051260 0.308728 91 93 90
0.057983 0.050946 0.310159 91 93 90
0.058297 0.050197 0.312004 91 93 90
0.057788 0.049884 0.313432 90 92 89
0.057279 0.049572 0.314860 91 93 90
0.056771 0.049259 0.316288 94 96 93
0.056262 0.048946 0.317717 92 94 91
0.055753 0.048633 0.319145 91 93 90
0.055245 0.048321 0.320573 93 95 92
0.055568 0.047577 0.322394 94 96 93
0.055060 0.047265 0.323819 94 96 93
0.054552 0.046953 0.325244 95 95 95
0.054045 0.046640 0.326669 95 95 95
0.053537 0.046328 0.328094 94 94 94
0.052192 0.046444 0.329142 93 93 93
0.051683 0.046131 0.330570 94 94 92
0.050335 0.046245 0.331626 93 93 91
0.049826 0.045931 0.333058 95 95 93
0.049316 0.045618 0.334489 97 97 95
0.048806 0.045305 0.335920 97 98 93
0.048296 0.044991 0.337351 100 101 96
0.047786 0.044678 0.338782 98 99 94
0.047277 0.044364 0.340213 98 99 94
0.046767 0.044051 0.341645 97 97 95
0.047105 0.043316 0.343423 99 99 97
0.046596 0.043004 0.344851 97 97 95
0.046938 0.042271 0.346620 98 98 96
0.122690 0.040838 0.277346 157 156 161
0.122239 0.040561 0.278613 138 139 143
0.121787 0.040283 0.279880 39 43 54
0.122114 0.039539 0.281688 49 52 61
0.121663 0.039262 0.282952 160 159 165
0.121213 0.038985 0.284216 158 159 163
0.121544 0.038244 0.286011 160 165 169
0.121094 0.037968 0.287272 161 168 174
0.121428 0.037228 0.289059 156 160 169
0.120980 0.036953 0.290317 154 157 166
0.121317 0.036215 0.292094 153 156 165
0.120870 0.035940 0.293349 154 158 161
0.121211 0.035205 0.295117 163 168 171
0.120765 0.034931 0.296369 26 30 41
0.121108 0.034197 0.298128 29 32 47
0.121454 0.033465 0.299881 150 153 162
0.121010 0.033192 0.301127 159 158 163
0.120567 0.032919 0.302373 161 159 164
0.119329 0.033103 0.303124 159 158 163
0.118089 0.033286 0.303880 150 153 158
0.116051 0.033922 0.304154 32 39 47
0.114009 0.034556 0.304440 25 32 40
0.111962 0.035187 0.304739 20 25 29
0.109911 0.035816 0.305049 25 29 30
0.107855 0.036442 0.305372 77 78 82
0.105795 0.037065 0.305706 119 120 125
0.103731 0.037686 0.306053 158 162 161
0.100056 0.039205 0.305477 161 164 169
0.097981 0.039819 0.305854 33 33 43
0.095096 0.040879 0.305782 153 154 158
0.093818 0.041039 0.306645 157 159 158
0.091730 0.041645 0.307058 87 91 92
0.070220 0.052985 0.296623 86 90 93
0.069718 0.052676 0.298033 88 92 95
0.068404 0.052813 0.298997 87 91 92
0.067088 0.052949 0.299966 85 89 90
0.065771 0.053084 0.300942 87 91 92
0.065265 0.052773 0.302361 91 92 94
0.064760 0.052462 0.303780 89 90 92
0.064254 0.052151 0.305199 89 91 90
0.063749 0.051841 0.306618 87 89 88
0.063243 0.051530 0.308037 89 91 90
0.062738 0.051219 0.309456 88 90 87
0.062232 0.050908 0.310875 88 90 87
0.061727 0.050597 0.312294 90 92 89
0.061221 0.050287 0.313713 89 91 88
0.060716 0.049976 0.315132 89 91 88
0.060210 0.049665 0.316551 93 95 92
0.059705 0.049354 0.317970 91 93 90
0.059199 0.049044 0.319389 94 96 93
0.058694 0.048733 0.320808 91 93 88
0.058188 0.048422 0.322227 92 94 91
0.057683 0.048111 0.323646 91 93 90
0.058009 0.047367 0.325454 92 94 91
0.057505 0.047057 0.326870 94 94 94
0.057000 0.046747 0.328286 97 97 97
0.055661 0.046868 0.329322 96 96 96
0.055155 0.046558 0.330741 95 95 95
0.054650 0.046247 0.332160 95 95 95
0.054145 0.045936 0.333579 95 95 95
0.052800 0.046054 0.334631 97 97 97
0.052293 0.045743 0.336053 96 96 96
0.051787 0.045431 0.337475 96 96 94
0.051280 0.045120 0.338897 96 96 94
0.051617 0.044382 0.340674 95 95 93
0.051112 0.044071 0.342093 95 95 93
0.051452 0.043336 0.343862 96 96 94
0.050948 0.043026 0.345277 96 96 94
0.122772 0.042835 0.275944 148 147 152
0.122320 0.042557 0.277214 155 154 159
0.121868 0.042279 0.278484 159 160 164
0.121415 0.042001 0.279754 35 39 50
0.121739 0.041253 0.281564 48 50 62
0.121288 0.040975 0.282831 164 163 171
0.120837 0.040698 0.284098 158 159 163
0.121165 0.039953 0.285896 52 55 60
0.121496 0.039209 0.287687 27 34 40
0.121047 0.038933 0.288948 33 37 46
0.121381 0.038191 0.290731 50 53 62
0.121717 0.037450 0.292507 88 90 102
0.121270 0.037176 0.293762 156 160 163
0.121610 0.036437 0.295529 153 159 159
0.121164 0.036163 0.296781 34 38 49
0.121506 0.035426 0.298539 35 38 55
0.121061 0.035153 0.299788 124 127 134
0.120616 0.034879 0.301037 159 159 161
0.120172 0.034606 0.302286 161 158 165
0.119727 0.034332 0.303535 158 159 163
0.117694 0.034977 0.303801 163 168 174
0.116452 0.035160 0.304568 35 42 52
0.114411 0.035800 0.304856 26 33 41
0.112366 0.036438 0.305157 18 23 29
0.110317 0.037072 0.305469 53 57 60
0.108264 0.037704 0.305793 147 151 154
0.106206 0.038333 0.306130 31 34 39
0.104144 0.038960 0.306479 156 157 159
0.100472 0.040491 0.305906 166 167 171
0.097595 0.041564 0.305822 32 32 40
0.095517 0.042180 0.306216 131 132 136
0.093434 0.042794 0.306623 158 160 159
0.091347 0.043406 0.307042 91 92 94
0.081982 0.048067 0.303409 89 93 96
0.075831 0.050916 0.301637 89 93 94
0.071285 0.052857 0.300798 85 89 90
0.069973 0.052998 0.301759 84 88 89
0.068660 0.053137 0.302727 86 90 91
0.068158 0.052828 0.304137 88 89 91
0.067655 0.052520 0.305547 87 88 90
0.067153 0.052211 0.306957 87 88 90
0.067468 0.051457 0.308794 87 88 90
0.066149 0.051593 0.309776 87 89 88
0.065646 0.051285 0.311186 88 90 87
0.065144 0.050976 0.312596 89 91 88
0.064642 0.050667 0.314006 89 91 88
0.064140 0.050358 0.315416 89 91 88
0.063638 0.050050 0.316826 88 90 87
0.063135 0.049741 0.318236 90 92 89
0.062633 0.049432 0.319646 91 93 90
0.062131 0.049123 0.321056 89 94 90
0.062456 0.048376 0.322862 88 93 87
0.061955 0.048068 0.324269 92 94 89
0.061454 0.047760 0.325676 93 95 92
0.060953 0.047452 0.327083 91 93 90
0.060452 0.047144 0.328490 92 92 92
0.059950 0.046836 0.329897 93 93 93
0.059449 0.046528 0.331303 94 94 94
0.058948 0.046219 0.332710 95 93 96
0.058447 0.045911 0.334117 93 93 93
0.057946 0.045603 0.335524 95 95 95
0.056606 0.045727 0.336564 95 95 95
0.056104 0.045418 0.337974 95 95 95
0.056442 0.044679 0.339745 96 96 96
0.055941 0.044371 0.341151 95 95 95
0.056283 0.043634 0.342913 96 96 96
0.056627 0.042898 0.344668 97 97 97
0.056128 0.042591 0.346068 98 98 96
0.121952 0.044282 0.277084 154 153 158
0.121499 0.044003 0.278357 161 162 166
0.121820 0.043251 0.280172 35 39 51
0.121367 0.042973 0.281442 40 42 55
0.121692 0.042223 0.283248 164 163 171
0.121240 0.041945 0.284515 156 157 161
0.121568 0.041197 0.286312 78 81 86
0.121898 0.040450 0.288102 35 42 48
0.121449 0.040174 0.289363 29 33 42
0.121782 0.039429 0.291145 28 31 40
0.121333 0.039154 0.292402 40 42 55
0.121670 0.038411 0.294175 163 166 171
0.121223 0.038136 0.295430 155 161 161
0.121562 0.037395 0.297193 57 61 72
0.121116 0.037121 0.298445 42 44 59
0.121459 0.036382 0.300199 93 96 103
0.121014 0.036109 0.301448 156 157 159
0.120569 0.035835 0.302697 159 158 164
0.119333 0.036024 0.303452 160 161 165
0.118094 0.036212 0.304214 164 169 173
0.116852 0.036399 0.304982 28 35 43
0.114814 0.037045 0.305272 24 31 39
0.112771 0.037688 0.305574 146 151 155
0.110724 0.038328 0.305889 156 160 163
0.108672 0.038966 0.306215 165 169 172
0.106616 0.039601 0.306554 31 34 39
0.103755 0.040691 0.306436 94 95 97
0.100888 0.041777 0.306336 25 26 31
0.098817 0.042403 0.306718 36 36 44
0.095938 0.043481 0.306651 106 107 111
0.093857 0.044101 0.307060 156 157 159
0.090966 0.045173 0.307027 93 94 98
0.085646 0.047600 0.305661 95 96 101
0.080314 0.050019 0.304331 84 88 89
0.075779 0.051978 0.303482 86 90 91
0.074474 0.052126 0.304429 88 89 91
0.073978 0.051821 0.305821 88 89 91
0.072669 0.051966 0.306777 89 90 92
0.072986 0.051211 0.308604 87 88 90
0.071676 0.051355 0.309567 88 89 91
0.071179 0.051050 0.310962 89 90 92
0.071499 0.050297 0.312779 88 90 89
0.070185 0.050439 0.313751 90 92 91
0.069689 0.050133 0.315146 88 90 89
0.069192 0.049828 0.316540 90 92 91
0.068695 0.049523 0.317935 88 90 89
0.067376 0.049661 0.318922 89 91 90
0.067701 0.048912 0.320724 88 90 89
0.067204 0.048606 0.322119 91 93 92
0.066708 0.048301 0.323514 89 91 90
0.066211 0.047995 0.324909 88 93 87
0.065714 0.047690 0.326303 93 95 90
0.066046 0.046945 0.328088 92 94 89
0.065550 0.046640 0.329479 91 93 90
0.065885 0.045896 0.331255 92 92 90
0.065391 0.045592 0.332643 92 92 92
0.064896 0.045288 0.334032 94 94 94
0.064401 0.044984 0.335421 95 93 96
0.063907 0.044680 0.336809 95 95 95
0.062576 0.044811 0.337829 94 94 94
0.062080 0.044506 0.339221 96 96 96
0.061584 0.044202 0.340613 96 96 96
0.061928 0.043463 0.342364 94 94 94
0.061434 0.043159 0.343752 94 94 94
0.061781 0.042423 0.345494 95 95 95
0.121586 0.046013 0.276956 155 156 160
0.121904 0.045256 0.278776 155 156 160
0.121451 0.044977 0.280049 26 32 44
0.121772 0.044223 0.281860 39 43 55
0.121319 0.043945 0.283130 166 166 174
0.121644 0.043192 0.284932 155 156 160
0.121193 0.042915 0.286199 122 125 130
0.121520 0.042164 0.287991 33 40 46
0.121850 0.041415 0.289778 23 30 38
0.121401 0.041139 0.291039 44 47 56
0.121734 0.040392 0.292816 46 48 61
0.121286 0.040116 0.294074 164 167 172
0.121622 0.039371 0.295843 163 168 171
0.121175 0.039096 0.297098 85 89 98
0.121515 0.038353 0.298857 34 36 49
0.121069 0.038079 0.300109 65 68 75
0.120623 0.037805 0.301360 157 158 160
0.120177 0.037531 0.302612 160 159 165
0.119731 0.037257 0.303864 156 160 163
0.118493 0.037447 0.304627 167 172 176
0.117253 0.037637 0.305396 31 38 46
0.115216 0.038289 0.305688 67 74 80
0.113175 0.038938 0.305992 158 163 167
0.111130 0.039584 0.306309 157 161 162
0.109080 0.040228 0.306637 152 156 159
0.106228 0.041330 0.306507 22 27 31
0.104169 0.041968 0.306863 30 34 37
0.101304 0.043063 0.306766 28 31 36
0.099235 0.043695 0.307149 26 26 34
0.096359 0.044782 0.307086 151 152 156
0.094280 0.045408 0.307497 158 159 163
0.091391 0.046489 0.307467 81 82 87
0.087690 0.048021 0.307006 94 94 102
0.083981 0.049548 0.306569 88 89 93
0.081071 0.050615 0.306600 88 89 91
0.079773 0.050769 0.307530 87 88 90
0.079284 0.050469 0.308903 88 90 89
0.077983 0.050621 0.309842 89 91 90
0.077493 0.050319 0.311219 88 90 89
0.077003 0.050018 0.312595 89 91 90
0.075697 0.050168 0.313547 89 91 90
0.075206 0.049865 0.314926 88 90 89
0.074715 0.049563 0.316306 90 90 90
0.074223 0.049261 0.317685 91 91 91
0.073732 0.048959 0.319065 94 94 94
0.073240 0.048657 0.320444 89 91 90
0.072749 0.048355 0.321824 89 91 90
0.071435 0.048499 0.322799 90 92 91
0.071766 0.047751 0.324583 88 90 89
0.072099 0.047004 0.326360 90 92 91
0.071609 0.046702 0.327736 91 93 90
0.071119 0.046401 0.329113 91 93 88
0.071456 0.045656 0.330878 89 91 88
0.070967 0.045355 0.332252 90 92 89
0.070478 0.045055 0.333625 94 94 92
0.070819 0.044313 0.335378 94 94 94
0.070331 0.044013 0.336749 95 95 95
0.069843 0.043713 0.338119 94 94 94
0.068521 0.043851 0.339119 97 97 97
0.068031 0.043551 0.340492 95 95 93
0.067542 0.043250 0.341866 94 94 92
0.067053 0.042949 0.343239 96 96 94
0.066564 0.042648 0.344613 97 97 95
0.066074 0.042348 0.345986 96 96 94
0.121678 0.048029 0.275551 104 105 107
0.121222 0.047749 0.276830 155 156 158
0.121538 0.046989 0.278652 155 156 158
0.121083 0.046710 0.279928 31 40 49
0.121403 0.045952 0.281741 37 43 55
0.121724 0.045195 0.283548 145 145 153
0.121271 0.044917 0.284818 153 154 158
0.121596 0.044162 0.286616 151 155 158
0.121145 0.043884 0.287883 56 64 67
0.121473 0.043132 0.289671 39 46 52
0.121803 0.042380 0.291454 156 161 167
0.121353 0.042104 0.292715 151 154 163
0.121687 0.041355 0.294488 34 39 43
0.121239 0.041079 0.295746 30 35 39
0.121575 0.040332 0.297510 26 30 39
0.121128 0.040057 0.298765 29 32 41
0.121468 0.039311 0.300520 50 53 60
0.121022 0.039037 0.301772 156 157 162
0.120576 0.038763 0.303024 158 159 163
0.120130 0.038489 0.304276 158 162 165
0.118893 0.038683 0.305040 159 164 168
0.116861 0.039342 0.305325 31 38 46
0.115619 0.039533 0.306104 49 53 62
0.113580 0.040188 0.306410 158 161 166
0.111537 0.040841 0.306729 78 79 83
0.108692 0.041955 0.306586 32 35 40
0.106639 0.042601 0.306932 33 38 44
0.104582 0.043245 0.307290 26 31 34
0.100920 0.044812 0.306732 94 97 102
0.098852 0.045449 0.307121 159 162 167
0.096780 0.046083 0.307521 156 157 161
0.093900 0.047176 0.307479 158 159 161
0.091817 0.047805 0.307907 99 100 105
0.089731 0.048430 0.308347 91 91 99
0.086833 0.049512 0.308353 94 95 99
0.084737 0.050132 0.308821 89 91 90
0.083445 0.050292 0.309739 87 89 88
0.082960 0.049994 0.311101 87 89 88
0.082475 0.049696 0.312462 88 90 89
0.081990 0.049398 0.313823 86 88 87
0.080692 0.049554 0.314757 88 90 89
0.080206 0.049255 0.316122 88 90 89
0.079720 0.048957 0.317486 89 91 90
0.079234 0.048658 0.318850 90 90 90
0.078748 0.048359 0.320214 89 89 89
0.078262 0.048060 0.321579 91 91 91
0.077776 0.047761 0.322943 91 91 91
0.077290 0.047463 0.324307 90 90 90
0.076804 0.047164 0.325672 89 91 90
0.076318 0.046865 0.327036 89 91 90
0.075832 0.046566 0.328400 90 92 91
0.075346 0.046268 0.329765 90 92 89
0.074860 0.045969 0.331129 94 96 93
0.075201 0.045224 0.332881 90 92 89
0.074716 0.044926 0.334242 91 93 90
0.074231 0.044628 0.335604 93 93 91
0.074576 0.043886 0.337344 93 93 91
0.074093 0.043588 0.338702 93 93 91
0.073609 0.043291 0.340060 93 93 91
0.073125 0.042993 0.341418 93 95 92
0.072641 0.042696 0.342777 92 94 91
0.072157 0.042398 0.344135 94 96 93
0.071673 0.042101 0.345493 95 95 93
0.121629 0.049009 0.277251 158 159 161
0.121174 0.048728 0.278530 151 152 154
0.121490 0.047966 0.280348 49 58 67
0.121808 0.047205 0.282160 37 44 54
0.121355 0.046926 0.283433 97 100 107
0.121676 0.046167 0.285236 158 159 163
0.121224 0.045889 0.286506 149 153 156
0.121548 0.045132 0.288300 26 34 37
0.121875 0.044376 0.290087 31 38 44
0.121425 0.044099 0.291351 162 167 173
0.121755 0.043345 0.293130 149 154 160
0.121306 0.043069 0.294391 52 57 61
0.121639 0.042317 0.296160 32 37 41
0.121191 0.042042 0.297418 29 34 38
0.121528 0.041292 0.299178 27 30 37
0.121081 0.041017 0.300433 36 39 48
0.120634 0.040742 0.301688 161 164 171
0.120187 0.040468 0.302943 158 159 163
0.119740 0.040193 0.304198 158 161 166
0.118503 0.040389 0.304966 155 160 166
0.117263 0.040584 0.305740 41 48 58
0.115229 0.041247 0.306039 35 39 50
0.113985 0.041438 0.306828 27 30 37
0.111943 0.042097 0.307148 34 35 40
0.109102 0.043220 0.307009 31 34 41
0.107051 0.043873 0.307357 54 58 67
0.104995 0.044522 0.307717 161 166 169
0.101338 0.046101 0.307163 157 162 165
0.099271 0.046744 0.307554 153 157 160
0.097201 0.047385 0.307956 159 160 162
0.095126 0.048022 0.308371 103 104 106
0.093046 0.048657 0.308797 87 86 92
0.090963 0.049290 0.309236 90 89 95
0.089680 0.049458 0.310132 94 94 96
0.088395 0.049625 0.311033 90 90 90
0.087108 0.049791 0.311941 89 89 89
0.085819 0.049955 0.312855 88 88 88
0.085337 0.049659 0.314207 89 89 89
0.084856 0.049363 0.315559 88 88 88
0.084374 0.049066 0.316911 91 91 91
0.083892 0.048770 0.318263 90 90 90
0.083411 0.048474 0.319615 92 92 92
0.082929 0.048178 0.320968 90 90 90
0.082447 0.047882 0.322320 90 90 90
0.081966 0.047586 0.323672 90 90 90
0.081484 0.047290 0.325024 89 89 89
0.081002 0.046994 0.326376 91 91 91
0.080521 0.046697 0.327728 89 89 89
0.080039 0.046401 0.329081 93 93 93
0.079557 0.046105 0.330433 89 89 89
0.079076 0.045809 0.331785 94 94 92
0.078594 0.045513 0.333137 93 93 91
0.078112 0.045217 0.334489 91 91 89
0.077631 0.044921 0.335841 94 94 92
0.077149 0.044625 0.337194 92 94 91
0.076667 0.044328 0.338546 92 94 91
0.077016 0.043586 0.340273 93 95 92
0.076535 0.043291 0.341622 93 95 92
0.076055 0.042995 0.342971 94 96 91
0.075574 0.042700 0.344320 93 95 90
0.075093 0.042404 0.345669 94 96 91
0.122037 0.050268 0.277672 153 154 158
0.121581 0.049988 0.278951 159 160 164
0.121896 0.049222 0.280768 84 88 97
0.121442 0.048943 0.282044 38 42 51
0.121760 0.048179 0.283852 31 35 44
0.122081 0.047417 0.285654 30 33 40
0.121628 0.047139 0.286924 27 30 35
0.121176 0.046861 0.288194 27 32 38
0.121501 0.046101 0.289984 29 33 42
0.121049 0.045824 0.291251 39 43 52
0.121377 0.045066 0.293031 68 75 81
0.120927 0.044790 0.294295 45 52 58
0.121258 0.044034 0.296067 25 30 34
0.121592 0.043280 0.297832 23 28 32
0.121144 0.043005 0.299090 25 28 33
0.121481 0.042252 0.300846 31 32 37
0.121033 0.041978 0.302101 171 172 177
0.120586 0.041703 0.303356 158 157 163
0.120139 0.041428 0.304611 160 161 166
0.118903 0.041627 0.305380 159 159 167
0.116875 0.042298 0.305672 71 74 83
0.115633 0.042494 0.306456 35 38 47
0.113597 0.043160 0.306769 33 36 45
0.112350 0.043353 0.307568 29 29 37
0.110306 0.044015 0.307903 141 142 147
0.107462 0.045144 0.307782 159 160 165
0.105408 0.045800 0.308144 156 157 162
0.101755 0.047390 0.307594 158 159 164
0.100489 0.047571 0.308445 143 146 151
0.098422 0.048218 0.308847 54 57 62
0.096350 0.048863 0.309260 77 80 85
0.094273 0.049505 0.309686 84 87 92
0.092996 0.049678 0.310570 85 86 90
0.091716 0.049851 0.311461 84 85 87
0.090435 0.050022 0.312357 88 88 88
0.089957 0.049729 0.313697 86 86 86
0.088672 0.049898 0.314603 87 87 87
0.088194 0.049604 0.315946 88 88 88
0.087716 0.049310 0.317289 88 88 88
0.087237 0.049015 0.318632 87 87 87
0.086759 0.048721 0.319975 89 89 89
0.086280 0.048427 0.321318 90 90 90
0.085802 0.048133 0.322661 90 90 90
0.086139 0.047381 0.324417 89 89 89
0.085661 0.047087 0.325757 90 90 90
0.084367 0.047251 0.326690 89 89 89
0.083888 0.046957 0.328033 91 91 91
0.083410 0.046662 0.329376 88 88 88
0.082931 0.046368 0.330719 92 92 92
0.082453 0.046074 0.332062 93 93 93
0.081975 0.045780 0.333405 92 92 92
0.081496 0.045486 0.334748 91 91 91
0.081018 0.045192 0.336091 91 93 90
0.080539 0.044898 0.337434 90 92 89
0.080061 0.044604 0.338778 90 92 89
0.080411 0.043859 0.340497 93 95 90
0.079933 0.043566 0.341837 92 97 91
0.079456 0.043272 0.343177 91 96 90
0.078979 0.042979 0.344517 92 97 93
0.079334 0.042238 0.346222 91 96 92
0.121677 0.052016 0.277550 164 165 169
0.121989 0.051247 0.279372 157 158 163
0.121533 0.050967 0.280651 118 121 128
0.121848 0.050199 0.282464 32 37 43
0.121394 0.049919 0.283741 26 31 37
0.121712 0.049154 0.285544 27 30 35
0.121259 0.048875 0.286817 29 32 37
0.121580 0.048111 0.288612 27 32 36
0.121128 0.047833 0.289882 26 31 35
0.121453 0.047071 0.291668 24 29 35
0.121001 0.046794 0.292935 24 29 33
0.121330 0.046034 0.294711 30 35 39
0.120879 0.045757 0.295975 20 25 28
0.121211 0.044999 0.297743 23 28 31
0.120762 0.044723 0.299004 24 29 32
0.121096 0.043967 0.300762 19 24 28
0.120648 0.043692 0.302020 168 171 176
0.120200 0.043416 0.303278 159 162 169
0.119752 0.043141 0.304536 166 167 172
0.118516 0.043342 0.305309 159 160 165
0.117277 0.043542 0.306088 98 101 106
0.116036 0.043741 0.306873 38 41 48
0.114002 0.044414 0.307188 103 106 113
0.112756 0.044609 0.307988 166 166 174
0.110714 0.045277 0.308325 160 161 166
0.108668 0.045942 0.308673 161 160 165
0.106617 0.046604 0.309034 159 160 164
0.102969 0.048207 0.308486 68 69 74
0.100907 0.048863 0.308877 67 68 73
0.099641 0.049046 0.309735 78 81 86
0.098372 0.049227 0.310599 79 82 87
0.097101 0.049408 0.311469 84 85 89
0.095828 0.049586 0.312346 83 84 86
0.094552 0.049764 0.313228 82 84 83
0.094079 0.049473 0.314556 83 83 83
0.093606 0.049182 0.315884 85 85 85
0.092327 0.049357 0.316778 86 86 86
0.091853 0.049066 0.318109 87 87 87
0.091379 0.048774 0.319440 86 86 86
0.090904 0.048483 0.320771 87 87 87
0.090430 0.048191 0.322102 86 86 86
0.089956 0.047900 0.323433 85 85 85
0.089482 0.047608 0.324763 88 88 88
0.089008 0.047317 0.326094 88 88 88
0.088534 0.047025 0.327425 88 88 88
0.088060 0.046734 0.328756 89 89 89
0.087586 0.046443 0.330087 89 89 89
0.087112 0.046151 0.331418 88 88 88
0.086638 0.045860 0.332749 90 90 90
0.086164 0.045568 0.334080 90 90 90
0.085689 0.045277 0.335411 92 94 93
0.084393 0.045441 0.336354 88 90 89
0.084741 0.044694 0.338072 89 91 90
0.083442 0.044857 0.339022 91 93 90
0.082967 0.044564 0.340355 89 91 88
0.083319 0.043819 0.342065 92 94 91
0.082845 0.043528 0.343396 91 93 90
0.082371 0.043236 0.344727 90 92 89
0.082727 0.042494 0.346424 90 95 91
0.122085 0.053279 0.277972 160 161 165
0.121628 0.052998 0.279254 158 157 163
0.121940 0.052226 0.281072 156 159 164
0.121485 0.051946 0.282352 155 160 163
0.121800 0.051175 0.284160 157 162 165
0.121345 0.050896 0.285437 164 168 171
0.121664 0.050128 0.287236 154 158 161
0.121211 0.049849 0.288509 129 134 137
0.120757 0.049570 0.289783 95 100 103
0.121080 0.048805 0.291570 57 62 66
0.120627 0.048527 0.292840 33 38 41
0.120954 0.047763 0.294619 19 25 25
0.120502 0.047486 0.295886 18 24 24
0.120832 0.046724 0.297655 23 29 29
0.121163 0.045964 0.299419 26 34 36
0.120714 0.045688 0.300680 30 38 41
0.120265 0.045412 0.301941 158 166 169
0.119816 0.045136 0.303202 151 158 164
0.119366 0.044860 0.304463 158 162 165
0.118917 0.044583 0.305724 158 159 163
0.117680 0.044787 0.306504 133 134 138
0.116440 0.044988 0.307290 162 165 170
0.114408 0.045667 0.307607 154 157 162
0.113163 0.045865 0.308408 155 156 161
0.111123 0.046539 0.308747 164 165 169
0.109078 0.047210 0.309097 106 107 111
0.107825 0.047403 0.309923 60 59 64
0.105773 0.048070 0.310295 71 72 76
0.103716 0.048733 0.310679 70 71 75
0.101656 0.049394 0.311075 78 79 84
0.100390 0.049580 0.311934 80 81 85
0.099122 0.049765 0.312799 82 83 87
0.098654 0.049477 0.314115 82 83 85
0.097383 0.049659 0.314989 82 82 82
0.096913 0.049370 0.316308 84 84 84
0.096443 0.049081 0.317627 84 84 84
0.095973 0.048793 0.318945 82 82 82
0.095504 0.048504 0.320264 84 84 84
0.095034 0.048215 0.321583 86 86 86
0.094564 0.047926 0.322902 86 86 86
0.094094 0.047637 0.324220 87 87 87
0.093625 0.047349 0.325539 85 85 85
0.093155 0.047060 0.326858 83 85 84
0.092685 0.046771 0.328177 86 88 87
0.092215 0.046482 0.329495 86 88 87
0.091745 0.046193 0.330814 87 89 88
0.091276 0.045905 0.332133 88 90 89
0.090806 0.045616 0.333452 89 91 90
0.090336 0.045327 0.334770 88 90 89
0.089866 0.045038 0.336089 87 89 88
0.089397 0.044749 0.337408 88 90 89
0.088105 0.044919 0.338340 87 89 88
0.087634 0.044630 0.339662 90 92 91
0.087163 0.044340 0.340983 89 91 90
0.087518 0.043594 0.342683 88 90 89
0.087048 0.043305 0.344002 91 91 89
0.086578 0.043017 0.345320 90 90 88
0.086108 0.042728 0.346639 91 91 89
0.122950 0.054822 0.277112 84 85 87
0.122494 0.054541 0.278394 141 140 145
0.122037 0.054260 0.279676 156 155 161
0.122348 0.053485 0.281493 158 161 166
0.121892 0.053205 0.282772 156 159 164
0.121437 0.052925 0.284052 152 155 160
0.120981 0.052644 0.285331 150 153 158
0.121297 0.051873 0.287133 155 160 164
0.120843 0.051593 0.288409 167 172 176
0.121163 0.050823 0.290202 163 168 172
0.120709 0.050545 0.291475 156 163 169
0.120255 0.050266 0.292748 157 162 166
0.120580 0.049499 0.294528 157 162 166
0.120906 0.048733 0.296303 165 170 173
0.120455 0.048455 0.297570 155 160 163
0.120784 0.047692 0.299335 150 155 158
0.120334 0.047415 0.300599 130 135 138
0.119883 0.047138 0.301863 148 153 157
0.119433 0.046861 0.303127 155 160 164
0.118983 0.046584 0.304391 155 159 162
0.118533 0.046308 0.305655 158 159 163
0.117295 0.046513 0.306439 160 161 165
0.116844 0.046236 0.307707 161 162 167
0.115603 0.046439 0.308500 158 159 164
0.113569 0.047121 0.308828 145 146 151
0.112323 0.047321 0.309636 53 54 58
0.111074 0.047520 0.310451 65 66 70
0.109824 0.047718 0.311271 65 65 67
0.107776 0.048391 0.311639 71 71 73
0.106520 0.048586 0.312475 64 65 69
0.104464 0.049255 0.312864 74 75 79
0.103203 0.049445 0.313715 74 75 79
0.102739 0.049160 0.315019 79 79 81
0.101474 0.049349 0.315879 80 80 80
0.101008 0.049063 0.317185 81 81 81
0.100543 0.048777 0.318492 79 81 80
0.100078 0.048490 0.319798 80 82 81
0.099612 0.048204 0.321105 80 82 81
0.099147 0.047918 0.322411 83 85 84
0.098681 0.047632 0.323718 83 85 84
0.098216 0.047346 0.325025 86 88 87
0.097750 0.047060 0.326331 86 88 87
0.097285 0.046774 0.327638 85 87 86
0.096820 0.046487 0.328944 82 84 83
0.096354 0.046201 0.330251 86 88 87
0.095889 0.045915 0.331558 85 87 86
0.095423 0.045629 0.332864 87 89 88
0.094142 0.045808 0.333770 88 90 89
0.093676 0.045521 0.335079 88 90 89
0.093209 0.045234 0.336389 87 89 88
0.092743 0.044947 0.337699 87 89 88
0.092276 0.044661 0.339008 88 90 89
0.092631 0.043912 0.340704 87 89 88
0.092165 0.043626 0.342010 88 90 89
0.091700 0.043340 0.343317 88 90 89
0.091234 0.043054 0.344623 90 90 90
0.091594 0.042309 0.346304 90 90 90
0.123359 0.056084 0.277534 84 85 87
0.122902 0.055803 0.278816 62 61 66
0.123211 0.055024 0.280635 57 56 62
0.122755 0.054744 0.281914 66 69 76
0.122300 0.054464 0.283193 102 105 112
0.121844 0.054184 0.284473 137 140 147
0.121388 0.053904 0.285752 148 151 158
0.120933 0.053623 0.287031 56 61 67
0.121249 0.052849 0.288829 23 28 34
0.120795 0.052570 0.290105 21 28 36
0.121115 0.051798 0.291894 32 39 47
0.120661 0.051519 0.293167 83 90 98
0.120207 0.051240 0.294440 63 70 78
0.120532 0.050471 0.296216 104 109 115
0.120858 0.049703 0.297987 157 160 165
0.120407 0.049425 0.299254 155 159 162
0.120736 0.048659 0.301015 156 157 161
0.120286 0.048382 0.302279 158 159 163
0.119836 0.048105 0.303543 159 160 164
0.119386 0.047829 0.304807 162 163 167
0.118935 0.047552 0.306071 160 161 166
0.117699 0.047760 0.306856 161 162 167
0.117247 0.047483 0.308123 165 166 171
0.116007 0.047689 0.308918 72 73 78
0.114765 0.047894 0.309718 56 57 62
0.114312 0.047615 0.310991 68 69 74
0.113066 0.047819 0.311800 62 63 68
0.111819 0.048020 0.312616 64 64 66
0.110569 0.048221 0.313437 63 64 66
0.109317 0.048420 0.314265 67 68 70
0.108063 0.048618 0.315099 70 71 73
0.106807 0.048814 0.315938 75 76 78
0.105549 0.049009 0.316784 79 79 79
0.105088 0.048726 0.318079 81 81 81
0.104627 0.048442 0.319373 81 81 81
0.104165 0.048159 0.320667 79 81 80
0.103704 0.047875 0.321962 82 84 83
0.103243 0.047592 0.323256 80 82 81
0.102782 0.047308 0.324551 81 83 82
0.103127 0.046552 0.326269 81 83 82
0.102667 0.046269 0.327561 87 89 88
0.102207 0.045986 0.328852 86 88 87
0.101747 0.045703 0.330144 85 87 86
0.101287 0.045420 0.331435 85 87 86
0.100016 0.045608 0.332317 83 85 84
0.099554 0.045324 0.333612 87 89 88
0.099093 0.045041 0.334906 86 88 87
0.098632 0.044757 0.336201 88 90 89
0.097355 0.044941 0.337098 88 90 89
0.097710 0.044190 0.338789 86 88 87
0.097249 0.043907 0.340084 88 90 89
0.096788 0.043623 0.341378 87 89 88
0.096327 0.043340 0.342673 86 88 87
0.096687 0.042592 0.344349 87 89 88
0.096227 0.042309 0.345640 87 89 88
0.124074 0.056563 0.279777 62 63 65
0.123619 0.056283 0.281056 62 61 66
0.123929 0.055503 0.282868 58 59 64
0.123474 0.055223 0.284144 53 56 61
0.123020 0.054944 0.285420 52 55 60
0.122565 0.054664 0.286696 45 48 55
0.122110 0.054385 0.287972 39 44 50
0.121656 0.054105 0.289249 27 31 40
0.121201 0.053826 0.290525 18 25 33
0.121520 0.053051 0.292313 18 25 35
0.121067 0.052772 0.293586 24 32 43
0.120613 0.052493 0.294859 18 25 35
0.120936 0.051721 0.296634 31 35 44
0.121262 0.050950 0.298404 149 152 159
0.121589 0.050180 0.300167 163 162 168
0.121139 0.049903 0.301431 165 164 169
0.120689 0.049626 0.302695 159 157 162
0.120238 0.049350 0.303959 161 159 164
0.119788 0.049073 0.305223 157 158 163
0.119338 0.048796 0.306487 161 162 167
0.118888 0.048519 0.307751 121 122 127
0.118437 0.048242 0.309015 54 53 59
0.117199 0.048452 0.309807 59 58 64
0.116748 0.048175 0.311075 66 67 72
0.115507 0.048383 0.311876 59 60 65
0.115055 0.048105 0.313146 63 64 69
0.113810 0.048311 0.313956 64 65 69
0.113357 0.048032 0.315229 66 68 67
0.112109 0.048236 0.316049 70 72 71
0.110859 0.048439 0.316874 74 76 75
0.109607 0.048640 0.317706 77 79 78
0.108353 0.048841 0.318544 80 82 81
0.107895 0.048559 0.319829 82 82 82
0.107437 0.048278 0.321114 81 81 81
0.106980 0.047996 0.322400 81 81 81
0.106522 0.047715 0.323685 83 83 83
0.106064 0.047433 0.324970 81 81 81
0.106410 0.046675 0.326682 82 82 82
0.105953 0.046394 0.327964 83 83 83
0.105496 0.046113 0.329247 84 84 84
0.105039 0.045832 0.330529 84 84 84
0.104583 0.045551 0.331811 84 84 84
0.104126 0.045271 0.333093 83 85 84
0.103669 0.044990 0.334376 87 89 88
0.103212 0.044709 0.335658 85 87 86
0.102756 0.044428 0.336940 86 88 87
0.102299 0.044147 0.338222 86 88 87
0.101842 0.043867 0.339505 87 89 88
0.101385 0.043586 0.340787 86 88 87
0.100929 0.043305 0.342069 87 89 88
0.100472 0.043024 0.343352 88 90 87
0.100015 0.042743 0.344634 87 89 86
0.100378 0.041996 0.346297 87 89 86
0.125244 0.057318 0.280735 60 62 61
0.125554 0.056535 0.282546 59 60 62
0.125100 0.056256 0.283819 53 57 58
0.125413 0.055474 0.285621 52 56 57
0.124960 0.055196 0.286891 46 50 51
0.124508 0.054918 0.288161 49 53 56
0.124055 0.054640 0.289431 44 49 52
0.123603 0.054362 0.290702 39 44 48
0.123151 0.054084 0.291972 37 45 48
0.122698 0.053806 0.293242 35 44 49
0.123019 0.053029 0.295019 31 40 47
0.122568 0.052752 0.296286 32 39 47
0.122117 0.052475 0.297554 32 37 43
0.122442 0.051701 0.299319 41 42 47
0.121992 0.051424 0.300583 43 44 48
0.122321 0.050653 0.302339 39 40 44
0.121871 0.050377 0.303600 35 34 39
0.121422 0.050101 0.304861 52 51 57
0.120973 0.049824 0.306122 67 68 73
0.120524 0.049548 0.307383 42 43 48
0.120075 0.049272 0.308644 58 57 63
0.119625 0.048996 0.309905 64 63 68
0.119176 0.048720 0.311166 63 62 67
0.118727 0.048444 0.312427 62 63 67
0.117489 0.048656 0.313223 62 63 67
0.117039 0.048379 0.314487 64 68 71
0.116589 0.048102 0.315751 65 69 70
0.115346 0.048312 0.316560 68 72 71
0.114895 0.048035 0.317827 72 76 75
0.113649 0.048242 0.318644 75 79 78
0.113197 0.047964 0.319914 77 79 78
0.111948 0.048170 0.320741 81 83 82
0.111494 0.047891 0.322014 80 82 81
0.110242 0.048095 0.322850 79 79 79
0.109788 0.047815 0.324126 81 81 81
0.110134 0.047055 0.325834 83 83 83
0.109680 0.046776 0.327107 83 83 83
0.109227 0.046497 0.328380 83 83 83
0.108773 0.046218 0.329653 82 82 82
0.108320 0.045939 0.330926 82 82 82
0.107866 0.045661 0.332199 85 85 85
0.108220 0.044905 0.333886 84 84 84
0.106959 0.045103 0.334746 87 87 87
0.106506 0.044824 0.336019 86 86 86
0.106052 0.044545 0.337292 88 88 88
0.105599 0.044267 0.338565 85 85 85
0.105145 0.043988 0.339838 85 85 85
0.104692 0.043709 0.341112 86 86 86
0.104238 0.043430 0.342385 87 87 87
0.103785 0.043151 0.343658 88 88 88
0.104148 0.042401 0.345317 86 88 85
0.103696 0.042123 0.346587 87 89 86
0.129460 0.056037 0.283839 58 60 59
0.128248 0.056267 0.284566 56 60 59
0.127798 0.055990 0.285830 58 60 57
0.127348 0.055714 0.287094 47 49 46
0.126897 0.055437 0.288358 48 53 49
0.127214 0.054656 0.290144 46 51 47
0.126765 0.054380 0.291405 43 49 45
0.126316 0.054103 0.292666 42 51 48
0.125867 0.053827 0.293927 41 50 49
0.125418 0.053551 0.295188 38 48 47
0.124968 0.053275 0.296449 40 48 50
0.124519 0.052999 0.297710 34 39 42
0.124070 0.052723 0.298971 44 49 52
0.123621 0.052446 0.300232 41 45 46
0.123949 0.051672 0.301987 48 52 53
0.123500 0.051397 0.303245 43 47 50
0.123052 0.051121 0.304503 48 51 56
0.122604 0.050846 0.305761 48 53 59
0.122156 0.050570 0.307019 55 58 63
0.122490 0.049800 0.308756 58 59 64
0.122043 0.049525 0.310011 63 62 67
0.121596 0.049250 0.311266 64 63 68
0.121149 0.048975 0.312521 65 65 67
0.119916 0.049193 0.313309 62 64 63
0.119467 0.048917 0.314567 68 70 69
0.119019 0.048642 0.315825 64 68 67
0.118571 0.048366 0.317083 72 76 77
0.118123 0.048091 0.318341 73 77 76
0.116883 0.048304 0.319147 74 78 77
0.116434 0.048028 0.320408 76 80 79
0.115984 0.047752 0.321669 79 83 82
0.115535 0.047476 0.322930 82 84 83
0.115086 0.047199 0.324191 81 83 82
0.114637 0.046923 0.325452 80 82 81
0.114188 0.046647 0.326713 81 81 81
0.113738 0.046371 0.327974 81 81 81
0.113289 0.046095 0.329235 82 82 82
0.112840 0.045819 0.330496 82 82 82
0.112391 0.045542 0.331757 82 82 82
0.111942 0.045266 0.333018 84 84 84
0.111492 0.044990 0.334279 83 83 83
0.111043 0.044714 0.335540 83 83 83
0.110594 0.044438 0.336801 84 84 84
0.110145 0.044162 0.338062 84 84 84
0.109696 0.043885 0.339323 85 85 85
0.109246 0.043609 0.340584 84 84 84
0.108797 0.043333 0.341845 87 87 87
0.108348 0.043057 0.343106 88 88 88
0.107899 0.042781 0.344367 88 88 88
0.107450 0.042505 0.345628 89 89 89
0.129413 0.057002 0.285515 58 60 59
0.128964 0.056725 0.286776 57 59 56
0.130043 0.055432 0.289090 55 60 56
0.129596 0.055157 0.290345 47 52 48
0.129149 0.054883 0.291600 42 48 46
0.129469 0.054101 0.293372 43 52 49
0.129023 0.053827 0.294624 42 48 48
0.128577 0.053553 0.295876 41 47 47
0.128131 0.053279 0.297128 41 47 47
0.127685 0.053004 0.298380 39 45 45
0.127239 0.052730 0.299632 43 49 49
0.126793 0.052456 0.300884 41 47 47
0.126347 0.052182 0.302136 41 47 47
0.125901 0.051908 0.303388 44 50 50
0.125455 0.051634 0.304639 46 50 51
0.125009 0.051360 0.305891 49 53 54
0.124563 0.051085 0.307143 55 59 62
0.124118 0.050811 0.308395 58 59 61
0.124453 0.050039 0.310125 63 64 66
0.124008 0.049766 0.311374 63 64 66
0.123563 0.049492 0.312623 66 68 67
0.123118 0.049219 0.313872 65 67 66
0.122674 0.048945 0.315121 67 71 70
0.122229 0.048672 0.316369 70 74 73
0.120996 0.048892 0.317158 74 76 75
0.120550 0.048618 0.318410 74 78 77
0.120104 0.048344 0.319662 73 79 77
0.119658 0.048070 0.320914 72 78 76
0.119212 0.047795 0.322166 74 80 78
0.118766 0.047521 0.323418 77 83 81
0.118320 0.047247 0.324670 76 80 79
0.117874 0.046973 0.325922 77 81 80
0.118225 0.046210 0.327609 80 82 81
0.117780 0.045937 0.328858 81 81 81
0.117335 0.045663 0.330107 81 81 81
0.116890 0.045390 0.331356 82 82 82
0.116445 0.045116 0.332604 79 79 79
0.116001 0.044843 0.333853 83 83 83
0.115556 0.044569 0.335102 83 83 83
0.115111 0.044296 0.336351 82 82 82
0.113861 0.044505 0.337189 84 82 83
0.113415 0.044231 0.338441 83 83 83
0.112969 0.043957 0.339692 86 86 86
0.112523 0.043683 0.340944 83 85 84
0.112077 0.043409 0.342196 86 88 87
0.111631 0.043135 0.343448 86 88 87
0.111185 0.042860 0.344700 89 89 89
0.110739 0.042586 0.345952 87 87 87
0.131336 0.057217 0.286993 59 61 60
0.132414 0.055918 0.289306 54 58 57
0.131969 0.055644 0.290554 53 57 56
0.132288 0.054860 0.292326 49 55 53
0.131844 0.054587 0.293572 44 53 50
0.131400 0.054314 0.294817 43 52 51
0.131724 0.053533 0.296577 42 48 48
0.131281 0.053260 0.297820 43 47 48
0.130839 0.052988 0.299062 42 46 47
0.130396 0.052716 0.300305 42 48 48
0.129953 0.052444 0.301548 41 47 47
0.129511 0.052172 0.302791 41 47 47
0.129068 0.051900 0.304033 44 50 50
0.127850 0.052132 0.304784 47 53 53
0.127406 0.051859 0.306030 50 54 55
0.126963 0.051586 0.307276 56 60 61
0.126519 0.051313 0.308521 59 63 64
0.126854 0.050539 0.310247 62 66 65
0.126412 0.050267 0.311490 62 66 65
0.125969 0.049994 0.312733 63 67 66
0.125526 0.049722 0.313976 68 74 72
0.125084 0.049450 0.315218 67 73 71
0.124641 0.049178 0.316461 72 78 76
0.124198 0.048906 0.317704 74 80 78
0.123756 0.048634 0.318947 75 79 78
0.123313 0.048361 0.320189 75 81 79
0.122870 0.048089 0.321432 76 82 80
0.122427 0.047817 0.322675 76 82 80
0.121985 0.047545 0.323918 75 81 79
0.121542 0.047273 0.325161 76 80 79
0.121893 0.046508 0.326844 77 81 80
0.121451 0.046236 0.328084 79 83 82
0.121010 0.045965 0.329323 80 82 81
0.120568 0.045693 0.330563 81 81 81
0.120126 0.045422 0.331803 83 83 83
0.119685 0.045150 0.333043 83 83 83
0.119243 0.044879 0.334282 83 83 83
0.118801 0.044607 0.335522 83 83 83
0.118360 0.044336 0.336762 83 83 83
0.117918 0.044064 0.338002 84 84 84
0.116672 0.044279 0.338831 83 83 83
0.116230 0.044007 0.340074 85 85 85
0.115787 0.043735 0.341317 87 87 87
0.115344 0.043462 0.342559 84 86 85
0.114902 0.043190 0.343802 86 88 87
0.114459 0.042918 0.345045 86 88 87
0.114016 0.042646 0.346288 93 93 93
0.134653 0.055330 0.292539 52 58 56
0.134975 0.054545 0.294301 50 56 54
0.134534 0.054274 0.295537 45 54 53
0.134859 0.053491 0.297290 43 52 51
0.134420 0.053220 0.298523 43 49 49
0.133980 0.052950 0.299757 44 48 49
0.133541 0.052680 0.300990 42 46 47
0.133101 0.052410 0.302224 40 46 46
0.132662 0.052140 0.303458 40 46 46
0.132222 0.051869 0.304691 44 50 50
0.131783 0.051599 0.305925 48 52 53
0.131343 0.051329 0.307159 49 53 54
0.130129 0.051566 0.307904 53 57 58
0.129688 0.051295 0.309141 56 60 61
0.129248 0.051024 0.310378 59 63 64
0.128807 0.050753 0.311614 61 67 65
0.129146 0.049978 0.313327 66 72 70
0.127926 0.050211 0.314088 68 74 72
0.127486 0.049940 0.315324 69 78 75
0.127045 0.049670 0.316561 74 83 80
0.126605 0.049399 0.317798 73 82 79
0.126164 0.049128 0.319035 72 81 78
0.125723 0.048857 0.320271 76 82 80
0.125283 0.048586 0.321508 75 79 78
0.124842 0.048315 0.322745 77 81 80
0.125191 0.047547 0.324430 78 82 81
0.124752 0.047277 0.325664 77 81 80
0.124312 0.047006 0.326897 78 82 81
0.123873 0.046736 0.328131 79 81 80
0.123433 0.046466 0.329365 80 82 81
0.122994 0.046196 0.330598 81 83 82
0.123350 0.045432 0.332262 81 83 82
0.122912 0.045162 0.333493 80 82 81
0.122473 0.044893 0.334724 80 82 81
0.122035 0.044623 0.335954 82 84 83
0.121597 0.044354 0.337185 82 82 82
0.121158 0.044084 0.338416 82 82 82
0.119918 0.044305 0.339234 82 82 82
0.119478 0.044035 0.340468 83 83 83
0.119039 0.043764 0.341701 87 87 87
0.118599 0.043494 0.342935 83 83 83
0.118160 0.043224 0.344169 86 88 87
0.117720 0.042954 0.345402 87 89 88
0.117281 0.042684 0.346636 86 88 87
0.136250 0.056304 0.292234 56 60 59
0.136570 0.055515 0.293994 54 60 58
0.136131 0.055245 0.295228 52 58 56
0.137218 0.053943 0.297497 49 55 55
0.136781 0.053674 0.298724 49 55 55
0.137109 0.052890 0.300464 47 53 53
0.136673 0.052622 0.301688 45 49 50
0.136237 0.052354 0.302913 44 48 49
0.135801 0.052086 0.304137 46 50 51
0.135364 0.051817 0.305362 46 50 51
0.134928 0.051549 0.306586 50 54 55
0.134492 0.051281 0.307811 54 58 59
0.134056 0.051013 0.309035 54 58 59
0.133620 0.050745 0.310260 56 60 61
0.133183 0.050477 0.311484 58 62 63
0.132747 0.050208 0.312709 65 69 70
0.132311 0.049940 0.313934 69 73 72
0.131875 0.049672 0.315158 71 77 75
0.131439 0.049404 0.316383 73 79 77
0.131002 0.049136 0.317607 77 83 81
0.130566 0.048867 0.318832 75 81 79
0.130130 0.048599 0.320056 77 83 81
0.129694 0.048331 0.321281 78 84 82
0.128472 0.048566 0.322049 78 84 82
0.128035 0.048297 0.323276 79 83 82
0.127598 0.048028 0.324504 75 79 78
0.127161 0.047759 0.325731 75 79 78
0.126723 0.047490 0.326959 80 82 81
0.127077 0.046722 0.328628 81 83 82
0.126640 0.046454 0.329853 80 82 81
0.126204 0.046186 0.331077 82 84 83
0.125768 0.045918 0.332302 81 83 82
0.125332 0.045649 0.333526 81 83 82
0.125691 0.044885 0.335177 79 81 80
0.125256 0.044618 0.336399 80 82 81
0.124821 0.044350 0.337620 80 82 81
0.124386 0.044082 0.338842 82 84 83
0.123951 0.043815 0.340063 83 85 84
0.123516 0.043547 0.341285 83 83 83
0.123081 0.043280 0.342506 85 85 85
0.121842 0.043504 0.343323 86 86 86
0.121406 0.043236 0.344547 88 88 88
0.120970 0.042968 0.345772 86 88 87
0.140004 0.054648 0.296491 61 67 65
0.140331 0.053860 0.298232 58 64 62
0.139897 0.053593 0.299451 60 66 64
0.139463 0.053327 0.300669 55 61 59
0.139793 0.052542 0.302398 51 57 55
0.139360 0.052276 0.303613 51 55 54
0.138927 0.052010 0.304829 51 55 54
0.138494 0.051743 0.306044 52 56 57
0.138061 0.051477 0.307260 50 54 55
0.137628 0.051211 0.308475 51 55 56
0.137195 0.050945 0.309691 57 61 62
0.136762 0.050679 0.310906 56 60 61
0.136329 0.050412 0.312121 61 65 66
0.135896 0.050146 0.313337 64 68 69
0.136239 0.049369 0.315032 67 71 72
0.135807 0.049103 0.316245 74 76 75
0.135375 0.048838 0.317457 77 79 78
0.134943 0.048572 0.318670 79 81 80
0.134511 0.048307 0.319882 78 80 79
0.134080 0.048041 0.321094 78 82 81
0.132866 0.048283 0.321845 78 82 81
0.132433 0.048017 0.323060 78 82 81
0.132000 0.047751 0.324276 79 83 82
0.131567 0.047485 0.325491 77 81 80
0.131134 0.047218 0.326707 78 82 81
0.130701 0.046952 0.327922 80 82 81
0.130268 0.046686 0.329137 80 82 81
0.129835 0.046420 0.330353 79 79 79
0.129402 0.046154 0.331568 80 80 80
0.128969 0.045887 0.332784 81 83 82
0.128536 0.045621 0.333999 82 84 83
0.128897 0.044855 0.335643 80 82 81
0.128465 0.044590 0.336855 82 84 83
0.128033 0.044324 0.338068 84 86 85
0.128398 0.043561 0.339699 85 87 86
0.127169 0.043793 0.340493 84 86 85
0.126738 0.043528 0.341705 81 83 82
0.126306 0.043262 0.342917 81 83 82
0.125874 0.042997 0.344130 84 86 85
0.125442 0.042731 0.345342 87 87 87
0.125010 0.042466 0.346554 87 87 87
0.143431 0.053756 0.298979 73 79 75
0.143000 0.053491 0.300189 71 77 73
0.141808 0.053748 0.300883 70 76 72
0.142901 0.052440 0.303120 70 75 71
0.142471 0.052176 0.304326 70 75 71
0.142041 0.051912 0.305533 65 69 68
0.141612 0.051647 0.306739 66 70 69
0.141182 0.051383 0.307945 65 67 66
0.140752 0.051119 0.309152 64 66 65
0.140323 0.050855 0.310358 64 66 65
0.139893 0.050591 0.311564 63 67 66
0.139463 0.050327 0.312771 64 68 67
0.139033 0.050062 0.313977 66 70 69
0.139377 0.049283 0.315665 70 74 73
0.138948 0.049020 0.316869 74 78 77
0.138520 0.048756 0.318072 78 80 79
0.138868 0.047980 0.319748 80 82 81
0.138440 0.047717 0.320948 81 83 82
0.138013 0.047454 0.322149 81 81 81
0.136805 0.047702 0.322885 79 81 80
0.136377 0.047439 0.324088 80 82 81
0.135948 0.047175 0.325292 79 81 80
0.135519 0.046912 0.326495 78 82 81
0.135091 0.046648 0.327698 79 83 82
0.134662 0.046385 0.328901 78 82 81
0.133447 0.046628 0.329659 80 82 81
0.133017 0.046364 0.330865 81 81 81
0.132588 0.046100 0.332072 82 82 82
0.132948 0.045331 0.333714 82 82 82
0.132519 0.045067 0.334918 81 83 82
0.132090 0.044804 0.336121 81 83 82
0.131662 0.044540 0.337324 81 83 82
0.131233 0.044277 0.338528 84 86 85
0.131599 0.043511 0.340152 86 88 87
0.131172 0.043249 0.341352 86 88 87
0.130744 0.042986 0.342553 85 87 86
0.130317 0.042723 0.343753 85 87 86
0.129889 0.042460 0.344953 83 85 84
0.129462 0.042197 0.346153 85 85 85
0.144574 0.054420 0.299898 77 83 79
0.144144 0.054156 0.301104 78 83 79
0.145236 0.052841 0.303340 75 80 76
0.144808 0.052578 0.304540 77 82 78
0.144381 0.052316 0.305740 78 83 79
0.143953 0.052053 0.306940 73 78 74
0.144290 0.051267 0.308643 76 81 77
0.143864 0.051005 0.309840 73 75 74
0.143437 0.050743 0.311038 73 75 74
0.142243 0.051001 0.311741 76 78 77
0.142585 0.050219 0.313432 71 73 72
0.142158 0.049956 0.314629 75 77 76
0.141732 0.049694 0.315826 74 78 77
0.142078 0.048914 0.317505 76 80 79
0.141652 0.048653 0.318699 74 78 77
0.141227 0.048391 0.319893 77 79 78
0.141577 0.047614 0.321559 79 81 80
0.141153 0.047353 0.322750 81 83 82
0.140728 0.047092 0.323941 80 80 80
0.140304 0.046831 0.325133 78 80 79
0.139100 0.047084 0.325864 80 82 81
0.138674 0.046822 0.327058 79 83 82
0.138249 0.046561 0.328252 78 82 81
0.137824 0.046299 0.329446 78 84 82
0.137398 0.046037 0.330640 78 82 81
0.136973 0.045776 0.331835 79 81 80
0.136548 0.045514 0.333029 81 81 81
0.136122 0.045253 0.334223 82 82 82
0.135697 0.044991 0.335417 81 81 81
0.135271 0.044730 0.336611 80 82 81
0.134846 0.044468 0.337805 82 84 83
0.135213 0.043701 0.339426 82 84 83
0.134788 0.043440 0.340617 83 85 84
0.134364 0.043179 0.341808 84 86 85
0.133940 0.042918 0.342999 85 87 86
0.133515 0.042658 0.344190 85 87 86
0.133091 0.042397 0.345382 83 83 83
0.132667 0.042136 0.346573 85 85 85
0.146378 0.053494 0.304248 77 82 76
0.146712 0.052705 0.305956 81 83 78
0.145525 0.052970 0.306643 79 81 76
0.145861 0.052182 0.308344 77 79 74
0.146199 0.051395 0.310040 79 81 76
0.145775 0.051134 0.311231 77 79 76
0.145351 0.050873 0.312422 76 78 75
0.144927 0.050612 0.313613 77 79 76
0.144502 0.050351 0.314804 75 77 74
0.144078 0.050090 0.315996 75 77 74
0.144424 0.049308 0.317670 75 80 76
0.144772 0.048527 0.319338 77 82 78
0.144350 0.048268 0.320523 76 81 77
0.143928 0.048008 0.321708 78 82 81
0.144280 0.047230 0.323364 79 83 82
0.143859 0.046971 0.324546 82 84 83
0.143438 0.046712 0.325728 82 84 83
0.143017 0.046453 0.326910 80 82 81
0.142596 0.046194 0.328092 78 82 81
0.141395 0.046451 0.328818 76 80 79
0.140973 0.046191 0.330003 75 81 79
0.140551 0.045932 0.331188 76 82 80
0.140912 0.045159 0.332820 79 83 82
0.139707 0.045413 0.333559 79 81 80
0.140070 0.044641 0.335184 81 81 81
0.139649 0.044382 0.336366 82 82 82
0.139228 0.044123 0.337548 82 82 82
0.138807 0.043865 0.338730 80 82 81
0.138386 0.043606 0.339912 81 83 82
0.137965 0.043347 0.341094 81 83 82
0.137544 0.043088 0.342276 81 83 82
0.137123 0.042829 0.343458 82 84 83
0.136702 0.042570 0.344640 83 85 84
0.136280 0.042311 0.345822 86 86 86
0.147852 0.053350 0.306858 77 83 81
0.147427 0.053089 0.308050 76 80 79
0.147003 0.052828 0.309241 78 82 81
0.148867 0.050982 0.311933 78 82 81
0.149210 0.050195 0.313612 74 79 75
0.148025 0.050464 0.314297 76 81 77
0.147604 0.050205 0.315479 76 80 79
0.147950 0.049421 0.317149 75 77 76
0.147531 0.049162 0.318328 79 79 79
0.147111 0.048904 0.319507 79 79 79
0.147461 0.048122 0.321165 80 80 80
0.147042 0.047865 0.322341 81 81 81
0.146623 0.047607 0.323517 79 81 78
0.146204 0.047350 0.324693 77 82 78
0.145785 0.047092 0.325869 80 84 83
0.145367 0.046835 0.327045 78 82 81
0.144948 0.046577 0.328221 78 82 81
0.144529 0.046319 0.329397 75 81 79
0.144110 0.046062 0.330573 78 82 81
0.143691 0.045804 0.331749 76 80 79
0.143272 0.045547 0.332925 77 81 80
0.142853 0.045289 0.334101 76 80 79
0.142434 0.045032 0.335277 79 81 80
0.142015 0.044774 0.336452 80 82 81
0.141597 0.044517 0.337628 79 81 80
0.141178 0.044259 0.338804 80 82 81
0.140759 0.044002 0.339980 83 83 83
0.140340 0.043744 0.341156 81 81 79
0.139921 0.043487 0.342332 83 85 84
0.139502 0.043229 0.343508 83 85 84
0.139083 0.042972 0.344684 81 83 82
0.138664 0.042714 0.345860 82 84 83
0.154301 0.050255 0.311319 76 82 78
0.152365 0.051065 0.311474 76 82 78
0.151948 0.050808 0.312647 77 82 78
0.151530 0.050551 0.313820 78 83 79
0.151112 0.050294 0.314993 75 81 77
0.152222 0.048977 0.317153 76 81 77
0.151807 0.048721 0.318320 76 80 79
0.151391 0.048466 0.319486 77 79 78
0.151743 0.047682 0.321137 77 79 78
0.150560 0.047955 0.321820 80 80 80
0.150144 0.047699 0.322987 82 82 82
0.149728 0.047444 0.324154 80 80 80
0.149313 0.047188 0.325320 81 83 80
0.148897 0.046933 0.326487 82 84 81
0.148482 0.046677 0.327654 79 83 82
0.148066 0.046422 0.328821 76 80 79
0.147650 0.046166 0.329988 76 82 80
0.147235 0.045911 0.331154 79 83 82
0.146819 0.045655 0.332321 78 82 81
0.146403 0.045399 0.333488 77 81 80
0.145988 0.045144 0.334655 74 79 75
0.145572 0.044888 0.335822 76 80 79
0.145156 0.044633 0.336989 80 82 81
0.144741 0.044377 0.338155 81 83 82
0.144325 0.044122 0.339322 81 83 82
0.143909 0.043866 0.340489 81 83 82
0.143494 0.043611 0.341656 82 82 82
0.143078 0.043355 0.342823 83 83 83
0.142663 0.043100 0.343989 82 84 83
0.142247 0.042844 0.345156 83 85 84
0.141831 0.042589 0.346323 85 87 86
0.157703 0.049257 0.313733 77 84 77
0.158050 0.048469 0.315392 76 83 76
0.157640 0.048216 0.316544 80 85 79
0.157230 0.047964 0.317695 77 82 75
0.156820 0.047712 0.318847 76 82 78
0.156410 0.047460 0.319998 77 81 80
0.155999 0.047208 0.321150 77 81 80
0.155589 0.046955 0.322302 78 80 79
0.154412 0.047234 0.322970 79 81 80
0.154001 0.046981 0.324125 78 80 79
0.153590 0.046729 0.325279 79 81 80
0.152409 0.047005 0.325960 80 82 81
0.151997 0.046751 0.327118 81 83 80
0.150812 0.047026 0.327807 81 83 80
0.150399 0.046771 0.328968 80 84 83
0.149985 0.046517 0.330129 78 82 81
0.149572 0.046263 0.331289 78 82 81
0.149935 0.045484 0.332906 77 82 78
0.149522 0.045230 0.334064 77 82 78
0.148332 0.045500 0.334772 79 81 78
0.147918 0.045246 0.335932 78 83 79
0.147505 0.044992 0.337093 77 82 78
0.147091 0.044738 0.338254 80 82 79
0.146678 0.044484 0.339415 80 82 81
0.146264 0.044229 0.340575 79 81 80
0.145851 0.043975 0.341736 83 85 84
0.145437 0.043721 0.342897 82 82 82
0.145024 0.043467 0.344057 84 84 84
0.144610 0.043213 0.345218 84 84 84
0.144197 0.042958 0.346379 83 85 84
0.159175 0.049063 0.316274 76 83 76
0.158766 0.048812 0.317423 79 84 77
0.159117 0.048023 0.319069 78 83 76
0.158709 0.047772 0.320214 75 81 77
0.158301 0.047521 0.321360 78 82 81
0.157893 0.047270 0.322505 76 80 79
0.157485 0.047019 0.323651 78 80 79
0.157076 0.046768 0.324797 76 77 79
0.156668 0.046518 0.325942 79 81 80
0.155493 0.046800 0.326612 79 81 80
0.155084 0.046548 0.327760 80 82 81
0.154674 0.046296 0.328909 78 80 77
0.153495 0.046576 0.329590 80 82 79
0.153084 0.046323 0.330742 81 83 80
0.152674 0.046071 0.331893 80 82 79
0.152264 0.045819 0.333045 79 81 78
0.151854 0.045567 0.334197 80 82 79
0.151443 0.045315 0.335348 80 82 77
0.151033 0.045062 0.336500 81 83 78
0.150623 0.044810 0.337652 82 84 79
0.149433 0.045084 0.338360 83 85 80
0.149022 0.044831 0.339515 84 86 83
0.148611 0.044578 0.340670 83 85 84
0.148199 0.044325 0.341824 79 81 80
0.147788 0.044072 0.342979 80 82 81
0.147377 0.043819 0.344134 82 84 83
0.146965 0.043566 0.345288 83 85 84
0.159950 0.050445 0.315504 76 82 78
0.159541 0.050194 0.316652 79 84 80
0.159890 0.049401 0.318300 78 83 79
0.159482 0.049150 0.319446 77 82 78
0.159834 0.048360 0.321085 76 80 79
0.160188 0.047570 0.322718 80 84 83
0.159782 0.047321 0.323857 81 83 82
0.159376 0.047071 0.324996 79 81 80
0.158970 0.046822 0.326136 78 80 79
0.158564 0.046572 0.327275 80 82 81
0.158158 0.046323 0.328415 78 80 79
0.157752 0.046073 0.329554 79 81 80
0.157347 0.045824 0.330694 78 80 77
0.156941 0.045574 0.331833 81 83 80
0.155764 0.045858 0.332510 81 83 80
0.155357 0.045607 0.333652 79 81 78
0.154950 0.045357 0.334795 81 83 80
0.154543 0.045107 0.335937 81 83 80
0.153361 0.045387 0.336629 80 82 79
0.152953 0.045136 0.337774 80 82 77
0.152545 0.044886 0.338920 81 83 78
0.152136 0.044635 0.340066 81 83 78
0.151728 0.044384 0.341211 81 83 80
0.151320 0.044133 0.342357 82 84 83
0.150912 0.043882 0.343502 83 85 84
0.150504 0.043631 0.344648 79 81 80
0.150096 0.043380 0.345793 83 85 84
0.161826 0.050485 0.316891 79 83 82
0.160663 0.050780 0.317532 79 83 82
0.161012 0.049985 0.319176 78 83 79
0.161363 0.049191 0.320814 80 82 79
0.161716 0.048399 0.322445 77 81 80
0.162071 0.047608 0.324071 80 82 81
0.161668 0.047360 0.325205 81 83 82
0.161264 0.047111 0.326338 80 82 81
0.160860 0.046863 0.327471 79 81 80
0.160456 0.046615 0.328605 80 82 81
0.160818 0.045828 0.330212 78 80 77
0.160416 0.045580 0.331343 80 82 79
0.160013 0.045333 0.332473 81 83 80
0.159610 0.045085 0.333603 83 85 80
0.159208 0.044838 0.334734 79 81 78
0.158034 0.045126 0.335405 82 82 80
0.157630 0.044878 0.336538 81 81 79
0.157226 0.044629 0.337672 81 81 79
0.156048 0.044915 0.338355 79 81 78
0.155644 0.044666 0.339492 78 80 77
0.155239 0.044417 0.340628 78 80 77
0.154056 0.044699 0.341324 81 83 80
0.153651 0.044450 0.342463 80 82 79
0.153245 0.044200 0.343603 80 82 81
0.152839 0.043951 0.344742 82 84 83
0.152433 0.043701 0.345882 81 83 82
0.165557 0.048621 0.320912 81 83 82
0.165155 0.048374 0.322039 82 84 81
0.164352 0.047880 0.324293 80 82 79
0.163951 0.047633 0.325421 80 82 81
0.163549 0.047386 0.326548 82 84 83
0.163909 0.046596 0.328158 81 81 81
0.163509 0.046350 0.329282 80 80 80
0.163108 0.046103 0.330406 81 81 79
0.162708 0.045857 0.331530 83 83 81
0.162307 0.045611 0.332655 81 83 80
0.161907 0.045365 0.333779 81 86 80
0.162274 0.044579 0.335367 84 86 81
0.161106 0.044872 0.336028 82 84 81
0.160705 0.044626 0.337152 83 83 81
0.160305 0.044380 0.338276 83 83 83
0.159904 0.044134 0.339400 81 81 81
0.158730 0.044424 0.340076 80 82 81
0.158329 0.044177 0.341203 81 83 82
0.157927 0.043930 0.342330 82 84 81
0.156749 0.044218 0.343018 81 83 82
0.156346 0.043970 0.344148 81 83 82
0.155944 0.043723 0.345279 81 83 82
0.155541 0.043475 0.346409 80 82 81
0.166625 0.048138 0.324524 79 81 78
0.166226 0.047892 0.325645 80 82 79
0.165826 0.047647 0.326766 80 82 79
0.165427 0.047401 0.327888 82 82 80
0.165028 0.047156 0.329009 81 81 79
0.165390 0.046364 0.330608 84 84 82
0.164991 0.046119 0.331726 80 80 78
0.164593 0.045874 0.332845 83 83 81
0.164960 0.045085 0.334432 81 82 77
0.164562 0.044841 0.335547 79 84 78
0.164165 0.044597 0.336662 80 85 79
0.163768 0.044353 0.337777 80 82 77
0.163371 0.044108 0.338893 83 83 81
0.162973 0.043864 0.340008 82 82 82
0.162576 0.043620 0.341123 81 81 81
0.161406 0.043915 0.341790 80 82 81
0.161008 0.043670 0.342908 81 83 82
0.160610 0.043425 0.344027 81 83 82
0.159436 0.043718 0.344706 79 81 80
0.159036 0.043472 0.345827 83 85 84
0.166475 0.045879 0.334155 83 84 79
0.166447 0.044846 0.336844 83 84 79
0.166052 0.044603 0.337953 83 84 79
0.165657 0.044360 0.339062 83 84 79
0.165262 0.044117 0.340171 83 83 81
0.164867 0.043874 0.341281 82 82 80
0.164472 0.043631 0.342390 83 83 81
0.164077 0.043389 0.343499 83 83 81
0.163682 0.043146 0.344608 84 84 82
0.163287 0.042903 0.345717 81 83 80
0.166349 0.042603 0.346301 82 83 78
0.103284 0.023721 0.283720 144 141 148
0.100793 0.023450 0.284125 161 160 168
0.098849 0.023540 0.283761 147 147 157
0.097447 0.023995 0.282623 147 150 159
0.095511 0.024083 0.282265 164 168 177
0.093579 0.024170 0.281911 177 178 182
0.091124 0.023886 0.282346 177 177 177
0.089205 0.023969 0.282002 188 187 183
0.086768 0.023680 0.282450 202 203 198
0.085382 0.024129 0.281326 214 216 213
0.083477 0.024207 0.280994 244 248 247
0.082094 0.024656 0.279871 248 254 252
0.081225 0.025477 0.277952 235 239 238
0.104660 0.022219 0.291783 163 161 166
0.103262 0.022672 0.290649 95 92 99
0.102409 0.023491 0.288745 100 99 105
0.100466 0.023578 0.288380 108 107 113
0.098527 0.023664 0.288019 207 208 213
0.096594 0.023749 0.287661 246 249 255
0.095201 0.024200 0.286531 165 169 178
0.093275 0.024282 0.286180 201 204 213
0.091353 0.024363 0.285832 250 251 255
0.088909 0.024070 0.286272 192 190 193
0.086999 0.024147 0.285935 138 137 135
0.085619 0.024595 0.284814 223 223 221
0.084238 0.025042 0.283693 245 247 246
0.082857 0.025490 0.282573 170 174 173
0.081992 0.026313 0.280659 192 196 197
0.081123 0.027137 0.278741 190 194 195
0.079737 0.027587 0.277617 194 196 195
0.078860 0.028414 0.275693 56 56 56
0.124551 0.027228 0.287019 75 79 82
0.120850 0.026246 0.288857 114 119 123
0.104848 0.019981 0.301289 212 213 217
0.103468 0.020428 0.300168 166 166 168
0.102639 0.021242 0.298286 144 143 148
0.101806 0.022058 0.296399 132 130 135
0.100968 0.022875 0.294509 123 121 126
0.099580 0.023325 0.293382 108 111 116
0.098192 0.023775 0.292255 140 145 149
0.096263 0.023855 0.291901 178 183 187
0.094340 0.023934 0.291550 148 153 157
0.092956 0.024382 0.290427 113 120 126
0.090507 0.024085 0.290861 120 123 130
0.089129 0.024532 0.289742 181 180 186
0.087222 0.024605 0.289405 255 250 254
0.085846 0.025051 0.288288 220 216 217
0.084470 0.025497 0.287172 124 120 121
0.083094 0.025944 0.286055 69 67 70
0.082237 0.026767 0.284149 64 64 66
0.081374 0.027592 0.282238 200 200 202
0.080507 0.028419 0.280324 190 190 192
0.079635 0.029247 0.278406 182 184 183
0.078758 0.030077 0.276484 59 61 60
0.126756 0.027658 0.290925 78 82 83
0.127025 0.029215 0.287517 79 83 86
0.119909 0.026040 0.293830 80 84 87
0.110583 0.021388 0.303185 154 159 163
0.109757 0.022204 0.301306 163 168 174
0.106128 0.021187 0.303196 164 167 172
0.104189 0.021268 0.302832 167 166 171
0.102811 0.021715 0.301713 166 165 170
0.101433 0.022161 0.300595 165 163 168
0.100054 0.022608 0.299476 171 170 175
0.098676 0.023055 0.298357 170 169 174
0.097298 0.023502 0.297239 169 172 179
0.095377 0.023577 0.296889 177 180 187
0.093460 0.023650 0.296542 185 188 193
0.091549 0.023721 0.296200 189 194 197
0.089108 0.023416 0.296636 201 206 210
0.087209 0.023484 0.296304 202 207 211
0.085845 0.023926 0.295197 178 179 183
0.084481 0.024368 0.294091 188 186 189
0.083117 0.024810 0.292984 200 195 199
0.082277 0.025631 0.291093 89 83 87
0.081952 0.026833 0.288411 167 160 167
0.081099 0.027658 0.286510 178 173 179
0.080757 0.028866 0.283815 98 93 97
0.080405 0.030076 0.281112 64 62 65
0.079533 0.030907 0.279195 190 190 190
0.078656 0.031740 0.277274 55 57 54
0.126367 0.027821 0.295137 72 76 77
0.123220 0.027188 0.296205 76 80 81
0.120088 0.026550 0.297285 79 83 86
0.114703 0.024438 0.301366 80 83 88
0.111045 0.023419 0.303226 167 176 181
0.107969 0.022763 0.304352 161 170 175
0.105466 0.022472 0.304736 162 170 173
0.103531 0.022549 0.304372 165 170 173
0.101600 0.022623 0.304013 165 169 172
0.099675 0.022697 0.303657 165 169 172
0.098304 0.023141 0.302545 165 169 172
0.096385 0.023212 0.302195 159 164 167
0.094472 0.023281 0.301849 165 165 173
0.092563 0.023349 0.301508 169 169 177
0.090659 0.023415 0.301170 163 162 168
0.088761 0.023480 0.300836 166 167 171
0.086867 0.023543 0.300507 162 167 171
0.084445 0.023226 0.300956 160 165 169
0.083093 0.023664 0.299859 179 180 184
0.081742 0.024102 0.298762 194 194 196
0.081441 0.025302 0.296103 195 190 194
0.080607 0.026123 0.294220 126 120 124
0.080810 0.027711 0.290762 56 49 56
0.080480 0.028921 0.288079 59 53 57
0.080140 0.030133 0.285389 60 54 58
0.079790 0.031349 0.282691 48 46 47
0.079431 0.032568 0.279984 192 192 192
0.078553 0.033403 0.278065 58 60 57
0.077671 0.034241 0.276141 65 67 66
0.125114 0.028801 0.297432 71 75 76
0.123115 0.028895 0.297016 76 80 83
0.117138 0.026400 0.301812 83 87 90
0.112900 0.025005 0.304401 77 80 85
0.109814 0.024343 0.305514 173 176 183
0.107305 0.024049 0.305889 162 165 172
0.105365 0.024124 0.305520 46 47 52
0.103429 0.024197 0.305156 49 47 52
0.100945 0.023895 0.305551 50 45 51
0.099022 0.023964 0.305196 56 51 57
0.097103 0.024032 0.304845 63 61 66
0.095190 0.024099 0.304498 69 68 73
0.093282 0.024163 0.304155 82 81 89
0.091378 0.024227 0.303816 95 92 101
0.089480 0.024288 0.303481 106 104 109
0.087048 0.023968 0.303919 120 121 126
0.085162 0.024026 0.303594 155 158 163
0.083280 0.024082 0.303273 158 163 167
0.081934 0.024519 0.302180 178 182 185
0.080587 0.024955 0.301087 160 161 163
0.080291 0.026160 0.298435 54 50 51
0.079985 0.027367 0.295775 50 44 46
0.080189 0.028963 0.292324 53 47 51
0.079861 0.030177 0.289646 48 42 46
0.080038 0.031782 0.286173 168 164 165
0.079688 0.033003 0.283477 51 49 50
0.079329 0.034228 0.280773 195 194 192
0.078451 0.035067 0.278855 62 63 58
0.077568 0.035907 0.276933 70 70 70
0.124435 0.030140 0.298984 70 74 75
0.120725 0.029115 0.300790 72 76 79
0.115897 0.027339 0.304097 77 81 84
0.112231 0.026300 0.305939 74 77 82
0.109712 0.026003 0.306303 165 168 175
0.107203 0.025703 0.306676 157 160 165
0.105263 0.025775 0.306305 28 29 34
0.103328 0.025846 0.305939 36 34 39
0.100844 0.025538 0.306332 35 30 36
0.098921 0.025604 0.305975 39 37 42
0.097003 0.025669 0.305623 40 39 44
0.095090 0.025733 0.305275 40 41 46
0.093181 0.025794 0.304930 42 43 48
0.091278 0.025855 0.304590 41 42 47
0.088840 0.025531 0.305020 45 44 50
0.086949 0.025588 0.304689 48 49 54
0.084528 0.025259 0.305133 125 128 135
0.083181 0.025696 0.304040 160 165 169
0.081305 0.025747 0.303721 166 170 171
0.080488 0.026569 0.301854 178 180 177
0.080191 0.027779 0.299205 44 40 39
0.079885 0.028992 0.296548 128 124 123
0.079568 0.030208 0.293882 52 48 49
0.079760 0.031817 0.290425 46 42 43
0.079937 0.033430 0.286956 201 199 200
0.079587 0.034658 0.284263 50 49 47
0.079227 0.035888 0.281562 199 198 194
0.078349 0.036730 0.279646 70 69 64
0.077466 0.037573 0.277725 69 69 67
0.110996 0.027214 0.308217 78 81 86
0.109046 0.027287 0.307837 146 151 155
0.107663 0.027735 0.306715 151 156 160
0.105162 0.027427 0.307090 40 41 45
0.103227 0.027494 0.306723 33 32 37
0.101297 0.027560 0.306359 32 31 36
0.099372 0.027625 0.306000 31 32 36
0.096902 0.027306 0.306401 37 41 44
0.094989 0.027367 0.306051 137 142 146
0.093081 0.027425 0.305705 155 163 165
0.091178 0.027483 0.305364 141 146 149
0.089280 0.027539 0.305026 123 128 132
0.086849 0.027207 0.305459 35 40 46
0.084963 0.027259 0.305131 98 103 109
0.083082 0.027309 0.304807 161 166 170
0.081735 0.027746 0.303714 164 168 169
0.080389 0.028183 0.302621 190 190 188
0.079567 0.029009 0.300751 58 54 51
0.079262 0.030227 0.298099 199 195 192
0.079468 0.031840 0.294658 37 36 34
0.079659 0.033457 0.291205 49 48 46
0.079321 0.034686 0.288524 203 203 201
0.079485 0.036312 0.285050 51 50 46
0.079124 0.037548 0.282352 199 198 194
0.078754 0.038788 0.279646 86 83 78
0.077869 0.039635 0.277724 67 67 65
0.110893 0.028875 0.309006 76 81 85
0.108944 0.028944 0.308625 119 130 134
0.107561 0.029393 0.307503 154 161 167
0.105619 0.029460 0.307128 50 54 57
0.103682 0.029525 0.306757 31 31 33
0.101196 0.029206 0.307141 29 30 32
0.099271 0.029268 0.306780 29 33 36
0.097351 0.029328 0.306423 43 48 52
0.095435 0.029386 0.306070 140 147 153
0.093525 0.029443 0.305721 154 161 167
0.091620 0.029498 0.305376 155 160 164
0.089180 0.029164 0.305798 165 168 173
0.087287 0.029215 0.305463 30 35 41
0.084864 0.028875 0.305899 75 82 90
0.082983 0.028923 0.305574 158 165 173
0.081636 0.029359 0.304481 162 166 169
0.080817 0.030188 0.302614 202 202 200
0.079992 0.031018 0.300744 57 53 52
0.079163 0.031849 0.298870 205 201 202
0.079368 0.033471 0.295433 31 30 28
0.079041 0.034702 0.292765 45 45 45
0.079219 0.036332 0.289307 198 198 198
0.079383 0.037967 0.285836 51 51 51
0.079022 0.039209 0.283141 196 195 193
0.078652 0.040454 0.280438 115 114 109
0.077766 0.041304 0.278518 71 71 69
0.110791 0.030535 0.309795 73 81 84
0.108842 0.030601 0.309413 110 119 124
0.107459 0.031050 0.308290 151 158 164
0.105517 0.031114 0.307914 76 77 81
0.103580 0.031177 0.307542 30 28 31
0.101648 0.031238 0.307173 31 31 33
0.099721 0.031297 0.306809 29 33 36
0.097799 0.031355 0.306449 31 39 42
0.095335 0.031023 0.306848 115 122 128
0.093425 0.031077 0.306498 155 162 168
0.091519 0.031129 0.306151 158 163 167
0.089080 0.030789 0.306571 165 168 173
0.087187 0.030837 0.306234 31 36 42
0.085299 0.030884 0.305901 61 70 79
0.083415 0.030929 0.305573 159 166 174
0.082066 0.031367 0.304478 156 161 165
0.080717 0.031804 0.303383 198 198 196
0.079892 0.032637 0.301514 51 51 51
0.079585 0.033868 0.298865 196 196 196
0.079268 0.035102 0.296208 40 38 39
0.079458 0.036736 0.292763 52 48 49
0.079118 0.037977 0.290089 100 95 99
0.079281 0.039621 0.286622 40 38 41
0.079430 0.041269 0.283144 192 192 190
0.078549 0.042120 0.281230 140 142 137
0.077664 0.042973 0.279311 71 73 72
0.111255 0.032580 0.309845 74 79 83
0.109304 0.032644 0.309460 83 90 96
0.107918 0.033094 0.308335 154 159 163
0.105974 0.033156 0.307956 108 109 113
0.104035 0.033216 0.307580 30 28 31
0.101547 0.032886 0.307957 30 30 30
0.099620 0.032943 0.307591 30 31 33
0.097698 0.032998 0.307229 36 41 45
0.095780 0.033051 0.306871 97 104 110
0.093324 0.032711 0.307274 153 162 167
0.091419 0.032760 0.306926 159 164 168
0.088980 0.032414 0.307343 164 167 172
0.087087 0.032460 0.307005 30 33 40
0.085199 0.032503 0.306671 49 53 64
0.083316 0.032546 0.306341 159 166 174
0.081967 0.032983 0.305246 157 162 166
0.080618 0.033421 0.304151 195 197 196
0.079793 0.034256 0.302284 42 43 45
0.079485 0.035493 0.299637 154 154 154
0.079167 0.036733 0.296983 191 189 190
0.079357 0.038376 0.293543 43 39 40
0.079017 0.039623 0.290871 55 50 54
0.079180 0.041275 0.287409 53 51 54
0.079328 0.042932 0.283935 178 178 178
0.078954 0.044190 0.281235 161 166 160
0.077561 0.044642 0.280104 72 73 75
0.165316 0.061807 0.260063 71 76 79
0.163157 0.061935 0.259508 71 76 79
0.111718 0.034631 0.309898 71 76 80
0.109765 0.034693 0.309509 76 83 89
0.107816 0.034754 0.309124 157 160 167
0.105872 0.034813 0.308743 131 130 135
0.103933 0.034871 0.308366 31 29 32
0.101445 0.034535 0.308741 30 30 32
0.099518 0.034588 0.308373 33 34 38
0.097597 0.034640 0.308010 31 36 40
0.095679 0.034691 0.307651 69 76 82
0.093767 0.034740 0.307296 152 161 166
0.091860 0.034787 0.306944 101 106 110
0.089419 0.034436 0.307356 85 86 90
0.087524 0.034479 0.307015 37 36 44
0.085099 0.034123 0.307441 38 40 52
0.083217 0.034162 0.307109 160 164 175
0.081867 0.034600 0.306014 159 164 170
0.081045 0.035438 0.304150 196 200 201
0.079693 0.035876 0.303053 45 45 47
0.079385 0.037118 0.300410 58 56 59
0.079067 0.038364 0.297759 197 197 197
0.079256 0.040016 0.294322 88 89 91
0.078916 0.041269 0.291653 65 64 69
0.079078 0.042930 0.288195 47 47 49
0.079225 0.044596 0.284725 162 162 162
0.078851 0.045859 0.282028 173 172 170
0.077963 0.046719 0.280111 75 75 77
0.164852 0.060369 0.267852 66 74 76
0.161538 0.059721 0.268748 70 75 79
0.158819 0.059455 0.268931 68 73 76
0.155533 0.058798 0.269849 70 75 78
0.111616 0.036297 0.310690 72 77 81
0.109662 0.036357 0.310300 69 76 82
0.108274 0.036807 0.309173 157 161 170
0.105770 0.036471 0.309531 153 153 161
0.103831 0.036525 0.309153 32 31 37
0.101897 0.036578 0.308778 35 34 40
0.099417 0.036234 0.309156 24 27 32
0.098044 0.036679 0.308041 32 37 43
0.096124 0.036728 0.307678 51 58 66
0.093667 0.036377 0.308074 153 160 166
0.091759 0.036421 0.307721 92 97 101
0.089319 0.036064 0.308130 40 39 44
0.087424 0.036104 0.307787 38 37 43
0.085534 0.036143 0.307448 38 38 48
0.083648 0.036180 0.307113 163 167 178
0.081768 0.036216 0.306783 159 164 170
0.080945 0.037057 0.304920 192 196 197
0.080118 0.037899 0.303053 40 38 41
0.079285 0.038743 0.301182 53 51 54
0.079486 0.040401 0.297760 196 196 196
0.079672 0.042062 0.294326 180 184 185
0.079329 0.043322 0.291658 96 100 103
0.079488 0.044992 0.288202 53 54 56
0.079632 0.046668 0.284734 138 138 138
0.078749 0.047528 0.282822 193 192 190
0.077860 0.048391 0.280905 75 76 78
0.165291 0.058027 0.277548 70 74 77
0.163152 0.058144 0.277006 70 74 77
0.161018 0.058259 0.276468 68 73 76
0.158889 0.058372 0.275934 67 72 75
0.156183 0.058096 0.276124 67 72 75
0.152907 0.057427 0.277046 69 74 77
0.149067 0.056364 0.278704 70 76 76
0.146398 0.056076 0.278924 70 76 76
0.142593 0.055002 0.280610 67 73 73
0.110686 0.038809 0.309617 63 72 79
0.108172 0.038470 0.309964 157 164 172
0.106226 0.038524 0.309578 163 166 173
0.104285 0.038576 0.309196 38 39 44
0.101796 0.038230 0.309563 142 143 148
0.099867 0.038278 0.309191 161 164 169
0.097943 0.038325 0.308823 156 161 167
0.096023 0.038370 0.308459 157 161 170
0.094109 0.038414 0.308099 45 50 56
0.091659 0.038055 0.308498 117 121 124
0.089757 0.038095 0.308147 150 149 154
0.087324 0.037730 0.308560 44 43 49
0.085434 0.037766 0.308219 42 42 52
0.083549 0.037800 0.307883 169 173 182
0.082197 0.038238 0.306786 158 161 168
0.080846 0.038676 0.305689 193 194 196
0.080018 0.039522 0.303824 42 42 44
0.079185 0.040369 0.301955 53 53 55
0.079385 0.042035 0.298537 186 186 186
0.079571 0.043705 0.295107 189 189 191
0.079741 0.045381 0.291665 82 81 86
0.079386 0.046650 0.288989 58 58 60
0.079530 0.048334 0.285526 99 101 100
0.079153 0.049610 0.282833 193 195 192
0.078261 0.050476 0.280916 69 73 74
0.166229 0.056063 0.286437 68 72 73
0.164098 0.056175 0.285899 65 69 72
0.161972 0.056284 0.285365 68 72 75
0.159850 0.056392 0.284835 65 69 72
0.157734 0.056499 0.284310 65 69 72
0.155035 0.056214 0.284503 64 68 71
0.152931 0.056317 0.283988 64 69 72
0.150249 0.056027 0.284195 65 70 73
0.147577 0.055733 0.284411 68 73 76
0.144915 0.055437 0.284634 66 72 72
0.141688 0.054744 0.285591 68 74 74
0.137903 0.053652 0.287288 67 73 73
0.134708 0.052949 0.288270 68 72 73
0.132662 0.053032 0.287802 70 74 77
0.108630 0.040531 0.310017 163 170 178
0.106124 0.040184 0.310367 169 172 179
0.104183 0.040234 0.309984 34 33 39
0.102247 0.040282 0.309605 123 122 127
0.099765 0.039927 0.309975 170 171 176
0.097841 0.039971 0.309605 163 164 169
0.095922 0.040013 0.309240 163 164 169
0.094008 0.040054 0.308878 32 32 40
0.092099 0.040093 0.308521 103 104 109
0.090195 0.040131 0.308167 159 157 160
0.087760 0.039761 0.308575 61 60 65
0.085867 0.039795 0.308231 42 45 52
0.083980 0.039827 0.307892 172 177 183
0.082098 0.039857 0.307556 158 161 166
0.080746 0.040296 0.306459 184 185 187
0.079918 0.041144 0.304595 48 48 50
0.079606 0.042405 0.301958 48 46 49
0.079803 0.044080 0.298542 58 56 57
0.079470 0.045348 0.295888 55 53 56
0.079640 0.047032 0.292450 54 52 55
0.079795 0.048721 0.289000 60 60 62
0.079936 0.050415 0.285539 146 148 147
0.079050 0.051282 0.283627 183 188 184
0.078158 0.052151 0.281712 68 72 71
0.165847 0.056241 0.290663 66 72 72
0.163720 0.056348 0.290128 63 69 69
0.161003 0.056064 0.290303 64 68 71
0.158889 0.056167 0.289778 64 68 71
0.156780 0.056268 0.289257 64 68 71
0.154675 0.056368 0.288739 68 72 75
0.151989 0.056073 0.288940 68 72 75
0.149897 0.056169 0.288433 65 69 72
0.147810 0.056263 0.287929 65 70 73
0.142830 0.054382 0.291031 67 73 73
0.140765 0.054469 0.290545 67 73 73
0.138130 0.054158 0.290788 66 72 72
0.134933 0.053446 0.291764 64 70 70
0.132320 0.053128 0.292024 69 73 74
0.129150 0.052408 0.293023 65 69 72
0.124299 0.050485 0.296229 65 69 72
0.109647 0.043000 0.309337 170 175 181
0.106022 0.041845 0.311156 173 174 179
0.104081 0.041891 0.310772 29 27 32
0.102145 0.041936 0.310391 37 35 40
0.099664 0.041575 0.310758 41 39 44
0.098288 0.042022 0.309642 37 35 40
0.095821 0.041656 0.310021 35 33 38
0.093907 0.041694 0.309658 34 33 41
0.091998 0.041730 0.309299 43 40 47
0.090094 0.041765 0.308944 68 66 69
0.088195 0.041798 0.308593 49 48 53
0.085767 0.041420 0.309004 40 45 51
0.084411 0.041860 0.307903 171 178 184
0.082526 0.041888 0.307564 160 163 168
0.081172 0.042327 0.306465 189 189 189
0.080342 0.043179 0.304601 65 60 64
0.080027 0.044447 0.301964 51 45 47
0.079703 0.045717 0.299320 46 44 45
0.079885 0.047406 0.295897 64 65 67
0.080052 0.049100 0.292461 168 169 171
0.079693 0.050381 0.289789 190 191 193
0.079325 0.051666 0.287110 183 185 184
0.078441 0.052536 0.285201 202 202 200
0.077552 0.053407 0.283289 74 76 73
0.076658 0.054279 0.281373 74 78 77
0.075759 0.055153 0.279453 72 76 77
0.166364 0.055525 0.296799 66 70 71
0.163639 0.055237 0.296966 65 69 70
0.160924 0.054946 0.297140 64 68 69
0.158219 0.054653 0.297322 64 68 67
0.156120 0.054748 0.296808 64 68 69
0.153432 0.054448 0.297004 62 68 68
0.151345 0.054539 0.296499 62 68 68
0.149262 0.054629 0.295998 64 70 70
0.147185 0.054717 0.295501 63 68 71
0.145113 0.054803 0.295008 64 69 72
0.142464 0.054491 0.295236 64 69 72
0.140404 0.054574 0.294753 64 72 74
0.138348 0.054655 0.294274 62 71 70
0.135724 0.054335 0.294522 62 68 68
0.133109 0.054012 0.294777 60 66 66
0.131073 0.054086 0.294314 62 66 67
0.127341 0.052954 0.296041 66 70 73
0.124193 0.052218 0.297053 65 69 72
0.110104 0.045076 0.309397 172 179 185
0.106477 0.043910 0.311209 163 168 172
0.104534 0.043954 0.310821 64 68 71
0.102043 0.043591 0.311177 51 52 54
0.100113 0.043631 0.310799 38 39 43
0.098187 0.043670 0.310425 34 35 39
0.096266 0.043707 0.310055 30 31 36
0.094349 0.043743 0.309689 31 30 36
0.091898 0.043367 0.310077 35 34 40
0.089994 0.043399 0.309721 39 38 43
0.088095 0.043429 0.309368 42 41 47
0.086200 0.043458 0.309020 42 42 50
0.084311 0.043485 0.308676 175 178 185
0.082955 0.043925 0.307575 162 163 168
0.081598 0.044365 0.306474 189 187 192
0.080242 0.044804 0.305373 92 92 94
0.079927 0.046078 0.302740 92 90 91
0.079602 0.047354 0.300098 179 177 180
0.079268 0.048633 0.297449 140 138 141
0.079437 0.050335 0.294020 64 64 64
0.079080 0.051622 0.291353 195 195 195
0.078206 0.052491 0.289454 147 143 142
0.077326 0.053362 0.287551 83 78 75
0.075938 0.053812 0.286425 71 71 69
0.075051 0.054685 0.284516 74 78 77
0.074658 0.055984 0.281819 71 77 77
0.164401 0.053236 0.305660 64 68 69
0.162294 0.053331 0.305138 62 66 67
0.160193 0.053424 0.304620 63 67 68
0.157493 0.053122 0.304803 64 68 69
0.155404 0.053211 0.304295 62 66 67
0.152721 0.052904 0.304492 63 67 68
0.150644 0.052990 0.303994 62 68 68
0.148571 0.053073 0.303500 63 69 69
0.146504 0.053155 0.303009 62 68 68
0.144442 0.053235 0.302523 63 68 71
0.142384 0.053314 0.302040 64 69 72
0.140332 0.053391 0.301562 64 69 72
0.138284 0.053467 0.301087 61 69 71
0.136241 0.053541 0.300617 60 68 70
0.133626 0.053212 0.300870 61 66 69
0.131596 0.053282 0.300409 61 67 67
0.129570 0.053350 0.299952 60 66 66
0.126980 0.053013 0.300225 60 65 68
0.124966 0.053078 0.299778 64 68 71
0.121828 0.052330 0.300794 68 72 75
0.117019 0.050359 0.304015 70 75 81
0.111120 0.047564 0.308727 169 177 180
0.106932 0.045981 0.311264 157 162 166
0.104432 0.045614 0.311610 155 160 163
0.102494 0.045654 0.311225 158 162 163
0.100011 0.045283 0.311584 156 160 163
0.098085 0.045319 0.311209 154 158 161
0.096164 0.045353 0.310837 159 162 167
0.094248 0.045386 0.310470 161 166 170
0.092337 0.045417 0.310106 162 166 169
0.089893 0.045033 0.310497 162 166 169
0.087994 0.045060 0.310144 153 158 162
0.086100 0.045086 0.309794 142 149 155
0.084211 0.045110 0.309448 163 170 176
0.082855 0.045550 0.308347 160 165 169
0.081498 0.045990 0.307246 188 189 193
0.080142 0.046430 0.306146 188 188 190
0.079306 0.047289 0.304280 192 190 191
0.078983 0.048570 0.301643 59 54 58
0.079167 0.050276 0.298230 49 47 50
0.078822 0.051565 0.295576 48 46 49
0.077957 0.052434 0.293686 78 76 77
0.077595 0.053728 0.291018 80 79 77
0.076212 0.054176 0.289895 73 69 66
0.075332 0.055050 0.287994 67 67 65
0.073946 0.055499 0.286869 71 75 74
0.165694 0.051619 0.313581 57 63 63
0.163593 0.051709 0.313062 58 64 64
0.161497 0.051798 0.312546 61 65 66
0.158794 0.051491 0.312725 62 66 67
0.156710 0.051576 0.312219 61 65 66
0.154025 0.051264 0.312412 62 66 67
0.151953 0.051345 0.311916 62 66 67
0.149886 0.051424 0.311425 63 67 68
0.147824 0.051501 0.310937 62 68 68
0.145767 0.051577 0.310453 62 68 68
0.143714 0.051651 0.309973 63 68 71
0.141667 0.051724 0.309497 63 68 71
0.139624 0.051795 0.309025 63 68 71
0.137586 0.051864 0.308557 64 69 72
0.135553 0.051932 0.308093 63 68 71
0.133525 0.051998 0.307633 58 66 68
0.131502 0.052063 0.307177 61 66 69
0.129484 0.052126 0.306725 62 67 70
0.127470 0.052188 0.306277 62 67 70
0.125462 0.052248 0.305833 62 67 70
0.123458 0.052306 0.305392 64 69 72
0.121459 0.052363 0.304956 65 70 73
0.118337 0.051602 0.305979 64 68 71
0.114667 0.050427 0.307745 64 69 75
0.110458 0.048835 0.310257 116 121 125
0.106829 0.047647 0.312056 136 141 145
0.104330 0.047275 0.312399 157 161 164
0.102392 0.047312 0.312012 156 160 163
0.099909 0.046934 0.312369 163 167 170
0.097984 0.046967 0.311992 164 168 171
0.096063 0.046999 0.311619 164 168 171
0.094147 0.047029 0.311250 153 158 162
0.092236 0.047057 0.310885 155 163 165
0.089793 0.046667 0.311274 155 160 163
0.087894 0.046691 0.310919 153 161 164
0.086000 0.046714 0.310568 152 161 166
0.084111 0.046735 0.310220 152 161 166
0.082227 0.046755 0.309877 153 161 164
0.080873 0.047194 0.308778 174 179 182
0.079519 0.047633 0.307680 183 184 186
0.078685 0.048495 0.305817 185 183 184
0.077847 0.049358 0.303951 37 32 36
0.077519 0.050647 0.301313 59 57 60
0.076668 0.051514 0.299437 54 54 56
0.076323 0.052808 0.296785 67 67 69
0.075461 0.053679 0.294899 68 68 68
0.074087 0.054125 0.293785 70 70 70
0.072714 0.054570 0.292670 68 70 69
0.071340 0.055015 0.291555 69 73 74
0.166291 0.049605 0.322107 59 63 64
0.164820 0.050082 0.320913 60 64 65
0.162109 0.049773 0.321081 62 66 67
0.160025 0.049855 0.320574 62 66 67
0.157946 0.049935 0.320071 61 65 66
0.155259 0.049618 0.320258 62 66 67
0.153192 0.049694 0.319765 63 67 68
0.150522 0.049372 0.319967 63 67 68
0.148467 0.049444 0.319484 63 67 68
0.146417 0.049514 0.319005 64 68 69
0.144372 0.049583 0.318529 62 68 68
0.142332 0.049651 0.318058 63 68 71
0.140893 0.050117 0.316890 62 67 70
0.138860 0.050182 0.316424 63 68 71
0.136832 0.050246 0.315963 63 68 71
0.134809 0.050307 0.315505 63 68 72
0.132791 0.050368 0.315052 63 68 72
0.130778 0.050426 0.314602 65 70 74
0.128769 0.050483 0.314157 66 71 74
0.127345 0.050945 0.313000 67 72 75
0.125344 0.051000 0.312561 67 72 75
0.123347 0.051053 0.312125 67 72 75
0.121928 0.051514 0.310973 68 73 76
0.119939 0.051564 0.310543 66 71 74
0.117388 0.051203 0.310842 65 70 73
0.114847 0.050839 0.311148 65 70 73
0.111755 0.050059 0.312191 63 68 72
0.108677 0.049275 0.313246 70 75 79
0.106170 0.048899 0.313580 66 69 74
0.103673 0.048521 0.313923 67 71 74
0.101186 0.048139 0.314273 66 70 73
0.099258 0.048170 0.313893 62 66 69
0.097335 0.048199 0.313516 65 69 72
0.095417 0.048227 0.313144 58 62 65
0.093504 0.048253 0.312776 56 59 64
0.091596 0.048278 0.312411 61 65 68
0.089155 0.047881 0.312799 71 72 76
0.087259 0.047902 0.312444 85 86 90
0.084835 0.047499 0.312846 95 98 103
0.082951 0.047516 0.312501 123 128 134
0.081072 0.047531 0.312161 148 151 156
0.079723 0.047969 0.311066 140 141 145
0.078374 0.048406 0.309971 89 89 91
0.077545 0.049269 0.308114 78 76 77
0.076194 0.049707 0.307017 64 62 65
0.075357 0.050572 0.305154 64 62 65
0.074516 0.051439 0.303287 62 62 64
0.073160 0.051879 0.302186 68 69 71
0.072311 0.052748 0.300314 61 65 66
0.070953 0.053189 0.299211 73 74 76
0.069594 0.053630 0.298108 68 69 71
0.068235 0.054070 0.297005 68 72 73
0.165346 0.048057 0.329362 61 65 66
0.163263 0.048136 0.328853 58 62 63
0.161184 0.048213 0.328349 60 64 65
0.158487 0.047893 0.328526 60 64 65
0.156420 0.047967 0.328032 61 65 66
0.154359 0.048038 0.327541 62 66 67
0.151686 0.047711 0.327738 62 66 67
0.149637 0.047778 0.327257 61 65 66
0.147592 0.047844 0.326781 62 66 67
0.145552 0.047909 0.326308 65 69 70
0.143517 0.047972 0.325839 63 67 68
0.141487 0.048033 0.325374 63 67 68
0.139462 0.048092 0.324913 63 68 71
0.138039 0.048554 0.323759 64 69 72
0.136021 0.048611 0.323304 66 71 74
0.134008 0.048667 0.322853 63 68 71
0.132000 0.048721 0.322406 68 73 77
0.129997 0.048773 0.321963 68 73 77
0.127999 0.048824 0.321524 65 70 74
0.126005 0.048874 0.321089 70 75 79
0.124597 0.049330 0.319947 68 73 77
0.122611 0.049377 0.319517 68 73 77
0.121206 0.049833 0.318377 67 72 75
0.119227 0.049878 0.317954 68 73 76
0.117824 0.050332 0.316815 69 74 77
0.115853 0.050375 0.316398 69 74 77
0.113886 0.050415 0.315985 69 74 78
0.111360 0.050040 0.316300 72 77 81
0.108844 0.049662 0.316624 69 74 78
0.106338 0.049281 0.316956 71 76 80
0.104398 0.049313 0.316564 65 69 72
0.101909 0.048926 0.316909 61 65 68
0.099981 0.048954 0.316528 62 66 69
0.098058 0.048981 0.316150 63 67 70
0.096687 0.049425 0.315037 64 68 71
0.094228 0.049029 0.315407 67 71 74
0.092319 0.049050 0.315041 68 69 74
0.090416 0.049071 0.314679 70 69 74
0.087981 0.048666 0.315068 73 71 76
0.085555 0.048259 0.315465 75 74 79
0.083671 0.048273 0.315119 70 71 76
0.081792 0.048285 0.314777 77 78 83
0.079918 0.048296 0.314439 81 80 86
0.078574 0.048731 0.313348 82 81 86
0.076707 0.048740 0.313015 86 86 86
0.075366 0.049175 0.311927 80 80 82
0.074541 0.050039 0.310075 71 71 73
0.073197 0.050475 0.308984 68 68 70
0.071853 0.050911 0.307893 68 69 73
0.070509 0.051347 0.306802 65 69 72
0.069164 0.051782 0.305711 65 70 73
0.067820 0.052218 0.304620 66 71 74
0.066979 0.053088 0.302755 68 72 73
0.065632 0.053525 0.301662 70 74 77
0.166424 0.046419 0.337059 60 64 65
0.164345 0.046493 0.336553 59 63 64
0.162271 0.046566 0.336051 57 61 62
0.160202 0.046637 0.335553 59 63 64
0.158138 0.046706 0.335059 59 63 64
0.155454 0.046377 0.335244 62 66 67
0.153402 0.046442 0.334760 61 65 66
0.151355 0.046506 0.334279 62 66 67
0.148696 0.046169 0.334484 61 65 66
0.146661 0.046229 0.334013 63 67 68
0.144631 0.046287 0.333547 63 67 68
0.142606 0.046344 0.333085 63 67 68
0.140586 0.046399 0.332627 63 67 68
0.139175 0.046856 0.331482 64 68 69
0.137163 0.046909 0.331030 65 69 72
0.135155 0.046960 0.330582 62 67 70
0.133151 0.047010 0.330137 63 68 71
0.131153 0.047058 0.329697 67 72 75
0.129160 0.047104 0.329260 68 73 76
0.127171 0.047149 0.328828 68 73 77
0.125776 0.047602 0.327695 68 73 77
0.123795 0.047644 0.327268 69 74 78
0.121818 0.047685 0.326846 67 75 78
0.119847 0.047725 0.326427 69 74 78
0.118459 0.048175 0.325301 69 74 78
0.117071 0.048625 0.324174 68 73 77
0.115683 0.049075 0.323047 68 73 76
0.113723 0.049110 0.322639 68 73 76
0.111769 0.049144 0.322234 69 74 78
0.110386 0.049593 0.321111 70 75 79
0.107875 0.049207 0.321436 69 77 80
0.105935 0.049236 0.321043 71 76 80
0.104001 0.049264 0.320654 72 77 81
0.102071 0.049290 0.320269 69 73 76
0.100146 0.049314 0.319888 62 66 69
0.098225 0.049337 0.319511 60 64 67
0.096310 0.049358 0.319138 59 63 66
0.093853 0.048955 0.319506 59 63 64
0.091950 0.048972 0.319143 60 64 65
0.089510 0.048563 0.319525 59 64 68
0.087080 0.048152 0.319915 62 66 69
0.085196 0.048163 0.319568 66 67 71
0.083317 0.048172 0.319224 68 69 73
0.080912 0.047752 0.319634 69 72 77
0.079575 0.048186 0.318549 70 73 78
0.077711 0.048190 0.318218 72 76 79
0.076376 0.048623 0.317135 74 78 79
0.074519 0.048625 0.316809 78 79 81
0.073187 0.049057 0.315728 73 74 76
0.071855 0.049489 0.314647 69 70 72
0.070523 0.049921 0.313566 69 70 74
0.068679 0.049919 0.313250 65 69 72
0.067349 0.050350 0.312171 63 68 71
0.066020 0.050781 0.311092 64 72 74
0.064690 0.051213 0.310013 68 73 76
0.063360 0.051644 0.308934 67 72 75
0.062531 0.052512 0.307080 71 76 79
0.165356 0.044845 0.344179 58 62 63
0.163287 0.044913 0.343680 60 64 65
0.161223 0.044979 0.343185 60 64 65
0.159164 0.045044 0.342693 60 64 65
0.157110 0.045108 0.342206 61 65 66
0.155061 0.045169 0.341722 61 65 66
0.153016 0.045230 0.341243 61 65 66
0.150352 0.044888 0.341440 62 66 67
0.148320 0.044944 0.340971 62 66 67
0.145673 0.044597 0.341182 62 66 67
0.144270 0.045052 0.340043 64 68 69
0.142253 0.045103 0.339586 63 67 68
0.140852 0.045557 0.338449 63 67 68
0.138842 0.045606 0.337998 64 68 69
0.136837 0.045654 0.337550 65 69 70
0.134836 0.045700 0.337106 64 68 71
0.132841 0.045744 0.336666 66 70 73
0.130850 0.045787 0.336230 66 71 74
0.128864 0.045828 0.335798 65 70 73
0.126883 0.045868 0.335370 67 72 75
0.124907 0.045906 0.334946 68 73 76
0.122936 0.045942 0.334526 68 73 77
0.120969 0.045977 0.334110 66 71 75
0.119008 0.046010 0.333698 66 74 77
0.117051 0.046042 0.333290 66 74 77
0.115100 0.046072 0.332885 70 73 78
0.113731 0.046516 0.331775 70 73 78
0.112362 0.046960 0.330664 69 74 78
0.110420 0.046987 0.330268 69 74 78
0.109054 0.047430 0.329159 72 77 81
0.107688 0.047873 0.328050 71 76 80
0.105756 0.047896 0.327662 69 77 80
0.104392 0.048339 0.326555 69 77 80
0.103028 0.048781 0.325448 75 80 83
0.101106 0.048801 0.325068 73 78 81
0.099188 0.048821 0.324691 70 75 78
0.097276 0.048838 0.324319 64 68 71
0.095368 0.048854 0.323950 58 62 65
0.093465 0.048868 0.323585 57 61 64
0.091020 0.048455 0.323961 57 63 63
0.088586 0.048039 0.324344 58 64 64
0.086161 0.047620 0.324736 59 67 70
0.083745 0.047198 0.325135 59 67 69
0.081877 0.047201 0.324798 62 68 68
0.080013 0.047203 0.324465 62 67 70
0.078154 0.047203 0.324136 65 70 74
0.076829 0.047632 0.323061 67 75 78
0.075504 0.048062 0.321986 68 76 78
0.073655 0.048059 0.321665 70 79 78
0.071811 0.048054 0.321347 75 80 83
0.070491 0.048482 0.320276 71 76 79
0.068654 0.048475 0.319965 68 72 75
0.067337 0.048902 0.318896 66 70 73
0.066019 0.049329 0.317827 65 70 73
0.064702 0.049756 0.316758 66 74 76
0.063384 0.050184 0.315689 68 73 76
0.062067 0.050611 0.314619 75 80 84
0.060750 0.051038 0.313550 76 84 86
0.059432 0.051465 0.312481 81 86 89
0.145878 0.043755 0.346943 63 67 68
0.139231 0.043488 0.346261 64 68 69
0.137233 0.043531 0.345818 65 69 70
0.135240 0.043571 0.345379 65 69 70
0.133252 0.043610 0.344943 66 70 71
0.131268 0.043648 0.344512 66 70 73
0.129290 0.043684 0.344085 68 72 75
0.127919 0.044128 0.342972 69 73 76
0.125948 0.044162 0.342550 69 74 77
0.124579 0.044606 0.341440 67 72 75
0.122020 0.044224 0.341719 68 73 76
0.120657 0.044666 0.340613 67 72 75
0.118703 0.044694 0.340205 68 73 77
0.116166 0.044306 0.340502 68 76 79
0.114809 0.044746 0.339402 68 76 79
0.112287 0.044352 0.339711 68 76 79
0.110936 0.044790 0.338614 70 73 78
0.109006 0.044810 0.338226 74 77 82
0.107657 0.045248 0.337131 73 76 81
0.105735 0.045266 0.336750 71 76 80
0.104388 0.045702 0.335657 71 76 80
0.103041 0.046139 0.334564 70 78 81
0.101129 0.046153 0.334190 70 78 81
0.099785 0.046589 0.333099 71 79 82
0.099001 0.047449 0.331285 76 81 84
0.097655 0.047886 0.330192 75 80 83
0.095752 0.047897 0.329826 72 77 80
0.094408 0.048333 0.328735 69 74 77
0.091961 0.047915 0.329106 69 73 76
0.089524 0.047494 0.329485 67 72 75
0.087097 0.047070 0.329871 67 73 73
0.084680 0.046642 0.330266 66 72 72
0.082272 0.046212 0.330668 64 72 75
0.080413 0.046209 0.330338 63 68 71
0.078559 0.046204 0.330011 66 70 71
0.077245 0.046631 0.328944 68 69 73
0.075398 0.046624 0.328624 66 69 74
0.074085 0.047050 0.327558 69 74 78
0.072246 0.047040 0.327244 69 74 77
0.070936 0.047465 0.326181 71 77 77
0.069104 0.047454 0.325872 68 76 78
0.067277 0.047440 0.325567 67 75 78
0.065455 0.047426 0.325267 67 72 75
0.064152 0.047848 0.324209 67 72 75
0.062337 0.047831 0.323915 68 76 78
0.061546 0.048693 0.322095 72 80 82
0.060244 0.049115 0.321038 79 84 87
0.058941 0.049538 0.319980 84 87 92
0.058643 0.050846 0.317382 83 91 93
0.057335 0.051270 0.316321 83 91 93
0.113882 0.042988 0.346562 69 77 80
0.111953 0.043005 0.346173 69 77 80
0.110028 0.043021 0.345788 71 79 82
0.108108 0.043035 0.345407 68 76 79
0.106774 0.043468 0.344324 72 77 80
0.104862 0.043479 0.343948 72 77 80
0.103530 0.043911 0.342867 73 78 81
0.101625 0.043920 0.342498 72 77 80
0.100295 0.044352 0.341419 71 76 79
0.098965 0.044783 0.340340 75 80 83
0.097636 0.045214 0.339261 75 80 83
0.096306 0.045645 0.338182 75 80 83
0.094977 0.046076 0.337103 75 83 85
0.093647 0.046507 0.336024 77 82 85
0.091762 0.046510 0.335670 78 83 86
0.089328 0.046082 0.336048 77 82 85
0.087454 0.046081 0.335704 78 83 86
0.085037 0.045648 0.336096 76 81 84
0.083176 0.045643 0.335762 76 81 84
0.080776 0.045204 0.336168 78 83 86
0.078927 0.045195 0.335844 77 82 85
0.077083 0.045185 0.335524 75 80 83
0.075781 0.045607 0.334467 76 81 84
0.074478 0.046030 0.333409 77 81 84
0.072644 0.046016 0.333097 76 81 84
0.070814 0.046001 0.332789 77 81 84
0.068463 0.045546 0.333235 78 82 85
0.067170 0.045965 0.332185 76 80 83
0.065356 0.045945 0.331889 74 79 82
0.063546 0.045924 0.331597 72 77 80
0.061741 0.045901 0.331309 72 77 80
0.059941 0.045876 0.331024 74 79 82
0.058657 0.046292 0.329983 80 85 88
0.057374 0.046708 0.328942 83 88 91
0.056598 0.047568 0.327135 87 92 95
0.055312 0.047985 0.326092 88 93 96
0.055031 0.049293 0.323510 89 94 97
0.052741 0.048819 0.324005 84 88 91
0.098663 0.043386 0.346806 74 79 82
0.096775 0.043386 0.346449 77 82 85
0.094892 0.043386 0.346096 77 82 85
0.093014 0.043383 0.345747 77 82 85
0.091141 0.043379 0.345402 78 83 86
0.089273 0.043374 0.345061 77 85 87
0.087410 0.043366 0.344724 78 86 88
0.085551 0.043358 0.344391 81 89 91
0.083698 0.043347 0.344062 82 87 90
0.081849 0.043336 0.343736 79 84 87
0.080005 0.043322 0.343415 80 85 88
0.078166 0.043307 0.343098 82 87 90
0.076875 0.043726 0.342050 84 89 92
0.075044 0.043708 0.341739 81 86 89
0.073217 0.043689 0.341431 83 88 91
0.071931 0.044106 0.340388 82 87 90
0.070112 0.044085 0.340087 82 87 90
0.068297 0.044062 0.339789 86 91 94
0.067017 0.044477 0.338750 85 90 93
0.064683 0.044011 0.339206 85 90 93
0.062883 0.043983 0.338920 83 88 91
0.061610 0.044396 0.337887 81 86 89
0.059817 0.044366 0.337607 80 85 88
0.058546 0.044778 0.336575 80 85 88
0.057275 0.045190 0.335544 83 88 91
0.055492 0.045157 0.335272 85 90 93
0.054223 0.045569 0.334243 87 92 95
0.053462 0.046427 0.332449 84 89 92
0.054209 0.048630 0.328355 83 88 91
0.052928 0.049045 0.327316 86 91 94
0.047151 0.045417 0.333203 83 88 91
0.066282 0.042534 0.346001 87 92 95
0.064485 0.042503 0.345716 87 92 95
0.062693 0.042470 0.345435 87 92 95
0.060905 0.042435 0.345158 88 93 96
0.059646 0.042843 0.344136 90 95 98
0.057866 0.042806 0.343865 86 91 94
0.056091 0.042768 0.343598 87 92 95
0.054837 0.043174 0.342580 86 91 94
0.053583 0.043581 0.341562 85 90 93
0.051817 0.043539 0.341303 85 90 93
0.050566 0.043945 0.340287 86 91 94
0.048808 0.043901 0.340034 87 92 95
0.048567 0.045207 0.337492 87 92 95
0.046309 0.044711 0.338006 83 91 94
0.045060 0.045116 0.336993 82 90 93
0.045170 0.042228 0.346072 85 90 93
0.044946 0.043535 0.343546 85 90 93
0.045214 0.045299 0.340248 82 90 93
0.042971 0.044792 0.340771 83 91 94
0.039158 0.044384 0.344309 84 92 95
