{
  "frame_id": "000002",
  "T_obj_in_cam0": [
    [
      0.9511974802222536,
      -0.031003214603781793,
      -0.307021423198918,
      -0.06063777731843249
    ],
    [
      -0.06461308121072325,
      0.9528749010355455,
      -0.2964027204884581,
      0.04322442312028018
    ],
    [
      0.30174244539891043,
      0.30177512101022064,
      0.90436899160905,
      0.32935623680020915
    ],
    [
      0.0,
      0.0,
      0.0,
      1.0
    ]
  ],
  "rotation_matrix": [
    [
      0.9511974802222536,
      -0.031003214603781793,
      -0.307021423198918
    ],
    [
      -0.06461308121072325,
      0.9528749010355455,
      -0.2964027204884581
    ],
    [
      0.30174244539891043,
      0.30177512101022064,
      0.90436899160905
    ]
  ],
  "translation_m": [
    -0.06063777731843249,
    0.04322442312028018,
    0.32935623680020915
  ],
  "rvec_rad": [
    0.30901928243769994,
    -0.31448803482386056,
    -0.01736289133626599
  ],
  "euler_xyz_deg": [
    17.705500671841367,
    -18.01883710277047,
    -0.9948203937123035
  ],
  "scale_glb_to_real": 0.049988165449240375,
  "real_size_m": 0.0500037483746375,
  "score": 0.24601032392199723,
  "fitness": 1.0,
  "rmse": 0.0039831439510127475
}