{
  "frame_id": "000000",
  "T_obj_in_cam0": [
    [
      -0.24783117455561693,
      0.05843833116713551,
      -0.967039125562556,
      -0.062167330178296176
    ],
    [
      -0.15974341459017505,
      0.9820514749779444,
      0.10028430579468724,
      0.052381882896744225
    ],
    [
      0.9555426470929845,
      0.17933170925425035,
      -0.2340478319542667,
      0.25785109732948397
    ],
    [
      0.0,
      0.0,
      0.0,
      1.0
    ]
  ],
  "rotation_matrix": [
    [
      -0.24783117455561693,
      0.05843833116713551,
      -0.967039125562556
    ],
    [
      -0.15974341459017505,
      0.9820514749779444,
      0.10028430579468724
    ],
    [
      0.9555426470929845,
      0.17933170925425035,
      -0.2340478319542667
    ]
  ],
  "translation_m": [
    -0.062167330178296176,
    0.052381882896744225,
    0.25785109732948397
  ],
  "rvec_rad": [
    0.07442879162186126,
    -1.8102484315777523,
    -0.2054337395025491
  ],
  "euler_xyz_deg": [
    4.264455634191312,
    -103.71959499958197,
    -11.770486243086044
  ],
  "scale_glb_to_real": 0.03998974378474391,
  "real_size_m": 0.04000220987923743,
  "score": 0.25599694162021835,
  "fitness": 1.0,
  "rmse": 0.0032227556717481787
}