{
  "frame_id": "000001",
  "T_obj_in_cam0": [
    [
      0.8984409881510591,
      0.039065199012750226,
      -0.43735306222346915,
      -0.06262743672404292
    ],
    [
      -0.13704706279374743,
      0.9712254609080531,
      -0.19477989286254224,
      0.051875787587484415
    ],
    [
      0.4171593141591791,
      0.23493619199695778,
      0.877942533597852,
      0.2579792745079229
    ],
    [
      0.0,
      0.0,
      0.0,
      1.0
    ]
  ],
  "rotation_matrix": [
    [
      0.8984409881510591,
      0.039065199012750226,
      -0.43735306222346915
    ],
    [
      -0.13704706279374743,
      0.9712254609080531,
      -0.19477989286254224
    ],
    [
      0.4171593141591791,
      0.23493619199695778,
      0.877942533597852
    ]
  ],
  "translation_m": [
    -0.06262743672404292,
    0.051875787587484415,
    0.2579792745079229
  ],
  "rvec_rad": [
    0.2243784489628343,
    -0.4461880027017686,
    -0.09195791719176308
  ],
  "euler_xyz_deg": [
    12.85593813926195,
    -25.564689424183115,
    -5.26880054790154
  ],
  "scale_glb_to_real": 0.03998856039292312,
  "real_size_m": 0.04000102611851519,
  "score": 0.2837352217691419,
  "fitness": 1.0,
  "rmse": 0.003260179515434222
}