{
  "frame_id": "000004",
  "object_name": "knife",
  "label": "yellow box-cutter",
  "coordinate_frame": "base (= cam0)",
  "unit": "meter",
  "position_m": [
    -0.063565490229356,
    0.06091808222769659,
    0.33244911684019096
  ],
  "quaternion_xyzw": [
    0.9558501444984987,
    0.046381226940173735,
    -0.2537280079987523,
    -0.14078842639474393
  ],
  "euler_xyz_deg": [
    -160.6105060305911,
    28.16368115433543,
    10.463753469604692
  ],
  "T_base_obj": [
    [
      0.8669417594891463,
      0.017223070988696264,
      -0.49811178612757884,
      -0.063565490229356
    ],
    [
      0.16011093890228542,
      -0.9560548015597196,
      0.24560884278559258,
      0.06091808222769659
    ],
    [
      -0.47199202630713627,
      -0.29268170806581584,
      -0.8316014338987703,
      0.33244911684019096
    ],
    [
      0.0,
      0.0,
      0.0,
      1.0
    ]
  ],
  "rotation_matrix": [
    [
      0.8669417594891463,
      0.017223070988696264,
      -0.49811178612757884
    ],
    [
      0.16011093890228542,
      -0.9560548015597196,
      0.24560884278559258
    ],
    [
      -0.47199202630713627,
      -0.29268170806581584,
      -0.8316014338987703
    ]
  ],
  "scale": 0.1349479103594827,
  "anisotropic_scale_xyz": [
    0.1349479103594827,
    0.1349479103594827,
    0.1349479103594827
  ],
  "real_size_m": {
    "x": 0.04097201526445192,
    "y": 0.023816438078447296,
    "z": 0.1349111675497983
  },
  "fitness": 1.0,
  "rmse": 0.004489715056176736
}