{
  "frame_id": "000003",
  "object_name": "peg",
  "label": "검정 실린더",
  "coordinate_frame": "base (= cam0)",
  "unit": "meter",
  "position_m": [
    -0.19274458306115505,
    0.01921153084664897,
    -0.012936450471720345
  ],
  "quaternion_xyzw": [
    0.7429742884672705,
    0.4885082987192713,
    0.1952743455992625,
    0.41378349255345603
  ],
  "euler_xyz_deg": [
    125.81174859110098,
    6.552046125351167,
    63.29542799140046
  ],
  "T_base_obj": [
    [
      0.44645514406613374,
      0.5642956098451795,
      0.6944409759243706,
      -0.19274458306115505
    ],
    [
      0.887500812759009,
      -0.18028572674497345,
      -0.4240747152138246,
      0.01921153084664897
    ],
    [
      -0.11410570401558429,
      0.8056472686216304,
      -0.5813023024809181,
      -0.012936450471720345
    ],
    [
      0.0,
      0.0,
      0.0,
      1.0
    ]
  ],
  "rotation_matrix": [
    [
      0.44645514406613374,
      0.5642956098451795,
      0.6944409759243706
    ],
    [
      0.887500812759009,
      -0.18028572674497345,
      -0.4240747152138246
    ],
    [
      -0.11410570401558429,
      0.8056472686216304,
      -0.5813023024809181
    ]
  ],
  "scale": 0.3745986744061302,
  "anisotropic_scale_xyz": [
    0.3745986744061302,
    0.3745986744061302,
    0.3745986744061302
  ],
  "real_size_m": {
    "x": 0.24682574317178446,
    "y": 0.37471544890954867,
    "z": 0.23813905978670713
  },
  "fitness": 0.07625,
  "rmse": 0.015280303321041397
}