{
  "frame_id": "000004",
  "object_name": "knife",
  "label": "yellow box-cutter",
  "coordinate_frame": "base (= cam0)",
  "unit": "meter",
  "position_m": [
    0.04621557852014503,
    0.052505370845207615,
    0.3300436286553383
  ],
  "quaternion_xyzw": [
    0.013915097839502096,
    -0.41311149561975075,
    -0.05424729284507394,
    0.9089568160577874
  ],
  "euler_xyz_deg": [
    6.07984911506511,
    -48.54633250385252,
    -9.57459752935738
  ],
  "T_base_obj": [
    [
      0.6527922468118306,
      0.08711991940790753,
      -0.7525107322445443,
      0.04621557852014503
    ],
    [
      -0.11011386692876803,
      0.9937272025402081,
      0.019523914506455225,
      0.052505370845207615
    ],
    [
      0.7494913066955452,
      0.07011680661561477,
      0.6582905244763004,
      0.3300436286553383
    ],
    [
      0.0,
      0.0,
      0.0,
      1.0
    ]
  ],
  "rotation_matrix": [
    [
      0.6527922468118306,
      0.08711991940790753,
      -0.7525107322445443
    ],
    [
      -0.11011386692876803,
      0.9937272025402081,
      0.019523914506455225
    ],
    [
      0.7494913066955452,
      0.07011680661561477,
      0.6582905244763004
    ]
  ],
  "scale": 0.3525447082913254,
  "anisotropic_scale_xyz": [
    0.3525447082913254,
    0.3525447082913254,
    0.3525447082913254
  ],
  "real_size_m": {
    "x": 0.10703735338350817,
    "y": 0.06221926069501831,
    "z": 0.35244871952730905
  },
  "fitness": 0.152875,
  "rmse": 0.01653173445794619
}