{
  "frame_id": "000000",
  "object_name": "object_003",
  "label": "곤색 직사각형",
  "coordinate_frame": "base (= cam0)",
  "unit": "meter",
  "position_m": [
    -0.1621329318217806,
    0.05333897328131605,
    0.5111586668038085
  ],
  "quaternion_xyzw": [
    0.7364810254315416,
    -0.188433302831549,
    0.1355276290536027,
    0.6353903141584768
  ],
  "euler_xyz_deg": [
    99.98765423380125,
    -26.04547973758781,
    -6.732548503467525
  ],
  "T_base_obj": [
    [
      0.892250304294203,
      -0.44978098979180364,
      -0.039830336528629016,
      -0.1621329318217806
    ],
    [
      -0.10532921858661899,
      -0.12154407811492908,
      -0.9869816577744331,
      0.05333897328131605
    ],
    [
      0.4390844454075237,
      0.884829982704642,
      -0.15582282087309063,
      0.5111586668038085
    ],
    [
      0.0,
      0.0,
      0.0,
      1.0
    ]
  ],
  "rotation_matrix": [
    [
      0.892250304294203,
      -0.44978098979180364,
      -0.039830336528629016
    ],
    [
      -0.10532921858661899,
      -0.12154407811492908,
      -0.9869816577744331
    ],
    [
      0.4390844454075237,
      0.884829982704642,
      -0.15582282087309063
    ]
  ],
  "scale": 0.5163525207514823,
  "anisotropic_scale_xyz": [
    0.671258276976927,
    0.5163525207514823,
    0.671258276976927
  ],
  "real_size_m": {
    "x": 0.08196994675904555,
    "y": 0.028000823833895766,
    "z": 0.01574326536756481
  },
  "confidence": 0.5975957099165652,
  "fitness": 0.39966666666666667,
  "rmse": 0.002120184205460221,
  "depth_score": 0.5258807321393426,
  "coverage": 0.6101670902160101,
  "silhouette_score": 0.5975957099165652,
  "posed_glb_opencv": "/Users/woo/Documents/GitHub/Robot-Lab/rb-multiview-calibration-pose-estimation/src/output/pose_per_object/frame_000000/object_003_posed.glb",
  "posed_glb_isaac": "/Users/woo/Documents/GitHub/Robot-Lab/rb-multiview-calibration-pose-estimation/src/output/pose_per_object/frame_000000/object_003_posed_isaac.glb"
}