{
  "frame_id": "000000",
  "object_name": "object_002",
  "label": "노랑 실린더",
  "coordinate_frame": "base (= cam0)",
  "unit": "meter",
  "position_m": [
    -0.05784078493978663,
    0.009844509368842527,
    0.6362486053067601
  ],
  "quaternion_xyzw": [
    0.7034013420148569,
    0.2883365437965215,
    -0.2704563247206319,
    0.590713099551536
  ],
  "euler_xyz_deg": [
    102.99797031314979,
    46.1476087229361,
    7.139753389387146
  ],
  "T_base_obj": [
    [
      0.6874308278592314,
      0.7251568114532311,
      -0.039830336528629065,
      -0.05784078493978663
    ],
    [
      0.08610843597931701,
      -0.1358401430583308,
      -0.9869816577744339,
      0.009844509368842527
    ],
    [
      -0.7211270305299824,
      0.6750518901046456,
      -0.15582282087309077,
      0.6362486053067601
    ],
    [
      0.0,
      0.0,
      0.0,
      1.0
    ]
  ],
  "rotation_matrix": [
    [
      0.6874308278592314,
      0.7251568114532311,
      -0.039830336528629065
    ],
    [
      0.08610843597931701,
      -0.1358401430583308,
      -0.9869816577744339
    ],
    [
      -0.7211270305299824,
      0.6750518901046456,
      -0.15582282087309077
    ]
  ],
  "scale": 0.37692230645563746,
  "anisotropic_scale_xyz": [
    0.34030524425147873,
    0.34030524425147873,
    0.4256207244507828
  ],
  "real_size_m": {
    "x": 0.02421484199346178,
    "y": 0.02419032267302243,
    "z": 0.052020406718593766
  },
  "confidence": 0.6192298768530592,
  "fitness": 0.4365,
  "rmse": 0.0020996053598674384,
  "depth_score": 0.38635000599736113,
  "coverage": 0.694,
  "silhouette_score": 0.6192298768530592,
  "posed_glb_opencv": "/Users/woo/Documents/GitHub/Robot-Lab/rb-multiview-calibration-pose-estimation/src/output/pose_per_object/frame_000000/object_002_posed.glb",
  "posed_glb_isaac": "/Users/woo/Documents/GitHub/Robot-Lab/rb-multiview-calibration-pose-estimation/src/output/pose_per_object/frame_000000/object_002_posed_isaac.glb"
}