{
  "frame_id": "000000",
  "cluster_id": 3,
  "model_name": "object_001",
  "label": "빨강 아치",
  "symmetry": "none",
  "coordinate_frame": "base (= cam0)",
  "unit": "meter",
  "position_m": [
    0.05079618166271614,
    0.0908255199674035,
    0.12337854337819364
  ],
  "quaternion_xyzw": [
    0.6155678864298574,
    -0.045087960731883155,
    0.7867650485284055,
    0.006634109391169713
  ],
  "euler_xyz_deg": [
    -14.77178909788144,
    -75.74579299174846,
    -169.45276210797618
  ],
  "T_base_obj": [
    [
      -0.24206433157772864,
      -0.06594837217648827,
      0.9680163591515896,
      0.05079618166271614
    ],
    [
      -0.04507043058814271,
      -0.9958461287792524,
      -0.07911475261906742,
      0.0908255199674035
    ],
    [
      0.9692128330064701,
      -0.0627797738340002,
      0.23808650598663658,
      0.12337854337819364
    ],
    [
      0.0,
      0.0,
      0.0,
      1.0
    ]
  ],
  "rotation_matrix": [
    [
      -0.24206433157772864,
      -0.06594837217648827,
      0.9680163591515896
    ],
    [
      -0.04507043058814271,
      -0.9958461287792524,
      -0.07911475261906742
    ],
    [
      0.9692128330064701,
      -0.0627797738340002,
      0.23808650598663658
    ]
  ],
  "scale": 0.7765388879005534,
  "anisotropic_scale_xyz": [
    1.0095005542707194,
    0.7765388879005534,
    0.9034166737961161
  ],
  "real_size_m": {
    "x": 0.1227405105378699,
    "y": 0.030828530664379118,
    "z": 0.06685082829535337
  },
  "confidence": 0.5038349490613698,
  "fitness": 0.2865,
  "rmse": 0.003237981967061318,
  "depth_score": 0.47574862927035005,
  "coverage": 0.49535964912280706,
  "silhouette_score": 0.4321391059178298,
  "cluster_centroid_m": [
    0.04181201835779517,
    0.07701281826332687,
    0.13607222707021635
  ],
  "cluster_extents_m": [
    0.07693821138490817,
    0.015901286718863858,
    0.11295923424250909
  ],
  "posed_glb_opencv": "/Users/woo/Documents/GitHub/Robot-Lab/rb-multiview-calibration-pose-estimation/src/output/pose_per_object/frame_000000/cluster_03__object_001_posed.glb",
  "posed_glb_isaac": "/Users/woo/Documents/GitHub/Robot-Lab/rb-multiview-calibration-pose-estimation/src/output/pose_per_object/frame_000000/cluster_03__object_001_posed_isaac.glb",
  "object_name": "object_001"
}