{
  "frame_id": "000000",
  "object_name": "object_004",
  "label": "민트 실린더",
  "coordinate_frame": "base (= cam0)",
  "unit": "meter",
  "position_m": [
    0.021496821729704265,
    0.019956096815966405,
    0.5750280745627195
  ],
  "quaternion_xyzw": [
    -0.5963432072099438,
    -0.2578049044875931,
    -0.3295531667080445,
    0.6850592096668733
  ],
  "euler_xyz_deg": [
    -76.46164428264834,
    -48.26888674309218,
    -12.497930049880443
  ],
  "T_base_obj": [
    [
      0.6498626830694952,
      0.7590072710079789,
      0.03983033652862904,
      0.021496821729704265
    ],
    [
      -0.14404645670330038,
      0.07153897905440738,
      0.9869816577744334,
      0.019956096815966405
    ],
    [
      0.7462768329948936,
      -0.6471399671082956,
      0.15582282087309068,
      0.5750280745627195
    ],
    [
      0.0,
      0.0,
      0.0,
      1.0
    ]
  ],
  "rotation_matrix": [
    [
      0.6498626830694952,
      0.7590072710079789,
      0.03983033652862904
    ],
    [
      -0.14404645670330038,
      0.07153897905440738,
      0.9869816577744334
    ],
    [
      0.7462768329948936,
      -0.6471399671082956,
      0.15582282087309068
    ]
  ],
  "scale": 0.3540825598498751,
  "anisotropic_scale_xyz": [
    0.34908489659151154,
    0.34908489659151154,
    0.42479113229922477
  ],
  "real_size_m": {
    "x": 0.023545207390684237,
    "y": 0.023825685898852027,
    "z": 0.05192727214162485
  },
  "confidence": 0.5144829694998151,
  "fitness": 0.4206666666666667,
  "rmse": 0.002171693232318,
  "depth_score": 0.43358559498956156,
  "coverage": 0.6455215654952077,
  "silhouette_score": 0.5144829694998151,
  "posed_glb_opencv": "/Users/woo/Documents/GitHub/Robot-Lab/rb-multiview-calibration-pose-estimation/src/output/pose_per_object/frame_000000/object_004_posed.glb",
  "posed_glb_isaac": "/Users/woo/Documents/GitHub/Robot-Lab/rb-multiview-calibration-pose-estimation/src/output/pose_per_object/frame_000000/object_004_posed_isaac.glb"
}