{
  "coordinate_frame": "OpenCV (cam0 ref): X-right, Y-down, Z-forward",
  "unit": "meter / degree",
  "position": {
    "x": 0.064009,
    "y": 0.470851,
    "z": 0.264916
  },
  "rotation_euler_xyz_deg": {
    "rx": 61.08,
    "ry": 2.63,
    "rz": -8.28
  },
  "rotation_quaternion_xyzw": {
    "x": 0.508111,
    "y": -0.016946,
    "z": -0.073762,
    "w": 0.85796
  },
  "rotation_matrix_3x3": [
    [
      0.9885438688373678,
      0.109349386352619,
      -0.10403716205448693
    ],
    [
      -0.14379140899981016,
      0.4727646664130364,
      -0.8693777089903022
    ],
    [
      -0.0458808247734884,
      0.8743776540463921,
      0.48307211472244727
    ]
  ],
  "transform_4x4": [
    [
      0.9885438688373678,
      0.109349386352619,
      -0.10403716205448693,
      0.06400890343291978
    ],
    [
      -0.14379140899981016,
      0.4727646664130364,
      -0.8693777089903022,
      0.47085118265611414
    ],
    [
      -0.0458808247734884,
      0.8743776540463921,
      0.48307211472244727,
      0.26491570999135
    ],
    [
      0.0,
      0.0,
      0.0,
      1.0
    ]
  ],
  "size_cm": {
    "length": 10.18,
    "width": 7.38,
    "height": 3.93
  },
  "size_m": {
    "length": 0.1018,
    "width": 0.0738,
    "height": 0.0393
  },
  "obb_center": {
    "x": 0.231618,
    "y": 0.023769,
    "z": 0.472348
  },
  "fitness": 0.2678,
  "rmse_m": 0.004136
}