{
  "frame_id": "000001",
  "object_name": "hole",
  "label": "검정 큐브 (구멍)",
  "coordinate_frame": "base (= cam0)",
  "unit": "meter",
  "position_m": [
    -0.02079791954767498,
    0.03488783816030403,
    0.3400864236503556
  ],
  "quaternion_xyzw": [
    0.5797811210072945,
    0.6732734045272707,
    0.4347930824032107,
    0.14666884459249635
  ],
  "euler_xyz_deg": [
    127.45890674934478,
    -17.85885458242987,
    107.40332628331967
  ],
  "T_base_obj": [
    [
      -0.28468420349828505,
      0.653161220375128,
      0.7016661061173254,
      -0.02079791954767498
    ],
    [
      0.9082436165063991,
      -0.05038234556438918,
      0.41539758343965305,
      0.03488783816030403
    ],
    [
      0.30667317676954536,
      0.7555408919771781,
      -0.5788864510406869,
      0.3400864236503556
    ],
    [
      0.0,
      0.0,
      0.0,
      1.0
    ]
  ],
  "rotation_matrix": [
    [
      -0.28468420349828505,
      0.653161220375128,
      0.7016661061173254
    ],
    [
      0.9082436165063991,
      -0.05038234556438918,
      0.41539758343965305
    ],
    [
      0.30667317676954536,
      0.7555408919771781,
      -0.5788864510406869
    ]
  ],
  "scale": 0.12089734659397207,
  "anisotropic_scale_xyz": [
    0.12089734659397207,
    0.12089734659397207,
    0.12089734659397207
  ],
  "real_size_m": {
    "x": 0.0595712618498213,
    "y": 0.05740111504122519,
    "z": 0.05945039308239544
  },
  "fitness": 0.731625,
  "rmse": 0.013592452119578916
}