{
  "coordinate_frame": "OpenCV (cam0 ref): X-right, Y-down, Z-forward",
  "unit": "meter / degree",
  "position": {
    "x": -0.020525,
    "y": 0.037965,
    "z": 0.339159
  },
  "rotation_euler_xyz_deg": {
    "rx": 165.55,
    "ry": -41.18,
    "rz": -170.57
  },
  "rotation_quaternion_xyzw": {
    "x": -0.032266,
    "y": 0.929179,
    "z": 0.088616,
    "w": -0.357396
  },
  "rotation_matrix_3x3": [
    [
      -0.7424544984992225,
      0.003380753834353096,
      -0.6698879668734011
    ],
    [
      -0.12330309012399987,
      0.9822122792856143,
      0.1416170412995208
    ],
    [
      0.658450959164113,
      0.18774346572935327,
      -0.7288310678420554
    ]
  ],
  "transform_4x4": [
    [
      -0.7424544984992225,
      0.003380753834353096,
      -0.6698879668734011,
      -0.020525257694662073
    ],
    [
      -0.12330309012399987,
      0.9822122792856143,
      0.1416170412995208,
      0.037965206970865154
    ],
    [
      0.658450959164113,
      0.18774346572935327,
      -0.7288310678420554,
      0.33915886976335224
    ],
    [
      0.0,
      0.0,
      0.0,
      1.0
    ]
  ],
  "scale_uniform": 0.12177297293113247,
  "size_cm": {
    "length": 9.83,
    "width": 9.07,
    "height": 8.54
  },
  "size_m": {
    "length": 0.0983,
    "width": 0.0907,
    "height": 0.0854
  },
  "obb_center": {
    "x": -0.020585,
    "y": 0.037871,
    "z": 0.339176
  },
  "score": 0.215106,
  "depth_score": 0.392258,
  "coverage": 0.548378,
  "fitness": 1.0,
  "rmse_m": 0.008772
}