{
  "proposal_score": 0.21510582643714593,
  "second_score": 0.04073104608217232,
  "proposal_margin": 5.281126981202091
}