{
  "frame_id": "000000",
  "object_name": "object_001",
  "label": "빨강 아치",
  "coordinate_frame": "base (= cam0)",
  "unit": "meter",
  "position_m": [
    -0.009694518167142622,
    0.0562864676479322,
    0.40915922288390794
  ],
  "quaternion_xyzw": [
    -0.6523130320308301,
    0.08730797195906531,
    -0.005806285358152287,
    0.7528820049154317
  ],
  "euler_xyz_deg": [
    -82.25477704399003,
    7.116669066756483,
    -7.099878286399591
  ],
  "T_base_obj": [
    [
      0.9846872101567241,
      -0.10516136029378532,
      0.13904023316077324,
      -0.009694518167142622
    ],
    [
      -0.12264715133988867,
      0.14890799058438514,
      0.9812156167741442,
      0.0562864676479322
    ],
    [
      -0.12389017073251231,
      -0.983243356762343,
      0.13373005254983486,
      0.40915922288390794
    ],
    [
      0.0,
      0.0,
      0.0,
      1.0
    ]
  ],
  "rotation_matrix": [
    [
      0.9846872101567241,
      -0.10516136029378532,
      0.13904023316077324
    ],
    [
      -0.12264715133988867,
      0.14890799058438514,
      0.9812156167741442
    ],
    [
      -0.12389017073251231,
      -0.983243356762343,
      0.13373005254983486
    ]
  ],
  "scale": 0.5197088767702256,
  "anisotropic_scale_xyz": [
    0.5112095313012658,
    0.5555943490675899,
    0.49232274994182096
  ],
  "real_size_m": {
    "x": 0.08224923010609379,
    "y": 0.026856748101978575,
    "z": 0.05005206530614474
  },
  "confidence": 0.6648566625522356,
  "fitness": 0.41533333333333333,
  "rmse": 0.0028285815620880854,
  "depth_score": 0.3678795961135454,
  "coverage": 0.41725,
  "silhouette_score": 0.6648566625522356,
  "posed_glb_opencv": "/Users/woo/Documents/GitHub/Robot-Lab/rb-multiview-calibration-pose-estimation/src/output/pose_per_object_v2/run_20260420_154121_sam_frame_000000/object_001_posed.glb",
  "posed_glb_isaac": "/Users/woo/Documents/GitHub/Robot-Lab/rb-multiview-calibration-pose-estimation/src/output/pose_per_object_v2/run_20260420_154121_sam_frame_000000/object_001_posed_isaac.glb",
  "orientation_tag": "rot_90_0_0"
}