{
  "frame_id": "000000",
  "object_name": "object_004",
  "label": "민트 실린더",
  "coordinate_frame": "base (= cam0)",
  "unit": "meter",
  "position_m": [
    0.0098938653566782,
    0.019753602408457333,
    0.5596013017025422
  ],
  "quaternion_xyzw": [
    -0.45966339083772473,
    -0.4130790265962181,
    -0.5454874307137316,
    0.5661437519245603
  ],
  "euler_xyz_deg": [
    -16.469056300035344,
    -75.74406904685245,
    -75.02812437704087
  ],
  "T_base_obj": [
    [
      0.06361836143930634,
      0.9974032134022498,
      0.033756984205408735,
      0.0098938653566782
    ],
    [
      -0.23789398920559243,
      -0.017693939886206184,
      0.97112994722187,
      0.019753602408457333
    ],
    [
      0.969205424039521,
      -0.06981227962306982,
      0.23615056981977173,
      0.5596013017025422
    ],
    [
      0.0,
      0.0,
      0.0,
      1.0
    ]
  ],
  "rotation_matrix": [
    [
      0.06361836143930634,
      0.9974032134022498,
      0.033756984205408735
    ],
    [
      -0.23789398920559243,
      -0.017693939886206184,
      0.97112994722187
    ],
    [
      0.969205424039521,
      -0.06981227962306982,
      0.23615056981977173
    ]
  ],
  "scale": 0.4688860854522307,
  "anisotropic_scale_xyz": [
    0.4577269448537175,
    0.4577269448537175,
    0.491204366649257
  ],
  "real_size_m": {
    "x": 0.02757731629213554,
    "y": 0.02790042759677031,
    "z": 0.05629406159256081
  },
  "confidence": 0.7608118133588139,
  "fitness": 0.44283333333333336,
  "rmse": 0.002282362540159863,
  "depth_score": 0.39992531740104553,
  "coverage": 0.6973312958435208,
  "silhouette_score": 0.7608118133588139,
  "posed_glb_opencv": "/Users/woo/Documents/GitHub/Robot-Lab/rb-multiview-calibration-pose-estimation/src/output/pose_per_object_v2/run_20260420_154121_sam_frame_000000/object_004_posed.glb",
  "posed_glb_isaac": "/Users/woo/Documents/GitHub/Robot-Lab/rb-multiview-calibration-pose-estimation/src/output/pose_per_object_v2/run_20260420_154121_sam_frame_000000/object_004_posed_isaac.glb",
  "orientation_tag": "original"
}