{
  "frame_id": "000000",
  "object_name": "object_002",
  "label": "노랑 실린더",
  "coordinate_frame": "base (= cam0)",
  "unit": "meter",
  "position_m": [
    -0.05816337976526443,
    0.01015699062024511,
    0.636001574375258
  ],
  "quaternion_xyzw": [
    0.5147945696193329,
    0.560328524679426,
    -0.49681004812350654,
    0.4173706645232065
  ],
  "euler_xyz_deg": [
    -141.19386303544223,
    78.30474667768321,
    126.85324281524969
  ],
  "T_base_obj": [
    [
      -0.12157655897070366,
      0.9916160432689906,
      -0.04378085241899386,
      -0.05816337976526443
    ],
    [
      0.16220028356109834,
      -0.023667345651899433,
      -0.986473985849863,
      0.01015699062024511
    ],
    [
      -0.9792396072049584,
      -0.12703337939284357,
      -0.15796300895763643,
      0.636001574375258
    ],
    [
      0.0,
      0.0,
      0.0,
      1.0
    ]
  ],
  "rotation_matrix": [
    [
      -0.12157655897070366,
      0.9916160432689906,
      -0.04378085241899386
    ],
    [
      0.16220028356109834,
      -0.023667345651899433,
      -0.986473985849863
    ],
    [
      -0.9792396072049584,
      -0.12703337939284357,
      -0.15796300895763643
    ]
  ],
  "scale": 0.375443530129905,
  "anisotropic_scale_xyz": [
    0.33559177285727027,
    0.33559177285727027,
    0.4254337112385058
  ],
  "real_size_m": {
    "x": 0.023875068572690953,
    "y": 0.023852979520304282,
    "z": 0.05200080190691101
  },
  "confidence": 0.6183194689779811,
  "fitness": 0.4266666666666667,
  "rmse": 0.002120527389373369,
  "depth_score": 0.38171650863116946,
  "coverage": 0.6975,
  "silhouette_score": 0.6183194689779811,
  "posed_glb_opencv": "/Users/woo/Documents/GitHub/Robot-Lab/rb-multiview-calibration-pose-estimation/src/output/pose_per_object/frame_000000/object_002_posed.glb",
  "posed_glb_isaac": "/Users/woo/Documents/GitHub/Robot-Lab/rb-multiview-calibration-pose-estimation/src/output/pose_per_object/frame_000000/object_002_posed_isaac.glb"
}