{
  "frame_id": "000000",
  "object_name": "object_001",
  "label": "빨강 아치",
  "coordinate_frame": "base (= cam0)",
  "unit": "meter",
  "position_m": [
    -0.01856751370520104,
    0.054170733737358194,
    0.4068876048970752
  ],
  "quaternion_xyzw": [
    0.007484938616528436,
    0.6488162075772539,
    0.7604986647611129,
    0.024965683959002043
  ],
  "euler_xyz_deg": [
    80.9092943299969,
    1.2039708548321475,
    177.26618516754783
  ],
  "T_base_obj": [
    [
      -0.9986413806360193,
      -0.028260039658017967,
      0.043780852418993904,
      -0.01856751370520104
    ],
    [
      0.047685437605400234,
      -0.15682848681881448,
      0.9864739858498641,
      0.054170733737358194
    ],
    [
      -0.021011709123357064,
      0.9872214522983852,
      0.15796300895763662,
      0.4068876048970752
    ],
    [
      0.0,
      0.0,
      0.0,
      1.0
    ]
  ],
  "rotation_matrix": [
    [
      -0.9986413806360193,
      -0.028260039658017967,
      0.043780852418993904
    ],
    [
      0.047685437605400234,
      -0.15682848681881448,
      0.9864739858498641
    ],
    [
      -0.021011709123357064,
      0.9872214522983852,
      0.15796300895763662
    ]
  ],
  "scale": 0.5496477724303879,
  "anisotropic_scale_xyz": [
    0.7145421041595043,
    0.7145421041595043,
    0.5044184712893972
  ],
  "real_size_m": {
    "x": 0.08687584094199119,
    "y": 0.028369985015783934,
    "z": 0.03731901148015083
  },
  "confidence": 0.3205951354381197,
  "fitness": 0.4845,
  "rmse": 0.00255839381680886,
  "depth_score": 0.716076058772688,
  "coverage": 0.4921182487725041,
  "silhouette_score": 0.3205951354381197,
  "posed_glb_opencv": "/Users/woo/Documents/GitHub/Robot-Lab/rb-multiview-calibration-pose-estimation/src/output/pose_per_object/frame_000000/object_001_posed.glb",
  "posed_glb_isaac": "/Users/woo/Documents/GitHub/Robot-Lab/rb-multiview-calibration-pose-estimation/src/output/pose_per_object/frame_000000/object_001_posed_isaac.glb"
}