{
  "frame_id": "000000",
  "object_name": "object_003",
  "label": "곤색 직사각형",
  "coordinate_frame": "base (= cam0)",
  "unit": "meter",
  "position_m": [
    -0.16773865118540562,
    0.049164865120905156,
    0.5077915146098942
  ],
  "quaternion_xyzw": [
    -0.3183178533440273,
    -0.06808327730172077,
    0.9444102589279557,
    0.046126721387271356
  ],
  "euler_xyz_deg": [
    -11.334233186623933,
    36.51009257751772,
    170.6581057981915
  ],
  "T_base_obj": [
    [
      -0.7930921396332267,
      -0.043780852418993835,
      -0.6075262093218347,
      -0.16773865118540562
    ],
    [
      0.13046934313624362,
      -0.9864739858498626,
      -0.09923117322252104,
      0.049164865120905156
    ],
    [
      -0.59496437586905,
      -0.15796300895763637,
      0.7880768231868405,
      0.5077915146098942
    ],
    [
      0.0,
      0.0,
      0.0,
      1.0
    ]
  ],
  "rotation_matrix": [
    [
      -0.7930921396332267,
      -0.043780852418993835,
      -0.6075262093218347
    ],
    [
      0.13046934313624362,
      -0.9864739858498626,
      -0.09923117322252104
    ],
    [
      -0.59496437586905,
      -0.15796300895763637,
      0.7880768231868405
    ]
  ],
  "scale": 0.4352340931897843,
  "anisotropic_scale_xyz": [
    0.5658043211467196,
    0.511948011799693,
    0.4352340931897843
  ],
  "real_size_m": {
    "x": 0.06910110253308588,
    "y": 0.02775791346508392,
    "z": 0.010204416126021769
  },
  "confidence": 0.531573274982658,
  "fitness": 0.3983333333333333,
  "rmse": 0.0020663204544454747,
  "depth_score": 0.5579158316633267,
  "coverage": 0.6136670902160102,
  "silhouette_score": 0.531573274982658,
  "posed_glb_opencv": "/Users/woo/Documents/GitHub/Robot-Lab/rb-multiview-calibration-pose-estimation/src/output/pose_per_object/frame_000000/object_003_posed.glb",
  "posed_glb_isaac": "/Users/woo/Documents/GitHub/Robot-Lab/rb-multiview-calibration-pose-estimation/src/output/pose_per_object/frame_000000/object_003_posed_isaac.glb"
}