{
  "frame_id": "000000",
  "object_name": "object_004",
  "label": "민트 실린더",
  "coordinate_frame": "base (= cam0)",
  "unit": "meter",
  "position_m": [
    0.021648253204959087,
    0.020187923653865163,
    0.5759808759245734
  ],
  "quaternion_xyzw": [
    -0.36363150124059274,
    0.6683963164055359,
    -0.5556615162184981,
    -0.3350504065283063
  ],
  "euler_xyz_deg": [
    -107.56121810785744,
    -58.43041608580388,
    -167.45098067954416
  ],
  "T_base_obj": [
    [
      -0.5110267127799758,
      -0.8584491457176492,
      -0.04378085241899387,
      0.021648253204959087
    ],
    [
      -0.11375067811413339,
      0.11802482139857054,
      -0.9864739858498631,
      0.020187923653865163
    ],
    [
      0.8520049777150779,
      -0.4991344565836632,
      -0.15796300895763649,
      0.5759808759245734
    ],
    [
      0.0,
      0.0,
      0.0,
      1.0
    ]
  ],
  "rotation_matrix": [
    [
      -0.5110267127799758,
      -0.8584491457176492,
      -0.04378085241899387
    ],
    [
      -0.11375067811413339,
      0.11802482139857054,
      -0.9864739858498631
    ],
    [
      0.8520049777150779,
      -0.4991344565836632,
      -0.15796300895763649
    ]
  ],
  "scale": 0.35007877142366634,
  "anisotropic_scale_xyz": [
    0.35115486956442904,
    0.35115486956442904,
    0.425032545531234
  ],
  "real_size_m": {
    "x": 0.023682344451501566,
    "y": 0.023977370181909867,
    "z": 0.051958356039742325
  },
  "confidence": 0.5065449012785515,
  "fitness": 0.37966666666666665,
  "rmse": 0.00234148726007147,
  "depth_score": 0.4091099622746961,
  "coverage": 0.63375,
  "silhouette_score": 0.5065449012785515,
  "posed_glb_opencv": "/Users/woo/Documents/GitHub/Robot-Lab/rb-multiview-calibration-pose-estimation/src/output/pose_per_object/frame_000000/object_004_posed.glb",
  "posed_glb_isaac": "/Users/woo/Documents/GitHub/Robot-Lab/rb-multiview-calibration-pose-estimation/src/output/pose_per_object/frame_000000/object_004_posed_isaac.glb"
}