{
  "frame_id": "000000",
  "object_name": "object_004",
  "label": "민트 실린더",
  "coordinate_frame": "base (= cam0)",
  "unit": "meter",
  "position_m": [
    0.010011826606409582,
    0.01947019407360385,
    0.5626717401803352
  ],
  "quaternion_xyzw": [
    0.4552343336896214,
    0.4309281626823853,
    0.561373428695234,
    -0.5402985226634506
  ],
  "euler_xyz_deg": [
    -2.166807641662035,
    -77.62680088493481,
    -90.44879509366012
  ],
  "T_base_obj": [
    [
      -0.0016784156757187474,
      0.9989650583867183,
      0.04545321818353037,
      0.010011826606409582
    ],
    [
      -0.21427187835948486,
      -0.04475685002975306,
      0.9757481163290613,
      0.01947019407360385
    ],
    [
      0.9767726168690017,
      -0.008101635503668336,
      0.21412524007470013,
      0.5626717401803352
    ],
    [
      0.0,
      0.0,
      0.0,
      1.0
    ]
  ],
  "rotation_matrix": [
    [
      -0.0016784156757187474,
      0.9989650583867183,
      0.04545321818353037
    ],
    [
      -0.21427187835948486,
      -0.04475685002975306,
      0.9757481163290613
    ],
    [
      0.9767726168690017,
      -0.008101635503668336,
      0.21412524007470013
    ]
  ],
  "scale": 0.46721631985675854,
  "anisotropic_scale_xyz": [
    0.5028172240220921,
    0.4137009758884259,
    0.48513075965975777
  ],
  "real_size_m": {
    "x": 0.02757731629213554,
    "y": 0.02790042759677031,
    "z": 0.05629406159256081
  },
  "confidence": 0.769136850931626,
  "fitness": 0.44283333333333336,
  "rmse": 0.002282362540159863,
  "depth_score": 0.39992531740104553,
  "coverage": 0.6973312958435208,
  "silhouette_score": 0.769136850931626,
  "posed_glb_opencv": "/Users/woo/Documents/GitHub/Robot-Lab/rb-multiview-calibration-pose-estimation/src/output/pose_per_object_v2/run_20260420_154121_sam_frame_000000/object_004_posed.glb",
  "posed_glb_isaac": "/Users/woo/Documents/GitHub/Robot-Lab/rb-multiview-calibration-pose-estimation/src/output/pose_per_object_v2/run_20260420_154121_sam_frame_000000/object_004_posed_isaac.glb",
  "flip_selected": "original"
}