{
  "frame_id": "000000",
  "object_name": "object_001",
  "label": "빨강 아치",
  "coordinate_frame": "base (= cam0)",
  "unit": "meter",
  "position_m": [
    -0.01083164105974894,
    0.0602543052216244,
    0.412623347428863
  ],
  "quaternion_xyzw": [
    0.986943240613836,
    0.007526090751084833,
    0.14710141258941514,
    -0.06517340085391546
  ],
  "euler_xyz_deg": [
    -172.4053326589243,
    -16.938346134728565,
    -0.25865634066981014
  ],
  "T_base_obj": [
    [
      0.9566090647359599,
      0.03402984744738575,
      0.28938048782036807,
      -0.01083164105974894
    ],
    [
      -0.004318549867597819,
      -0.9913915715463847,
      0.13085909204229684,
      0.0602543052216244
    ],
    [
      0.2913424915356258,
      -0.12643069771814025,
      -0.9482272044676633,
      0.412623347428863
    ],
    [
      0.0,
      0.0,
      0.0,
      1.0
    ]
  ],
  "rotation_matrix": [
    [
      0.9566090647359599,
      0.03402984744738575,
      0.28938048782036807
    ],
    [
      -0.004318549867597819,
      -0.9913915715463847,
      0.13085909204229684
    ],
    [
      0.2913424915356258,
      -0.12643069771814025,
      -0.9482272044676633
    ]
  ],
  "scale": 0.5452452132028408,
  "anisotropic_scale_xyz": [
    0.5015130615703502,
    0.5922775703025115,
    0.5419450077356608
  ],
  "real_size_m": {
    "x": 0.08224923010609379,
    "y": 0.026856748101978575,
    "z": 0.05005206530614474
  },
  "confidence": 0.6322529172018346,
  "fitness": 0.41533333333333333,
  "rmse": 0.0028285815620880854,
  "depth_score": 0.3678795961135454,
  "coverage": 0.41725,
  "silhouette_score": 0.6322529172018346,
  "posed_glb_opencv": "/Users/woo/Documents/GitHub/Robot-Lab/rb-multiview-calibration-pose-estimation/src/output/pose_per_object_v2/run_20260420_154121_sam_frame_000000/object_001_posed.glb",
  "posed_glb_isaac": "/Users/woo/Documents/GitHub/Robot-Lab/rb-multiview-calibration-pose-estimation/src/output/pose_per_object_v2/run_20260420_154121_sam_frame_000000/object_001_posed_isaac.glb",
  "flip_selected": "original"
}