{
  "frame_id": "000000",
  "object_name": "object_003",
  "label": "곤색 직사각형",
  "coordinate_frame": "base (= cam0)",
  "unit": "meter",
  "position_m": [
    -0.14903822254782514,
    0.04566780966369638,
    0.5111518325686248
  ],
  "quaternion_xyzw": [
    0.9467421904090169,
    -0.028916915672864817,
    0.31398956427197916,
    -0.06521955547071742
  ],
  "euler_xyz_deg": [
    -169.88863453966297,
    -36.21113186396757,
    -6.812624943299903
  ],
  "T_base_obj": [
    [
      0.8011487310304315,
      -0.013797208559299761,
      0.5983062324589113,
      -0.14903822254782514
    ],
    [
      -0.09571024777615385,
      -0.9898204431343648,
      0.10533299010291026,
      0.04566780966369638
    ],
    [
      0.5907624389128234,
      -0.14165142911124717,
      -0.794313926219054,
      0.5111518325686248
    ],
    [
      0.0,
      0.0,
      0.0,
      1.0
    ]
  ],
  "rotation_matrix": [
    [
      0.8011487310304315,
      -0.013797208559299761,
      0.5983062324589113
    ],
    [
      -0.09571024777615385,
      -0.9898204431343648,
      0.10533299010291026
    ],
    [
      0.5907624389128234,
      -0.14165142911124717,
      -0.794313926219054
    ]
  ],
  "scale": 0.61294925522588,
  "anisotropic_scale_xyz": [
    0.7766635692530325,
    0.5209928012477111,
    0.5411913951768962
  ],
  "real_size_m": {
    "x": 0.09260295213461481,
    "y": 0.03181417530190005,
    "z": 0.01777577137089068
  },
  "confidence": 0.9067780136681644,
  "fitness": 0.5248333333333334,
  "rmse": 0.0021432488444741507,
  "depth_score": 0.5529663535845916,
  "coverage": 0.637464983713355,
  "silhouette_score": 0.9067780136681644,
  "posed_glb_opencv": "/Users/woo/Documents/GitHub/Robot-Lab/rb-multiview-calibration-pose-estimation/src/output/pose_per_object_v2/run_20260420_154121_sam_frame_000000/object_003_posed.glb",
  "posed_glb_isaac": "/Users/woo/Documents/GitHub/Robot-Lab/rb-multiview-calibration-pose-estimation/src/output/pose_per_object_v2/run_20260420_154121_sam_frame_000000/object_003_posed_isaac.glb",
  "flip_selected": "original"
}