{
  "frame_id": "000000",
  "object_name": "object_002",
  "label": "노랑 실린더",
  "coordinate_frame": "base (= cam0)",
  "unit": "meter",
  "position_m": [
    -0.07003383259611168,
    0.010869317765933084,
    0.6315828624656921
  ],
  "quaternion_xyzw": [
    0.73891828895182,
    -0.11853456256528376,
    0.11546614507737647,
    0.6531591605963601
  ],
  "euler_xyz_deg": [
    97.29729552047827,
    -18.994898340511664,
    -1.4750033831199827
  ],
  "T_base_obj": [
    [
      0.9452342536368807,
      -0.3260102530967611,
      0.0157962219311341,
      -0.07003383259611168
    ],
    [
      -0.02433917151217626,
      -0.11866533681108543,
      -0.9926359567160621,
      0.010869317765933084
    ],
    [
      0.3254839634780024,
      0.9378890407247422,
      -0.12010136053804575,
      0.6315828624656921
    ],
    [
      0.0,
      0.0,
      0.0,
      1.0
    ]
  ],
  "rotation_matrix": [
    [
      0.9452342536368807,
      -0.3260102530967611,
      0.0157962219311341
    ],
    [
      -0.02433917151217626,
      -0.11866533681108543,
      -0.9926359567160621
    ],
    [
      0.3254839634780024,
      0.9378890407247422,
      -0.12010136053804575
    ]
  ],
  "scale": 0.45544911985182024,
  "anisotropic_scale_xyz": [
    0.4452277270008188,
    0.43998110286229336,
    0.4811385296923486
  ],
  "real_size_m": {
    "x": 0.041055086180275174,
    "y": 0.04102307016888472,
    "z": 0.05829037295960194
  },
  "confidence": 0.8059896473802176,
  "fitness": 0.5915,
  "rmse": 0.0023663125664772212,
  "depth_score": 0.34502815991136554,
  "coverage": 0.5889329896907216,
  "silhouette_score": 0.8059896473802176,
  "posed_glb_opencv": "/Users/woo/Documents/GitHub/Robot-Lab/rb-multiview-calibration-pose-estimation/src/output/pose_per_object_v2/run_20260420_154121_sam_frame_000000/object_002_posed.glb",
  "posed_glb_isaac": "/Users/woo/Documents/GitHub/Robot-Lab/rb-multiview-calibration-pose-estimation/src/output/pose_per_object_v2/run_20260420_154121_sam_frame_000000/object_002_posed_isaac.glb",
  "flip_selected": "original"
}