{
  "frame_id": "000004",
  "object_name": "knife",
  "coordinate_frame": "base (= cam0)",
  "unit": "meter",
  "position_m": [
    -0.0723063329773205,
    0.06622983439192104,
    0.317499457257468
  ],
  "quaternion_xyzw": [
    0.9636139235408082,
    0.03447336222310167,
    -0.2217059634109794,
    -0.14527993475815532
  ],
  "euler_xyz_deg": [
    -161.03990420876437,
    24.6618042039662,
    8.278841625579691
  ],
  "T_base_obj": [
    [
      0.89931610616829,
      0.0020191678593724873,
      -0.4372944821789985,
      -0.0723063329773205
    ],
    [
      0.13085687945831334,
      -0.9554106557056629,
      0.26470163592108265,
      0.06622983439192104
    ],
    [
      -0.41726133091952994,
      -0.2952734358546005,
      -0.8594804126891754,
      0.317499457257468
    ],
    [
      0.0,
      0.0,
      0.0,
      1.0
    ]
  ],
  "scale": 0.20431103393138328,
  "fitness": 0.844125,
  "rmse": 0.012202129082091756,
  "real_size_m": [
    0.06203160003466006,
    0.036058069186903914,
    0.20425540534538913
  ]
}