{
  "frame_id": "000000",
  "object_name": "object_001",
  "label": "빨강 아치",
  "coordinate_frame": "base (= cam0)",
  "unit": "meter",
  "position_m": [
    -0.012334972236761305,
    0.05251624877312703,
    0.39684188612546173
  ],
  "quaternion_xyzw": [
    -0.6134227287260365,
    -0.03782308527980152,
    -0.03753275134347613,
    0.7879551146345896
  ],
  "euler_xyz_deg": [
    -75.76258204424028,
    -6.064771107021673,
    -0.7343744643872593
  ],
  "T_base_obj": [
    [
      0.9943214135841343,
      0.10555132713588054,
      -0.013558901503200866,
      -0.012334972236761305
    ],
    [
      -0.012745166412051695,
      0.24460769691485218,
      0.9695383619722862,
      0.05251624877312703
    ],
    [
      0.10565267248551162,
      -0.9638599441443061,
      0.24456394020372313,
      0.39684188612546173
    ],
    [
      0.0,
      0.0,
      0.0,
      1.0
    ]
  ],
  "rotation_matrix": [
    [
      0.9943214135841343,
      0.10555132713588054,
      -0.013558901503200866
    ],
    [
      -0.012745166412051695,
      0.24460769691485218,
      0.9695383619722862
    ],
    [
      0.10565267248551162,
      -0.9638599441443061,
      0.24456394020372313
    ]
  ],
  "scale": 0.5369428212114927,
  "anisotropic_scale_xyz": [
    0.5266539653837714,
    0.5754453388563152,
    0.5087291593943913
  ],
  "real_size_m": {
    "x": 0.08224923010609379,
    "y": 0.026856748101978575,
    "z": 0.05005206530614474
  },
  "confidence": 0.6629435894207314,
  "fitness": 0.41533333333333333,
  "rmse": 0.0028285815620880854,
  "depth_score": 0.3678795961135454,
  "coverage": 0.41725,
  "silhouette_score": 0.6629435894207314,
  "posed_glb_opencv": "/Users/woo/Documents/GitHub/Robot-Lab/rb-multiview-calibration-pose-estimation/src/output/pose_per_object_v2/run_20260420_154121_sam_frame_000000/object_001_posed.glb",
  "posed_glb_isaac": "/Users/woo/Documents/GitHub/Robot-Lab/rb-multiview-calibration-pose-estimation/src/output/pose_per_object_v2/run_20260420_154121_sam_frame_000000/object_001_posed_isaac.glb",
  "orientation_tag": "rot_0_0_0",
  "per_cam_iou": [
    0.7133382461311717,
    0.33584431889516636,
    0.8012958963282938
  ]
}