{
  "frame_id": "000000",
  "object_name": "object_002",
  "label": "노랑 실린더",
  "coordinate_frame": "base (= cam0)",
  "unit": "meter",
  "position_m": [
    -0.06493609211020836,
    0.008753459965749584,
    0.6343538853305629
  ],
  "quaternion_xyzw": [
    0.7586928176420402,
    -0.007605525784466713,
    -0.02622688798931848,
    0.6508759595977712
  ],
  "euler_xyz_deg": [
    98.70881793061476,
    1.7131581525496582,
    -2.6194352326712527
  ],
  "T_base_obj": [
    [
      0.9985086126478212,
      0.02260038620018518,
      -0.04969681087918875,
      -0.06493609211020836
    ],
    [
      -0.045681417348410816,
      -0.15260528238850224,
      -0.9872308928979923,
      0.008753459965749584
    ],
    [
      -0.029895795307068533,
      0.9880287699894417,
      -0.15134527112622637,
      0.6343538853305629
    ],
    [
      0.0,
      0.0,
      0.0,
      1.0
    ]
  ],
  "rotation_matrix": [
    [
      0.9985086126478212,
      0.02260038620018518,
      -0.04969681087918875
    ],
    [
      -0.045681417348410816,
      -0.15260528238850224,
      -0.9872308928979923
    ],
    [
      -0.029895795307068533,
      0.9880287699894417,
      -0.15134527112622637
    ]
  ],
  "scale": 0.417030245867208,
  "anisotropic_scale_xyz": [
    0.5421393196273704,
    0.5421393196273704,
    0.3757442157098665
  ],
  "real_size_m": {
    "x": 0.038560345224056075,
    "y": 0.03853293806796113,
    "z": 0.04593475182942829
  },
  "confidence": 0.5772101687998036,
  "fitness": 0.5238333333333334,
  "rmse": 0.0023077298907005516,
  "depth_score": 0.3857040057567762,
  "coverage": 0.6227954545454546,
  "silhouette_score": 0.5772101687998036,
  "posed_glb_opencv": "/Users/woo/Documents/GitHub/Robot-Lab/rb-multiview-calibration-pose-estimation/src/output/pose_per_object/frame_000000/object_002_posed.glb",
  "posed_glb_isaac": "/Users/woo/Documents/GitHub/Robot-Lab/rb-multiview-calibration-pose-estimation/src/output/pose_per_object/frame_000000/object_002_posed_isaac.glb"
}