{
  "frame_id": "000000",
  "object_name": "object_003",
  "label": "곤색 직사각형",
  "coordinate_frame": "base (= cam0)",
  "unit": "meter",
  "position_m": [
    -0.15757529520889954,
    0.04746850943463086,
    0.5022824592162963
  ],
  "quaternion_xyzw": [
    -0.29608928853852695,
    -0.06508433003268138,
    0.9518122607230607,
    0.04635281581740568
  ],
  "euler_xyz_deg": [
    -10.504977038451411,
    33.89061500574283,
    171.21496010793
  ],
  "T_base_obj": [
    [
      -0.8203650993572515,
      -0.04969681087918874,
      -0.5696765141243043,
      -0.15757529520889954
    ],
    [
      0.1267799027768118,
      -0.9872308928979923,
      -0.09644698209773324,
      0.04746850943463086
    ],
    [
      -0.5576091462735127,
      -0.15134527112622637,
      0.8161903263920826,
      0.5022824592162963
    ],
    [
      0.0,
      0.0,
      0.0,
      1.0
    ]
  ],
  "rotation_matrix": [
    [
      -0.8203650993572515,
      -0.04969681087918874,
      -0.5696765141243043
    ],
    [
      0.1267799027768118,
      -0.9872308928979923,
      -0.09644698209773324
    ],
    [
      -0.5576091462735127,
      -0.15134527112622637,
      0.8161903263920826
    ]
  ],
  "scale": 0.5317520113248929,
  "anisotropic_scale_xyz": [
    0.6912776147223608,
    0.5317520113248929,
    0.4268254505436671
  ],
  "real_size_m": {
    "x": 0.08441695264270897,
    "y": 0.02883167468221382,
    "z": 0.010005009199371074
  },
  "confidence": 0.5046404221732824,
  "fitness": 0.3591666666666667,
  "rmse": 0.0020085081809919575,
  "depth_score": 0.6020106445890006,
  "coverage": 0.5986734234234234,
  "silhouette_score": 0.5046404221732824,
  "posed_glb_opencv": "/Users/woo/Documents/GitHub/Robot-Lab/rb-multiview-calibration-pose-estimation/src/output/pose_per_object/frame_000000/object_003_posed.glb",
  "posed_glb_isaac": "/Users/woo/Documents/GitHub/Robot-Lab/rb-multiview-calibration-pose-estimation/src/output/pose_per_object/frame_000000/object_003_posed_isaac.glb"
}