{
  "frame_id": "000000",
  "object_name": "object_001",
  "label": "빨강 아치",
  "coordinate_frame": "base (= cam0)",
  "unit": "meter",
  "position_m": [
    -0.009198226445564745,
    0.047825515816434495,
    0.39927186654708097
  ],
  "quaternion_xyzw": [
    0.3110403366096115,
    0.6920451896842026,
    -0.6068258765155422,
    0.23683268361414905
  ],
  "euler_xyz_deg": [
    -102.326846641501,
    44.85317861381876,
    168.3564252647991
  ],
  "T_base_obj": [
    [
      -0.6943283779461236,
      0.717940339139341,
      -0.04969681087918871,
      -0.009198226445564745
    ],
    [
      0.14307553585334173,
      0.07003252918593521,
      -0.9872308928979922,
      0.047825515816434495
    ],
    [
      -0.7052924886994614,
      -0.692572822374234,
      -0.1513452711262263,
      0.39927186654708097
    ],
    [
      0.0,
      0.0,
      0.0,
      1.0
    ]
  ],
  "rotation_matrix": [
    [
      -0.6943283779461236,
      0.717940339139341,
      -0.04969681087918871
    ],
    [
      0.14307553585334173,
      0.07003252918593521,
      -0.9872308928979922
    ],
    [
      -0.7052924886994614,
      -0.692572822374234,
      -0.1513452711262263
    ]
  ],
  "scale": 0.5015545958591918,
  "anisotropic_scale_xyz": [
    0.5015545958591918,
    0.6520209746169494,
    0.5015545958591918
  ],
  "real_size_m": {
    "x": 0.06099027932669087,
    "y": 0.025887954722391342,
    "z": 0.0371028739766725
  },
  "confidence": 0.15345309676467767,
  "fitness": 0.4545,
  "rmse": 0.002847208062258079,
  "depth_score": 0.9749399244764847,
  "coverage": 0.46445744680851064,
  "silhouette_score": 0.15345309676467767,
  "posed_glb_opencv": "/Users/woo/Documents/GitHub/Robot-Lab/rb-multiview-calibration-pose-estimation/src/output/pose_per_object/frame_000000/object_001_posed.glb",
  "posed_glb_isaac": "/Users/woo/Documents/GitHub/Robot-Lab/rb-multiview-calibration-pose-estimation/src/output/pose_per_object/frame_000000/object_001_posed_isaac.glb"
}