{
  "frame_id": "000000",
  "object_name": "object_004",
  "label": "민트 실린더",
  "coordinate_frame": "base (= cam0)",
  "unit": "meter",
  "position_m": [
    0.017769348141083247,
    0.01794092039270971,
    0.5729702761303554
  ],
  "quaternion_xyzw": [
    0.7235772191431543,
    -0.22827317735626448,
    0.1645022194818263,
    0.6302907140536725
  ],
  "euler_xyz_deg": [
    100.24910340976115,
    -31.723262617042426,
    -8.312869132555933
  ],
  "T_base_obj": [
    [
      0.8416607525687207,
      -0.5377149845139713,
      -0.04969681087918875,
      0.017769348141083247
    ],
    [
      -0.12297809899137291,
      -0.10124994455478648,
      -0.9872308928979926,
      0.01794092039270971
    ],
    [
      0.5258170449404752,
      0.8370251156069217,
      -0.15134527112622642,
      0.5729702761303554
    ],
    [
      0.0,
      0.0,
      0.0,
      1.0
    ]
  ],
  "rotation_matrix": [
    [
      0.8416607525687207,
      -0.5377149845139713,
      -0.04969681087918875
    ],
    [
      -0.12297809899137291,
      -0.10124994455478648,
      -0.9872308928979926
    ],
    [
      0.5258170449404752,
      0.8370251156069217,
      -0.15134527112622642
    ]
  ],
  "scale": 0.39629159201612846,
  "anisotropic_scale_xyz": [
    0.42588492949179,
    0.42588492949179,
    0.36751003385085085
  ],
  "real_size_m": {
    "x": 0.02873234881912844,
    "y": 0.029085279057233022,
    "z": 0.04492449860334457
  },
  "confidence": 0.5584872886241056,
  "fitness": 0.4071666666666667,
  "rmse": 0.0023470688128078713,
  "depth_score": 0.39774810159727675,
  "coverage": 0.679406462585034,
  "silhouette_score": 0.5584872886241056,
  "posed_glb_opencv": "/Users/woo/Documents/GitHub/Robot-Lab/rb-multiview-calibration-pose-estimation/src/output/pose_per_object/frame_000000/object_004_posed.glb",
  "posed_glb_isaac": "/Users/woo/Documents/GitHub/Robot-Lab/rb-multiview-calibration-pose-estimation/src/output/pose_per_object/frame_000000/object_004_posed_isaac.glb"
}