{
  "frame_id": "000004",
  "object_name": "knife",
  "label": "yellow box-cutter",
  "coordinate_frame": "base (= cam0)",
  "unit": "meter",
  "position_m": [
    -0.06371896843236251,
    0.06189551554513474,
    0.3305702906432876
  ],
  "quaternion_xyzw": [
    0.9556627717856656,
    0.058668736156206554,
    -0.24801589371942256,
    -0.14749495748441185
  ],
  "euler_xyz_deg": [
    -159.53667867115445,
    27.176457170271476,
    12.02226599142266
  ],
  "T_base_obj": [
    [
      0.8700921917209032,
      0.03897286662502325,
      -0.4913457983671064,
      -0.06371896843236251
    ],
    [
      0.1852972414235554,
      -0.949606433827016,
      0.2528093217253257,
      0.06189551554513474
    ],
    [
      -0.45673242738712944,
      -0.31101243784994287,
      -0.8334667079565728,
      0.3305702906432876
    ],
    [
      0.0,
      0.0,
      0.0,
      1.0
    ]
  ],
  "rotation_matrix": [
    [
      0.8700921917209032,
      0.03897286662502325,
      -0.4913457983671064
    ],
    [
      0.1852972414235554,
      -0.949606433827016,
      0.2528093217253257
    ],
    [
      -0.45673242738712944,
      -0.31101243784994287,
      -0.8334667079565728
    ]
  ],
  "scale": 0.1398116502003027,
  "anisotropic_scale_xyz": [
    0.1398116502003027,
    0.1398116502003027,
    0.1398116502003027
  ],
  "real_size_m": {
    "x": 0.04244871262471154,
    "y": 0.02467482083102192,
    "z": 0.13977358312063257
  },
  "fitness": 1.0,
  "rmse": 0.0044872064056795235
}