{
  "frame_id": "000001",
  "object_name": "object_004",
  "label": "민트 실린더",
  "coordinate_frame": "base (= cam0)",
  "unit": "meter",
  "position_m": [
    0.01475991173440046,
    0.014580948346280103,
    0.568682755827878
  ],
  "quaternion_xyzw": [
    0.74180863887861,
    0.1972793852387508,
    -0.16994871129834377,
    0.6179953260121931
  ],
  "euler_xyz_deg": [
    101.85574509915988,
    29.734018668176187,
    5.460603036629935
  ],
  "T_base_obj": [
    [
      0.8643965593757054,
      0.5027421229738774,
      -0.00830336842258284,
      0.01475991173440046
    ],
    [
      0.08263208599718914,
      -0.15832524237380752,
      -0.9839232978190059,
      0.014580948346280103
    ],
    [
      -0.49597432040701006,
      0.849813788670785,
      -0.17839842511023069,
      0.568682755827878
    ],
    [
      0.0,
      0.0,
      0.0,
      1.0
    ]
  ],
  "rotation_matrix": [
    [
      0.8643965593757054,
      0.5027421229738774,
      -0.00830336842258284
    ],
    [
      0.08263208599718914,
      -0.15832524237380752,
      -0.9839232978190059
    ],
    [
      -0.49597432040701006,
      0.849813788670785,
      -0.17839842511023069
    ]
  ],
  "scale": 0.43637081955918955,
  "anisotropic_scale_xyz": [
    0.4334020854660492,
    0.4334020854660492,
    0.4418832455147918
  ],
  "real_size_m": {
    "x": 0.029239208393691426,
    "y": 0.02960102143426045,
    "z": 0.05401552349383582
  },
  "confidence": 0.6390014540237712,
  "fitness": 0.4608333333333333,
  "rmse": 0.0022851944776112864,
  "depth_score": 0.4356751824817518,
  "coverage": 0.7107316303099885,
  "silhouette_score": 0.5287994063576368,
  "posed_glb_opencv": "/Users/woo/Documents/GitHub/Robot-Lab/rb-multiview-calibration-pose-estimation/src/output/pose_per_object_v2/run_20260428_104354_sam_frame_000001/object_004_posed.glb",
  "posed_glb_isaac": "/Users/woo/Documents/GitHub/Robot-Lab/rb-multiview-calibration-pose-estimation/src/output/pose_per_object_v2/run_20260428_104354_sam_frame_000001/object_004_posed_isaac.glb"
}