{
  "frame_id": "000001",
  "object_name": "object_003",
  "label": "곤색 직사각형",
  "coordinate_frame": "base (= cam0)",
  "unit": "meter",
  "position_m": [
    -0.08393169218792766,
    0.032030841987587017,
    0.6171738312963474
  ],
  "quaternion_xyzw": [
    0.28227573531090966,
    0.7067612981892436,
    -0.6133874818255904,
    0.21110346699237637
  ],
  "euler_xyz_deg": [
    -101.95748285465642,
    40.14231122244815,
    169.44529832286003
  ],
  "T_base_obj": [
    [
      -0.7515114709569682,
      0.6579795783175348,
      -0.047889284158087284,
      -0.08393169218792766
    ],
    [
      0.1400266822251128,
      0.08815241278869287,
      -0.986215838640082,
      0.032030841987587017
    ],
    [
      -0.6446883256932158,
      -0.7478582931522603,
      -0.1583822467269194,
      0.6171738312963474
    ],
    [
      0.0,
      0.0,
      0.0,
      1.0
    ]
  ],
  "rotation_matrix": [
    [
      -0.7515114709569682,
      0.6579795783175348,
      -0.047889284158087284
    ],
    [
      0.1400266822251128,
      0.08815241278869287,
      -0.986215838640082
    ],
    [
      -0.6446883256932158,
      -0.7478582931522603,
      -0.1583822467269194
    ]
  ],
  "scale": 0.5934630565564473,
  "anisotropic_scale_xyz": [
    0.7715019735233815,
    0.6960895266718388,
    0.5934630565564473
  ],
  "real_size_m": {
    "x": 0.09422540862886454,
    "y": 0.03773559143297226,
    "z": 0.013913037102877376
  },
  "confidence": 0.6185046452441707,
  "fitness": 0.6148333333333333,
  "rmse": 0.003049320946239766,
  "depth_score": 0.40980546276282176,
  "coverage": 0.5962287029930928,
  "silhouette_score": 0.5423654587388042,
  "posed_glb_opencv": "/Users/woo/Documents/GitHub/Robot-Lab/rb-multiview-calibration-pose-estimation/src/output/pose_per_object_v2/run_20260428_104354_sam_frame_000001/object_003_posed.glb",
  "posed_glb_isaac": "/Users/woo/Documents/GitHub/Robot-Lab/rb-multiview-calibration-pose-estimation/src/output/pose_per_object_v2/run_20260428_104354_sam_frame_000001/object_003_posed_isaac.glb"
}