{
  "frame_id": "000001",
  "object_name": "object_002",
  "label": "노랑 실린더",
  "coordinate_frame": "base (= cam0)",
  "unit": "meter",
  "position_m": [
    -0.1964984523286049,
    0.04303943272312216,
    0.46101010721571833
  ],
  "quaternion_xyzw": [
    -0.24484168468122286,
    0.6348550307562351,
    0.6820331407392781,
    0.26803439014290037
  ],
  "euler_xyz_deg": [
    84.24694134449162,
    42.40029955403814,
    175.7489750035479
  ],
  "T_base_obj": [
    [
      -0.7364202302863678,
      -0.6764946243880109,
      0.0063456756217385646,
      -0.1964984523286049
    ],
    [
      0.05473872335318643,
      -0.05023331124844674,
      0.9972363243517959,
      0.04303943272312216
    ],
    [
      -0.6743062483698602,
      0.7347323578114281,
      0.07402327873192105,
      0.46101010721571833
    ],
    [
      0.0,
      0.0,
      0.0,
      1.0
    ]
  ],
  "rotation_matrix": [
    [
      -0.7364202302863678,
      -0.6764946243880109,
      0.0063456756217385646
    ],
    [
      0.05473872335318643,
      -0.05023331124844674,
      0.9972363243517959
    ],
    [
      -0.6743062483698602,
      0.7347323578114281,
      0.07402327873192105
    ]
  ],
  "scale": 0.4541924582991912,
  "anisotropic_scale_xyz": [
    0.39970305253197025,
    0.39970305253197025,
    0.5179056127560431
  ],
  "real_size_m": {
    "x": 0.028437629007012067,
    "y": 0.02840649876710418,
    "z": 0.06330678783408776
  },
  "confidence": 0.5580413208053178,
  "fitness": 0.37716666666666665,
  "rmse": 0.0019639212100691734,
  "depth_score": 0.4730831973898858,
  "coverage": 0.5454920382165604,
  "silhouette_score": 0.4823416372328526,
  "posed_glb_opencv": "/Users/woo/Documents/GitHub/Robot-Lab/rb-multiview-calibration-pose-estimation/src/output/pose_per_object_v2/run_20260428_104354_sam_frame_000001/object_002_posed.glb",
  "posed_glb_isaac": "/Users/woo/Documents/GitHub/Robot-Lab/rb-multiview-calibration-pose-estimation/src/output/pose_per_object_v2/run_20260428_104354_sam_frame_000001/object_002_posed_isaac.glb"
}