{
  "frame_id": "000001",
  "object_name": "object_001",
  "label": "빨강 아치",
  "coordinate_frame": "base (= cam0)",
  "unit": "meter",
  "position_m": [
    -0.01668791670734139,
    0.05312114802798322,
    0.4120245202522514
  ],
  "quaternion_xyzw": [
    0.05792345881388507,
    -0.11206531180517429,
    -0.05657756827832152,
    0.9903964951355377
  ],
  "euler_xyz_deg": [
    7.497255592596221,
    -12.44039466765954,
    -7.357361750324843
  ],
  "T_base_obj": [
    [
      0.9684806893154421,
      0.09908602970665803,
      -0.22853252096814988,
      -0.01668791670734139
    ],
    [
      -0.12505087159790684,
      0.9868877033734961,
      -0.10205361553022167,
      0.05312114802798322
    ],
    [
      0.2154238471843134,
      0.12741514685137614,
      0.9681724776180909,
      0.4120245202522514
    ],
    [
      0.0,
      0.0,
      0.0,
      1.0
    ]
  ],
  "rotation_matrix": [
    [
      0.9684806893154421,
      0.09908602970665803,
      -0.22853252096814988
    ],
    [
      -0.12505087159790684,
      0.9868877033734961,
      -0.10205361553022167
    ],
    [
      0.2154238471843134,
      0.12741514685137614,
      0.9681724776180909
    ]
  ],
  "scale": 0.6736482203533934,
  "anisotropic_scale_xyz": [
    0.7193335440341514,
    0.8757426864594116,
    0.8601334558130687
  ],
  "real_size_m": {
    "x": 0.08746197486572631,
    "y": 0.03476881333454166,
    "z": 0.0636464873567746
  },
  "confidence": 0.5673582570656817,
  "fitness": 0.443,
  "rmse": 0.003017642117938234,
  "depth_score": 0.3829302678668257,
  "coverage": 0.50525,
  "silhouette_score": 0.44266458855055396,
  "posed_glb_opencv": "/Users/woo/Documents/GitHub/Robot-Lab/rb-multiview-calibration-pose-estimation/src/output/pose_per_object_v2/run_20260428_104354_sam_frame_000001/object_001_posed.glb",
  "posed_glb_isaac": "/Users/woo/Documents/GitHub/Robot-Lab/rb-multiview-calibration-pose-estimation/src/output/pose_per_object_v2/run_20260428_104354_sam_frame_000001/object_001_posed_isaac.glb"
}