{
  "frame_id": "000001",
  "object_name": "knife",
  "label": "yellow box-cutter",
  "coordinate_frame": "base (= cam0)",
  "unit": "meter",
  "position_m": [
    -0.03970204289452985,
    0.33128004909293585,
    -0.08657167259853991
  ],
  "quaternion_xyzw": [
    0.045347468519134536,
    -0.17474252409021798,
    0.7738779108475148,
    0.6070598294038008
  ],
  "euler_xyz_deg": [
    -12.975670000904344,
    -16.400220106622015,
    105.65368865564113
  ],
  "T_base_obj": [
    [
      -0.25884394124623505,
      -0.9554286472952511,
      -0.14197152532777663,
      -0.03970204289452985
    ],
    [
      0.9237321228567034,
      -0.20188682759718315,
      -0.3255160119642724,
      0.33128004909293585
    ],
    [
      0.2823451421268803,
      -0.21540150595182023,
      0.9348173147450236,
      -0.08657167259853991
    ],
    [
      0.0,
      0.0,
      0.0,
      1.0
    ]
  ],
  "rotation_matrix": [
    [
      -0.25884394124623505,
      -0.9554286472952511,
      -0.14197152532777663
    ],
    [
      0.9237321228567034,
      -0.20188682759718315,
      -0.3255160119642724
    ],
    [
      0.2823451421268803,
      -0.21540150595182023,
      0.9348173147450236
    ]
  ],
  "scale": 1.0773741066628628,
  "anisotropic_scale_xyz": [
    1.0773741066628628,
    1.0773741066628628,
    1.0773741066628628
  ],
  "real_size_m": {
    "x": 0.32710538626442853,
    "y": 0.19014161560787363,
    "z": 1.07708076568667
  },
  "fitness": 0.0,
  "rmse": 0.0
}