{
  "frame_id": "000001",
  "object_name": "object_003",
  "label": "곤색 직사각형",
  "coordinate_frame": "base (= cam0)",
  "unit": "meter",
  "position_m": [
    -0.09137515435134083,
    0.040154156435165046,
    0.6156144642081705
  ],
  "quaternion_xyzw": [
    -0.6112169246867407,
    -0.2626977788691015,
    -0.3047971493950849,
    0.6815441626735235
  ],
  "euler_xyz_deg": [
    -80.31911826248333,
    -46.94298035602684,
    -7.942181752253159
  ],
  "T_base_obj": [
    [
      0.6761771493957421,
      0.7365960929843196,
      0.014514077142024878,
      -0.09137515435134083
    ],
    [
      -0.09433477889468087,
      0.06702513739422754,
      0.9932817225984671,
      0.040154156435165046
    ],
    [
      0.7306746280841703,
      -0.673003585991577,
      0.1148074959074484,
      0.6156144642081705
    ],
    [
      0.0,
      0.0,
      0.0,
      1.0
    ]
  ],
  "rotation_matrix": [
    [
      0.6761771493957421,
      0.7365960929843196,
      0.014514077142024878
    ],
    [
      -0.09433477889468087,
      0.06702513739422754,
      0.9932817225984671
    ],
    [
      0.7306746280841703,
      -0.673003585991577,
      0.1148074959074484
    ]
  ],
  "scale": 0.626073056759126,
  "anisotropic_scale_xyz": [
    0.6571889875343799,
    0.6124186023670372,
    0.6086115803759606
  ],
  "real_size_m": {
    "x": 0.09422540862886454,
    "y": 0.03773559143297226,
    "z": 0.013913037102877376
  },
  "confidence": 0.8222819909473501,
  "fitness": 0.6148333333333333,
  "rmse": 0.003049320946239766,
  "depth_score": 0.40980546276282176,
  "coverage": 0.5962287029930928,
  "silhouette_score": 0.8222819909473501,
  "posed_glb_opencv": "/Users/woo/Documents/GitHub/Robot-Lab/rb-multiview-calibration-pose-estimation/src/output/pose_per_object_v2/run_20260428_104354_sam_frame_000001/object_003_posed.glb",
  "posed_glb_isaac": "/Users/woo/Documents/GitHub/Robot-Lab/rb-multiview-calibration-pose-estimation/src/output/pose_per_object_v2/run_20260428_104354_sam_frame_000001/object_003_posed_isaac.glb",
  "orientation_tag": "rot_0_270_180",
  "per_cam_iou": [
    0.7959558823529411,
    0.7654573326520184,
    0.8638573743922204
  ]
}