{
  "frame_id": "000001",
  "object_name": "object_001",
  "label": "빨강 아치",
  "coordinate_frame": "base (= cam0)",
  "unit": "meter",
  "position_m": [
    -0.0099183923372574,
    0.05323082534358005,
    0.3967789184349173
  ],
  "quaternion_xyzw": [
    -0.04171536465685899,
    0.8317202054724855,
    0.5535813611180471,
    0.007000341637518689
  ],
  "euler_xyz_deg": [
    112.8081118459205,
    3.3152845258360175,
    -176.46008697921027
  ],
  "T_base_obj": [
    [
      -0.9964216471370069,
      -0.07714154063150276,
      -0.03454104552229014,
      -0.0099183923372574
    ],
    [
      -0.06164050602354698,
      0.3836150099484713,
      0.9214336504379446,
      0.05323082534358005
    ],
    [
      -0.05783034786282871,
      0.9202655632214175,
      -0.3869973436792969,
      0.3967789184349173
    ],
    [
      0.0,
      0.0,
      0.0,
      1.0
    ]
  ],
  "rotation_matrix": [
    [
      -0.9964216471370069,
      -0.07714154063150276,
      -0.03454104552229014
    ],
    [
      -0.06164050602354698,
      0.3836150099484713,
      0.9214336504379446
    ],
    [
      -0.05783034786282871,
      0.9202655632214175,
      -0.3869973436792969
    ]
  ],
  "scale": 0.5894043873476433,
  "anisotropic_scale_xyz": [
    0.5275845449094135,
    0.7690748628861411,
    0.4715537542473754
  ],
  "real_size_m": {
    "x": 0.08746197486572631,
    "y": 0.03476881333454166,
    "z": 0.0636464873567746
  },
  "confidence": 0.6427328188110352,
  "fitness": 0.443,
  "rmse": 0.003017642117938234,
  "depth_score": 0.3829302678668257,
  "coverage": 0.50525,
  "silhouette_score": 0.6427328188110352,
  "posed_glb_opencv": "/Users/woo/Documents/GitHub/Robot-Lab/rb-multiview-calibration-pose-estimation/src/output/pose_per_object_v2/run_20260428_104354_sam_frame_000001/object_001_posed.glb",
  "posed_glb_isaac": "/Users/woo/Documents/GitHub/Robot-Lab/rb-multiview-calibration-pose-estimation/src/output/pose_per_object_v2/run_20260428_104354_sam_frame_000001/object_001_posed_isaac.glb",
  "orientation_tag": "rot_90_180_0",
  "per_cam_iou": [
    0.7492283950617284,
    0.3115814226925338,
    0.7550607287449392
  ]
}