{
  "frame_id": "000001",
  "object_name": "object_004",
  "label": "민트 실린더",
  "coordinate_frame": "base (= cam0)",
  "unit": "meter",
  "position_m": [
    0.004607386871607283,
    0.022648965618364318,
    0.5544467603457923
  ],
  "quaternion_xyzw": [
    0.6966830150124609,
    0.23347250166246128,
    -0.27710106824119235,
    0.6191432512272175
  ],
  "euler_xyz_deg": [
    96.20703886607524,
    42.470387241002086,
    -1.3841525494947147
  ],
  "T_base_obj": [
    [
      0.7374111778941242,
      0.6684431653801844,
      -0.09699736786799858,
      0.004607386871607283
    ],
    [
      -0.01781785985736319,
      -0.12430445085452534,
      -0.9920841332104139,
      0.022648965618364318
    ],
    [
      -0.6752090628737916,
      0.7333022147479678,
      -0.07975326487876143,
      0.5544467603457923
    ],
    [
      0.0,
      0.0,
      0.0,
      1.0
    ]
  ],
  "rotation_matrix": [
    [
      0.7374111778941242,
      0.6684431653801844,
      -0.09699736786799858
    ],
    [
      -0.01781785985736319,
      -0.12430445085452534,
      -0.9920841332104139
    ],
    [
      -0.6752090628737916,
      0.7333022147479678,
      -0.07975326487876143
    ]
  ],
  "scale": 0.5097973144385762,
  "anisotropic_scale_xyz": [
    0.5109522643110845,
    0.5109522643110845,
    0.5074874146935596
  ],
  "real_size_m": {
    "x": 0.029239208393691426,
    "y": 0.02960102143426045,
    "z": 0.05401552349383582
  },
  "confidence": 0.7855779093344908,
  "fitness": 0.4608333333333333,
  "rmse": 0.0022851944776112864,
  "depth_score": 0.4356751824817518,
  "coverage": 0.7107316303099885,
  "silhouette_score": 0.7855779093344908,
  "posed_glb_opencv": "/Users/woo/Documents/GitHub/Robot-Lab/rb-multiview-calibration-pose-estimation/src/output/pose_per_object_v2/run_20260428_104354_sam_frame_000001/object_004_posed.glb",
  "posed_glb_isaac": "/Users/woo/Documents/GitHub/Robot-Lab/rb-multiview-calibration-pose-estimation/src/output/pose_per_object_v2/run_20260428_104354_sam_frame_000001/object_004_posed_isaac.glb",
  "orientation_tag": "original",
  "per_cam_iou": [
    0.61090458488228,
    0.6275443915114768,
    0.951931330472103
  ]
}