{
  "frame_id": "000001",
  "object_name": "object_002",
  "label": "노랑 실린더",
  "coordinate_frame": "base (= cam0)",
  "unit": "meter",
  "position_m": [
    -0.18907289454648893,
    0.036949126456097846,
    0.4490059452377898
  ],
  "quaternion_xyzw": [
    0.6428309509436612,
    0.2887893523486209,
    0.33974914946500695,
    -0.6228479701474001
  ],
  "euler_xyz_deg": [
    -89.36141206748997,
    -52.80154884134482,
    -4.928299152537866
  ],
  "T_base_obj": [
    [
      0.6023424508157365,
      0.7945096041925065,
      0.07705881384473945,
      -0.18907289454648893
    ],
    [
      -0.051938668221834516,
      -0.05732223210665496,
      0.9970037795563531,
      0.036949126456097846
    ],
    [
      0.7965462614868225,
      -0.6045400322163761,
      0.00673815695786463,
      0.4490059452377898
    ],
    [
      0.0,
      0.0,
      0.0,
      1.0
    ]
  ],
  "rotation_matrix": [
    [
      0.6023424508157365,
      0.7945096041925065,
      0.07705881384473945
    ],
    [
      -0.051938668221834516,
      -0.05732223210665496,
      0.9970037795563531
    ],
    [
      0.7965462614868225,
      -0.6045400322163761,
      0.00673815695786463
    ]
  ],
  "scale": 0.4745476031394908,
  "anisotropic_scale_xyz": [
    0.45231523742621677,
    0.45231523742621677,
    0.5190123345660389
  ],
  "real_size_m": {
    "x": 0.028437629007012067,
    "y": 0.02840649876710418,
    "z": 0.06330678783408776
  },
  "confidence": 0.8415453843960573,
  "fitness": 0.37716666666666665,
  "rmse": 0.0019639212100691734,
  "depth_score": 0.4730831973898858,
  "coverage": 0.5454920382165604,
  "silhouette_score": 0.8415453843960573,
  "posed_glb_opencv": "/Users/woo/Documents/GitHub/Robot-Lab/rb-multiview-calibration-pose-estimation/src/output/pose_per_object_v2/run_20260428_104354_sam_frame_000001/object_002_posed.glb",
  "posed_glb_isaac": "/Users/woo/Documents/GitHub/Robot-Lab/rb-multiview-calibration-pose-estimation/src/output/pose_per_object_v2/run_20260428_104354_sam_frame_000001/object_002_posed_isaac.glb",
  "orientation_tag": "yaw_180",
  "per_cam_iou": [
    0.8267782426778243,
    0.6631908237747653,
    0.9381062355658198
  ]
}