{
  "frame_id": "000004",
  "object_name": "knife_adhoc",
  "label": "knife_adhoc",
  "coordinate_frame": "base (= cam0)",
  "unit": "meter",
  "position_m": [
    -0.06256441938576798,
    0.05881586270633813,
    0.3191278009135624
  ],
  "quaternion_xyzw": [
    0.9468139663316361,
    0.15245807795274569,
    -0.23384304499474803,
    -0.16005398443617144
  ],
  "euler_xyz_deg": [
    -155.96240653647794,
    23.204162068086045,
    23.300364320204064
  ],
  "T_base_obj": [
    [
      0.8441479295492075,
      0.2138438528028533,
      -0.49161476753215294,
      -0.06256441938576798
    ],
    [
      0.363553897139531,
      -0.9022785130643156,
      0.2317801732967556,
      0.05881586270633813
    ],
    [
      -0.394008676189054,
      -0.3743852180266716,
      -0.8394003047456132,
      0.3191278009135624
    ],
    [
      0.0,
      0.0,
      0.0,
      1.0
    ]
  ],
  "rotation_matrix": [
    [
      0.8441479295492075,
      0.2138438528028533,
      -0.49161476753215294
    ],
    [
      0.363553897139531,
      -0.9022785130643156,
      0.2317801732967556
    ],
    [
      -0.394008676189054,
      -0.3743852180266716,
      -0.8394003047456132
    ]
  ],
  "scale": 0.12855049065203608,
  "anisotropic_scale_xyz": [
    0.12855049065203608,
    0.12855049065203608,
    0.12855049065203608
  ],
  "real_size_m": {
    "x": 0.03902967190242156,
    "y": 0.022687382060326194,
    "z": 0.128515489693516
  },
  "fitness": 1.0,
  "rmse": 0.004251215226301453
}