{
  "frame_id": "000004",
  "object_name": "knife",
  "coordinate_frame": "base (= cam0)",
  "unit": "meter",
  "position_m": [
    -0.08331498864350381,
    0.07303292986453545,
    0.3064231721337569
  ],
  "quaternion_xyzw": [
    0.9665777473748481,
    0.008541804437603384,
    -0.21243601572904008,
    -0.14326700624318534
  ],
  "euler_xyz_deg": [
    -162.0995805170195,
    24.09333892255338,
    4.8626607356299445
  ],
  "T_base_obj": [
    [
      0.9095959535963245,
      -0.04435750779978143,
      -0.4131193685884223,
      -0.08331498864350381
    ],
    [
      0.07738278016700836,
      -0.95880320499613,
      0.27332822653135164,
      0.07303292986453545
    ],
    [
      -0.40822433358939264,
      -0.28058657413878846,
      -0.8686910082846733,
      0.3064231721337569
    ],
    [
      0.0,
      0.0,
      0.0,
      1.0
    ]
  ],
  "scale": 0.24618989902391775,
  "fitness": 0.51525,
  "rmse": 0.013313727086951785,
  "real_size_m": [
    0.07474659128764372,
    0.043449109141617134,
    0.24612286791108345
  ]
}