{
  "ref_cam_idx": 0,
  "T_Cref_Ci": {
    "0": [
      1.0,
      0.0,
      0.0,
      0.0,
      0.0,
      1.0,
      0.0,
      0.0,
      0.0,
      0.0,
      1.0,
      0.0,
      0.0,
      0.0,
      0.0,
      1.0
    ],
    "1": [
      -0.3258124243114222,
      -0.17296906939563148,
      0.9294772537245978,
      -0.3247865856383813,
      0.2160210912780666,
      0.9434951460026946,
      0.2513002140710613,
      -0.06764685950133402,
      -0.9204244413758492,
      0.28266342264526767,
      -0.2700374737167768,
      0.43396599802218166,
      0.0,
      0.0,
      0.0,
      1.0
    ],
    "2": [
      -0.3912822699606022,
      0.3764694909130758,
      -0.8397433581878235,
      0.24402029526684027,
      -0.09867421253460615,
      0.8900725001597273,
      0.4450104990218186,
      -0.09994703827992514,
      0.9149653463326297,
      0.2569857328153106,
      -0.3111217577324745,
      0.35938415787172184,
      0.0,
      0.0,
      0.0,
      1.0
    ]
  }
}