{
  "frame_id": "000000",
  "object_name": "object_002",
  "label": "노랑 실린더",
  "coordinate_frame": "base (= cam0)",
  "unit": "meter",
  "position_m": [
    -0.06903262342975582,
    0.010148559209217861,
    0.6320548173356985
  ],
  "quaternion_xyzw": [
    0.7499265738080986,
    -0.13414337115170769,
    0.12600151949328214,
    0.6354048370589301
  ],
  "euler_xyz_deg": [
    99.92061924758279,
    -21.066696907920175,
    -2.5225814544069456
  ],
  "T_base_obj": [
    [
      0.9322583461229242,
      -0.36131930737918483,
      0.01851308183783794,
      -0.06903262342975582
    ],
    [
      -0.041071407527587214,
      -0.15653249803438682,
      -0.9868184820618312,
      0.010148559209217861
    ],
    [
      0.3594544693943492,
      0.9192094076816344,
      -0.1607686202529836,
      0.6320548173356985
    ],
    [
      0.0,
      0.0,
      0.0,
      1.0
    ]
  ],
  "rotation_matrix": [
    [
      0.9322583461229242,
      -0.36131930737918483,
      0.01851308183783794
    ],
    [
      -0.041071407527587214,
      -0.15653249803438682,
      -0.9868184820618312
    ],
    [
      0.3594544693943492,
      0.9192094076816344,
      -0.1607686202529836
    ]
  ],
  "scale": 0.4449339008030129,
  "anisotropic_scale_xyz": [
    0.41722966749189777,
    0.41722966749189777,
    0.5003423674252433
  ],
  "real_size_m": {
    "x": 0.041055086180275174,
    "y": 0.04102307016888472,
    "z": 0.05829037295960194
  },
  "confidence": 0.817463597665808,
  "fitness": 0.5915,
  "rmse": 0.0023663125664772212,
  "depth_score": 0.34502815991136554,
  "coverage": 0.5889329896907216,
  "silhouette_score": 0.817463597665808,
  "posed_glb_opencv": "/Users/woo/Documents/GitHub/Robot-Lab/rb-multiview-calibration-pose-estimation/src/output/pose_per_object_v2/run_20260420_154121_sam_frame_000000/object_002_posed.glb",
  "posed_glb_isaac": "/Users/woo/Documents/GitHub/Robot-Lab/rb-multiview-calibration-pose-estimation/src/output/pose_per_object_v2/run_20260420_154121_sam_frame_000000/object_002_posed_isaac.glb",
  "orientation_tag": "original"
}