{
  "frame_id": "000000",
  "object_name": "object_003",
  "label": "곤색 직사각형",
  "coordinate_frame": "base (= cam0)",
  "unit": "meter",
  "position_m": [
    -0.1498594147629634,
    0.04564194177577528,
    0.5111270372909211
  ],
  "quaternion_xyzw": [
    0.9495677089113898,
    -0.02064877603350634,
    0.3055860847774085,
    -0.06717096866583762
  ],
  "euler_xyz_deg": [
    -170.1117860064304,
    -35.28018647075689,
    -5.642828816207102
  ],
  "T_base_obj": [
    [
      0.8123815456752945,
      0.0018382047507079903,
      0.5831233533690667,
      -0.1498594147629634
    ],
    [
      -0.08026784855015844,
      -0.9901233780236472,
      0.11494680839531517,
      0.04564194177577528
    ],
    [
      0.5775753602142492,
      -0.14018672288891695,
      -0.8042104115118576,
      0.5111270372909211
    ],
    [
      0.0,
      0.0,
      0.0,
      1.0
    ]
  ],
  "rotation_matrix": [
    [
      0.8123815456752945,
      0.0018382047507079903,
      0.5831233533690667
    ],
    [
      -0.08026784855015844,
      -0.9901233780236472,
      0.11494680839531517
    ],
    [
      0.5775753602142492,
      -0.14018672288891695,
      -0.8042104115118576
    ]
  ],
  "scale": 0.6182491004628211,
  "anisotropic_scale_xyz": [
    0.7579058810507312,
    0.5330769914871772,
    0.5637644288505548
  ],
  "real_size_m": {
    "x": 0.09260295213461481,
    "y": 0.03181417530190005,
    "z": 0.01777577137089068
  },
  "confidence": 0.898247158663512,
  "fitness": 0.5248333333333334,
  "rmse": 0.0021432488444741507,
  "depth_score": 0.5529663535845916,
  "coverage": 0.637464983713355,
  "silhouette_score": 0.898247158663512,
  "posed_glb_opencv": "/Users/woo/Documents/GitHub/Robot-Lab/rb-multiview-calibration-pose-estimation/src/output/pose_per_object_v2/run_20260420_154121_sam_frame_000000/object_003_posed.glb",
  "posed_glb_isaac": "/Users/woo/Documents/GitHub/Robot-Lab/rb-multiview-calibration-pose-estimation/src/output/pose_per_object_v2/run_20260420_154121_sam_frame_000000/object_003_posed_isaac.glb",
  "orientation_tag": "rot_0_0_0"
}