{
  "frame_id": "000001",
  "object_name": "hole",
  "label": "검정 큐브 (구멍)",
  "coordinate_frame": "base (= cam0)",
  "unit": "meter",
  "position_m": [
    -0.35124464032966024,
    -0.1770354222876072,
    0.015956907133996015
  ],
  "quaternion_xyzw": [
    0.47129947342526995,
    -0.0668443931694994,
    0.781012703607488,
    0.4042620316757272
  ],
  "euler_xyz_deg": [
    26.83563855634075,
    -52.20673494446256,
    111.93283742681204
  ],
  "T_base_obj": [
    [
      -0.22889803218849475,
      -0.6944750192532031,
      0.6821364515198651,
      -0.35124464032966024
    ],
    [
      0.5684601100442608,
      -0.6642080736929625,
      -0.4854696057695227,
      -0.1770354222876072
    ],
    [
      0.7902270522733965,
      0.27664432484782747,
      0.5468172669015745,
      0.015956907133996015
    ],
    [
      0.0,
      0.0,
      0.0,
      1.0
    ]
  ],
  "rotation_matrix": [
    [
      -0.22889803218849475,
      -0.6944750192532031,
      0.6821364515198651
    ],
    [
      0.5684601100442608,
      -0.6642080736929625,
      -0.4854696057695227
    ],
    [
      0.7902270522733965,
      0.27664432484782747,
      0.5468172669015745
    ]
  ],
  "scale": 1.3514220438258222,
  "anisotropic_scale_xyz": [
    1.3514220438258222,
    1.3514220438258222,
    1.3514220438258222
  ],
  "real_size_m": {
    "x": 0.6659030881194108,
    "y": 0.6416446215930556,
    "z": 0.6645519855409734
  },
  "fitness": 0.0105,
  "rmse": 0.015065664590387344
}