{
  "frame_id": "000000",
  "cluster_id": 7,
  "model_name": "object_003",
  "label": "곤색 직사각형",
  "symmetry": "none",
  "coordinate_frame": "base (= cam0)",
  "unit": "meter",
  "position_m": [
    0.23703762683596413,
    -0.05738974283889009,
    0.1501742056297268
  ],
  "quaternion_xyzw": [
    -0.30019710214083023,
    0.21206434447715802,
    0.694146096480685,
    -0.6189277909484665
  ],
  "euler_xyz_deg": [
    42.38243998338739,
    8.873664371862354,
    -93.11095541913237
  ],
  "T_base_obj": [
    [
      -0.0536201789157984,
      0.731930416821708,
      -0.6792663257841058,
      0.23703762683596413
    ],
    [
      -0.9865748235394582,
      -0.1439142067862491,
      -0.07719338471120141,
      -0.05738974283889009
    ],
    [
      -0.1542562607193775,
      0.6660079323974197,
      0.7298208273354426,
      0.1501742056297268
    ],
    [
      0.0,
      0.0,
      0.0,
      1.0
    ]
  ],
  "rotation_matrix": [
    [
      -0.0536201789157984,
      0.731930416821708,
      -0.6792663257841058
    ],
    [
      -0.9865748235394582,
      -0.1439142067862491,
      -0.07719338471120141
    ],
    [
      -0.1542562607193775,
      0.6660079323974197,
      0.7298208273354426
    ]
  ],
  "scale": 2.473681954099781,
  "anisotropic_scale_xyz": [
    2.473681954099781,
    3.2157865403297152,
    2.473681954099781
  ],
  "real_size_m": {
    "x": 0.3020914166473137,
    "y": 0.17434976831735677,
    "z": 0.05799368217823417
  },
  "confidence": 0.3644595586967715,
  "fitness": 0.12983333333333333,
  "rmse": 0.012740505991182085,
  "depth_score": 0.364376130198915,
  "coverage": 0.34715044125758415,
  "silhouette_score": 0.2880635531042858,
  "cluster_centroid_m": [
    0.2512304077122267,
    -0.07610657528759834,
    0.14084502102179217
  ],
  "cluster_extents_m": [
    0.13570953861846125,
    0.06844989624192285,
    0.1375822357235951
  ],
  "posed_glb_opencv": "/Users/woo/Documents/GitHub/Robot-Lab/rb-multiview-calibration-pose-estimation/src/output/pose_per_object/frame_000000/cluster_07__object_003_posed.glb",
  "posed_glb_isaac": "/Users/woo/Documents/GitHub/Robot-Lab/rb-multiview-calibration-pose-estimation/src/output/pose_per_object/frame_000000/cluster_07__object_003_posed_isaac.glb"
}