{
  "frame_id": "000000",
  "cluster_id": 5,
  "model_name": "object_001",
  "label": "빨강 아치",
  "symmetry": "none",
  "coordinate_frame": "base (= cam0)",
  "unit": "meter",
  "position_m": [
    0.22131209253813947,
    -0.07012116581240119,
    0.7305024407783928
  ],
  "quaternion_xyzw": [
    0.642121261752257,
    0.5517224101459707,
    0.4108433919205982,
    0.33836426327788893
  ],
  "euler_xyz_deg": [
    116.0200310841683,
    -8.873664371862354,
    86.88904458086763
  ],
  "T_base_obj": [
    [
      0.0536201789157984,
      0.43051593702024915,
      0.9009888480911484,
      0.22131209253813947
    ],
    [
      0.9865748235394585,
      -0.16222401495826533,
      0.018801237430214345,
      -0.07012116581240119
    ],
    [
      0.15425626071937765,
      0.8878847881016979,
      -0.4334346653031784,
      0.7305024407783928
    ],
    [
      0.0,
      0.0,
      0.0,
      1.0
    ]
  ],
  "rotation_matrix": [
    [
      0.0536201789157984,
      0.43051593702024915,
      0.9009888480911484
    ],
    [
      0.9865748235394585,
      -0.16222401495826533,
      0.018801237430214345
    ],
    [
      0.15425626071937765,
      0.8878847881016979,
      -0.4334346653031784
    ]
  ],
  "scale": 1.2408026835901853,
  "anisotropic_scale_xyz": [
    1.2408026835901853,
    1.463848931545393,
    1.613043488667241
  ],
  "real_size_m": {
    "x": 0.1508773001930377,
    "y": 0.05810778087155422,
    "z": 0.11934585838305888
  },
  "confidence": 0.3158860599092844,
  "fitness": 0.11133333333333334,
  "rmse": 0.006289093975640622,
  "depth_score": 0.3581081081081081,
  "coverage": 0.2043882598331347,
  "silhouette_score": 0.10551006399136059,
  "cluster_centroid_m": [
    0.2138677187508181,
    -0.14234033830297302,
    0.7200313094930231
  ],
  "cluster_extents_m": [
    0.09578302270342678,
    0.10454658922657431,
    0.09680000459775329
  ],
  "posed_glb_opencv": "/Users/woo/Documents/GitHub/Robot-Lab/rb-multiview-calibration-pose-estimation/src/output/pose_per_object/frame_000000/cluster_05__object_001_posed.glb",
  "posed_glb_isaac": "/Users/woo/Documents/GitHub/Robot-Lab/rb-multiview-calibration-pose-estimation/src/output/pose_per_object/frame_000000/cluster_05__object_001_posed_isaac.glb"
}