{
  "frame_id": "000000",
  "object_name": "object_002",
  "label": "노랑 실린더",
  "coordinate_frame": "base (= cam0)",
  "unit": "meter",
  "position_m": [
    -0.05706675782022314,
    0.014236330492158826,
    0.6346510482520173
  ],
  "quaternion_xyzw": [
    0.7266627348794374,
    0.2243568659383266,
    -0.22497694432006535,
    0.6091064282769263
  ],
  "euler_xyz_deg": [
    101.30245385884814,
    36.8898923238582,
    3.727381138459822
  ],
  "T_base_obj": [
    [
      0.7980987424613619,
      0.6001333535810238,
      -0.053650304746569934,
      -0.05706675782022314
    ],
    [
      0.05199374158456959,
      -0.15730671147581168,
      -0.9861801302788039,
      0.014236330492158826
    ],
    [
      -0.6002791418311982,
      0.7842796417351962,
      -0.15674946711195098,
      0.6346510482520173
    ],
    [
      0.0,
      0.0,
      0.0,
      1.0
    ]
  ],
  "rotation_matrix": [
    [
      0.7980987424613619,
      0.6001333535810238,
      -0.053650304746569934
    ],
    [
      0.05199374158456959,
      -0.15730671147581168,
      -0.9861801302788039
    ],
    [
      -0.6002791418311982,
      0.7842796417351962,
      -0.15674946711195098
    ]
  ],
  "scale": 0.31551255709990833,
  "anisotropic_scale_xyz": [
    0.3320327937381217,
    0.3320327937381217,
    0.41016632422988086
  ],
  "real_size_m": {
    "x": 0.023626676482252085,
    "y": 0.023605855064725755,
    "z": 0.05013461806257866
  },
  "confidence": 0.6723852865059948,
  "fitness": 0.43383333333333335,
  "rmse": 0.0021366825204972547,
  "depth_score": 0.3799421407907425,
  "coverage": 0.69725,
  "silhouette_score": 0.6723852865059948,
  "posed_glb_opencv": "/Users/woo/Documents/GitHub/Robot-Lab/rb-multiview-calibration-pose-estimation/src/output/pose_per_object/frame_000000/object_002_posed.glb",
  "posed_glb_isaac": "/Users/woo/Documents/GitHub/Robot-Lab/rb-multiview-calibration-pose-estimation/src/output/pose_per_object/frame_000000/object_002_posed_isaac.glb"
}