{
  "frame_id": "000000",
  "object_name": "object_004",
  "label": "민트 실린더",
  "coordinate_frame": "base (= cam0)",
  "unit": "meter",
  "position_m": [
    0.021633672692969397,
    0.020815630108087946,
    0.5757920050005861
  ],
  "quaternion_xyzw": [
    -0.5148533826865237,
    0.5597327289807829,
    -0.45331791335610494,
    -0.46489583335886797
  ],
  "euler_xyz_deg": [
    -169.60054811436473,
    -80.82982235733743,
    -103.64503427706775
  ],
  "T_base_obj": [
    [
      -0.03759571692325292,
      -0.9978517960427392,
      -0.05365030474656998,
      0.021633672692969397
    ],
    [
      -0.15486935962010143,
      0.05885772753213255,
      -0.9861801302788047,
      0.020815630108087946
    ],
    [
      0.9872193492429847,
      -0.02876736067451553,
      -0.15674946711195106,
      0.5757920050005861
    ],
    [
      0.0,
      0.0,
      0.0,
      1.0
    ]
  ],
  "rotation_matrix": [
    [
      -0.03759571692325292,
      -0.9978517960427392,
      -0.05365030474656998
    ],
    [
      -0.15486935962010143,
      0.05885772753213255,
      -0.9861801302788047
    ],
    [
      0.9872193492429847,
      -0.02876736067451553,
      -0.15674946711195106
    ]
  ],
  "scale": 0.32388813177329095,
  "anisotropic_scale_xyz": [
    0.326908373360125,
    0.326908373360125,
    0.4181315001032391
  ],
  "real_size_m": {
    "x": 0.02205893514158983,
    "y": 0.022330841195413086,
    "z": 0.05111207362676305
  },
  "confidence": 0.5187580027014047,
  "fitness": 0.37466666666666665,
  "rmse": 0.002102158238079165,
  "depth_score": 0.42458866544789764,
  "coverage": 0.6704316693944354,
  "silhouette_score": 0.5187580027014047,
  "posed_glb_opencv": "/Users/woo/Documents/GitHub/Robot-Lab/rb-multiview-calibration-pose-estimation/src/output/pose_per_object/frame_000000/object_004_posed.glb",
  "posed_glb_isaac": "/Users/woo/Documents/GitHub/Robot-Lab/rb-multiview-calibration-pose-estimation/src/output/pose_per_object/frame_000000/object_004_posed_isaac.glb"
}