{
  "frame_id": "000000",
  "object_name": "object_003",
  "label": "곤색 직사각형",
  "coordinate_frame": "base (= cam0)",
  "unit": "meter",
  "position_m": [
    -0.16524701833019217,
    0.04852156296098802,
    0.5078869739549026
  ],
  "quaternion_xyzw": [
    0.9302242539179043,
    -0.05333727608422165,
    0.3574533571856146,
    -0.06375790021265734
  ],
  "euler_xyz_deg": [
    -167.98221086946367,
    -41.164429676383904,
    -11.090468900536873
  ],
  "T_base_obj": [
    [
      0.7387644648324183,
      -0.053650304746569955,
      0.6718249104476022,
      -0.16524701833019217
    ],
    [
      -0.14481220665915936,
      -0.9861801302788047,
      0.08048711351449461,
      0.04852156296098802
    ],
    [
      0.6582222195448122,
      -0.15674946711195106,
      -0.7363240551938072,
      0.5078869739549026
    ],
    [
      0.0,
      0.0,
      0.0,
      1.0
    ]
  ],
  "rotation_matrix": [
    [
      0.7387644648324183,
      -0.053650304746569955,
      0.6718249104476022
    ],
    [
      -0.14481220665915936,
      -0.9861801302788047,
      0.08048711351449461
    ],
    [
      0.6582222195448122,
      -0.15674946711195106,
      -0.7363240551938072
    ]
  ],
  "scale": 0.48204291628420537,
  "anisotropic_scale_xyz": [
    0.626655791169467,
    0.5212657639645368,
    0.5583542853831558
  ],
  "real_size_m": {
    "x": 0.07652499595702493,
    "y": 0.028264395247292164,
    "z": 0.01309037067309421
  },
  "confidence": 0.6684708293032972,
  "fitness": 0.4056666666666667,
  "rmse": 0.002089756853775032,
  "depth_score": 0.5505483549351944,
  "coverage": 0.6149698221092758,
  "silhouette_score": 0.6684708293032972,
  "posed_glb_opencv": "/Users/woo/Documents/GitHub/Robot-Lab/rb-multiview-calibration-pose-estimation/src/output/pose_per_object/frame_000000/object_003_posed.glb",
  "posed_glb_isaac": "/Users/woo/Documents/GitHub/Robot-Lab/rb-multiview-calibration-pose-estimation/src/output/pose_per_object/frame_000000/object_003_posed_isaac.glb"
}