{
  "frame_id": "000000",
  "object_name": "object_001",
  "label": "빨강 아치",
  "coordinate_frame": "base (= cam0)",
  "unit": "meter",
  "position_m": [
    -0.01781423207882263,
    0.05214381593153285,
    0.4059741612259593
  ],
  "quaternion_xyzw": [
    0.00473578383052126,
    0.6493095092445347,
    0.7596677235071818,
    0.035772662992121396
  ],
  "euler_xyz_deg": [
    80.97471004351088,
    2.250000028749797,
    176.5287702032484
  ],
  "T_base_obj": [
    [
      -0.9973957778668241,
      -0.04820069596920596,
      0.05365030474656997,
      -0.01781423207882263
    ],
    [
      0.06050065386757485,
      -0.15423495557395706,
      0.9861801302788045,
      0.05214381593153285
    ],
    [
      -0.03925981625943999,
      0.9868577766757926,
      0.15674946711195104,
      0.4059741612259593
    ],
    [
      0.0,
      0.0,
      0.0,
      1.0
    ]
  ],
  "rotation_matrix": [
    [
      -0.9973957778668241,
      -0.04820069596920596,
      0.05365030474656997
    ],
    [
      0.06050065386757485,
      -0.15423495557395706,
      0.9861801302788045
    ],
    [
      -0.03925981625943999,
      0.9868577766757926,
      0.15674946711195104
    ]
  ],
  "scale": 0.5932536615124244,
  "anisotropic_scale_xyz": [
    0.7371247116664816,
    0.7712297599661517,
    0.49840335059186086
  ],
  "real_size_m": {
    "x": 0.08962439978433295,
    "y": 0.030624559783477442,
    "z": 0.03687006945898779
  },
  "confidence": 0.5797581806584439,
  "fitness": 0.476,
  "rmse": 0.0025763121536484636,
  "depth_score": 0.7076116681859617,
  "coverage": 0.48562993282955497,
  "silhouette_score": 0.5797581806584439,
  "posed_glb_opencv": "/Users/woo/Documents/GitHub/Robot-Lab/rb-multiview-calibration-pose-estimation/src/output/pose_per_object/frame_000000/object_001_posed.glb",
  "posed_glb_isaac": "/Users/woo/Documents/GitHub/Robot-Lab/rb-multiview-calibration-pose-estimation/src/output/pose_per_object/frame_000000/object_001_posed_isaac.glb"
}