{
  "frame_id": "000000",
  "object_name": "object_002",
  "label": "노랑 실린더",
  "coordinate_frame": "base (= cam0)",
  "unit": "meter",
  "position_m": [
    0.010210285702842964,
    0.029328888860402025,
    0.55490663148242
  ],
  "quaternion_xyzw": [
    0.4735820626517333,
    -0.5602158793004183,
    0.5824363934651718,
    0.3502085751112786
  ],
  "euler_xyz_deg": [
    -103.3662584520333,
    -70.74281460325457,
    -158.16491821075357
  ],
  "T_base_obj": [
    [
      -0.30614796770611474,
      -0.938564822195473,
      0.15927804747232205,
      0.010210285702842964
    ],
    [
      -0.12266794440191348,
      -0.12702424499637407,
      -0.9842852313223591,
      0.029328888860402025
    ],
    [
      0.9440476668503686,
      -0.32087523388426376,
      -0.07624360297162264,
      0.55490663148242
    ],
    [
      0.0,
      0.0,
      0.0,
      1.0
    ]
  ],
  "rotation_matrix": [
    [
      -0.30614796770611474,
      -0.938564822195473,
      0.15927804747232205
    ],
    [
      -0.12266794440191348,
      -0.12702424499637407,
      -0.9842852313223591
    ],
    [
      0.9440476668503686,
      -0.32087523388426376,
      -0.07624360297162264
    ]
  ],
  "scale": 0.8,
  "real_size_m": {
    "x": 0.05693579316139222,
    "y": 0.056884223222732545,
    "z": 0.09780655503273011
  },
  "confidence": 0.20173096362834692,
  "fitness": 0.52605,
  "rmse": 0.0036032185535207063,
  "depth_score": 0.3709484987074965,
  "coverage": 0.5438247204968945,
  "posed_glb_opencv": "src/output/pose_pipeline_000000_v2/object_002_posed_000000.glb",
  "posed_glb_isaac": "src/output/pose_pipeline_000000_v2/object_002_posed_000000_isaac.glb"
}