{
  "frame_id": "000000",
  "object_name": "object_001",
  "label": "빨강 아치",
  "coordinate_frame": "base (= cam0)",
  "unit": "meter",
  "position_m": [
    0.2358312919178821,
    -0.015382266443548342,
    0.6837573131758291
  ],
  "quaternion_xyzw": [
    -0.033820409508674036,
    0.8041769792362569,
    -0.5902907195132151,
    -0.060929733494290886
  ],
  "euler_xyz_deg": [
    -107.37005951956347,
    -7.927753676630222,
    178.98543648203898
  ],
  "T_base_obj": [
    [
      -0.9902874949539606,
      -0.12632770195862417,
      -0.05806883032800451,
      0.2358312919178821
    ],
    [
      0.017537322937749494,
      0.30082609271447297,
      -0.9535177524547306,
      -0.015382266443548342
    ],
    [
      0.13792432578043162,
      -0.9452750783026053,
      -0.295688868065771,
      0.6837573131758291
    ],
    [
      0.0,
      0.0,
      0.0,
      1.0
    ]
  ],
  "rotation_matrix": [
    [
      -0.9902874949539606,
      -0.12632770195862417,
      -0.05806883032800451
    ],
    [
      0.017537322937749494,
      0.30082609271447297,
      -0.9535177524547306
    ],
    [
      0.13792432578043162,
      -0.9452750783026053,
      -0.295688868065771
    ]
  ],
  "scale": 1.0,
  "real_size_m": {
    "x": 0.12161396443843842,
    "y": 0.03972591832280159,
    "z": 0.0740295946598053
  },
  "confidence": 0.17905288132811673,
  "fitness": 0.45425,
  "rmse": 0.004764347586937324,
  "depth_score": 0.5378845184064549,
  "coverage": 0.3328835004557885,
  "posed_glb_opencv": "src/output/pose_pipeline_000000_v2/object_001_posed_000000.glb",
  "posed_glb_isaac": "src/output/pose_pipeline_000000_v2/object_001_posed_000000_isaac.glb"
}