{
  "frame_id": "000000",
  "object_name": "object_004",
  "label": "민트 실린더",
  "coordinate_frame": "base (= cam0)",
  "unit": "meter",
  "position_m": [
    -0.06808955276467835,
    0.029748689604193024,
    0.6235312617514219
  ],
  "quaternion_xyzw": [
    0.05688286188912208,
    0.44603893873240186,
    0.5319280177248569,
    0.7175417682038309
  ],
  "euler_xyz_deg": [
    43.037101099838544,
    35.421567272872174,
    87.45370301742237
  ],
  "T_base_obj": [
    [
      0.03620369818755413,
      -0.7126171980927333,
      0.7006183135060107,
      -0.06808955276467835
    ],
    [
      0.8141050834890763,
      0.4276338479652148,
      0.39288955841522083,
      0.029748689604193024
    ],
    [
      -0.5795879616372204,
      0.5561528756168806,
      0.5956272103155514,
      0.6235312617514219
    ],
    [
      0.0,
      0.0,
      0.0,
      1.0
    ]
  ],
  "rotation_matrix": [
    [
      0.03620369818755413,
      -0.7126171980927333,
      0.7006183135060107
    ],
    [
      0.8141050834890763,
      0.4276338479652148,
      0.39288955841522083
    ],
    [
      -0.5795879616372204,
      0.5561528756168806,
      0.5956272103155514
    ]
  ],
  "scale": 0.8,
  "real_size_m": {
    "x": 0.053992658853530884,
    "y": 0.054680716991424565,
    "z": 0.09780136346817017
  },
  "confidence": 0.18729930056440375,
  "fitness": 0.4872,
  "rmse": 0.0036530076611526736,
  "depth_score": 0.4013685239491691,
  "coverage": 0.4666516913721019,
  "posed_glb_opencv": "src/output/pose_pipeline_000000_v2/object_004_posed_000000.glb",
  "posed_glb_isaac": "src/output/pose_pipeline_000000_v2/object_004_posed_000000_isaac.glb"
}