{
  "frame_id": "000001",
  "object_name": "hole",
  "label": "검정 큐브 (구멍)",
  "coordinate_frame": "base (= cam0)",
  "unit": "meter",
  "position_m": [
    -0.029596808070664976,
    0.04085997453146023,
    0.3476242020494823
  ],
  "quaternion_xyzw": [
    0.6867310984260958,
    0.6965219529133367,
    0.20654964831184963,
    -0.0243887340083664
  ],
  "euler_xyz_deg": [
    164.4473647837145,
    -18.521634295548708,
    93.36226795140874
  ],
  "T_base_obj": [
    [
      -0.055611176215803325,
      0.9667215404665753,
      0.24971355644785628,
      -0.029596808070664976
    ],
    [
      0.9465716027378378,
      -0.028524717526593295,
      0.32122973302102453,
      0.04085997453146023
    ],
    [
      0.31766271100998755,
      0.254235724641763,
      -0.9134848648714669,
      0.3476242020494823
    ],
    [
      0.0,
      0.0,
      0.0,
      1.0
    ]
  ],
  "rotation_matrix": [
    [
      -0.055611176215803325,
      0.9667215404665753,
      0.24971355644785628
    ],
    [
      0.9465716027378378,
      -0.028524717526593295,
      0.32122973302102453
    ],
    [
      0.31766271100998755,
      0.254235724641763,
      -0.9134848648714669
    ]
  ],
  "scale": 0.14694786943074883,
  "anisotropic_scale_xyz": [
    0.14694786943074883,
    0.14694786943074883,
    0.14694786943074883
  ],
  "real_size_m": {
    "x": 0.07240746182405426,
    "y": 0.06976969963274546,
    "z": 0.07226054869192738
  },
  "fitness": 0.74875,
  "rmse": 0.013310943205659283
}