{
  "frame_id": "000001",
  "object_name": "hole",
  "label": "검정 큐브 (구멍)",
  "coordinate_frame": "base (= cam0)",
  "unit": "meter",
  "position_m": [
    0.12870841705654026,
    -0.1206906416185834,
    0.07450644857186361
  ],
  "quaternion_xyzw": [
    -0.5726305888759514,
    -0.3982878323620166,
    0.3843794047932758,
    0.6047424943285484
  ],
  "euler_xyz_deg": [
    -88.45596429828247,
    -2.3789364206952204,
    67.19645779839792
  ],
  "T_base_obj": [
    [
      0.38723855152549236,
      -0.008757528070851943,
      -0.9219379642436736,
      0.12870841705654026
    ],
    [
      0.9210447120197508,
      0.04869336370844676,
      0.3864008214118525,
      -0.1206906416185834
    ],
    [
      0.04150834456942777,
      -0.9987753811688667,
      0.026922022552296143,
      0.07450644857186361
    ],
    [
      0.0,
      0.0,
      0.0,
      1.0
    ]
  ],
  "rotation_matrix": [
    [
      0.38723855152549236,
      -0.008757528070851943,
      -0.9219379642436736
    ],
    [
      0.9210447120197508,
      0.04869336370844676,
      0.3864008214118525
    ],
    [
      0.04150834456942777,
      -0.9987753811688667,
      0.026922022552296143
    ]
  ],
  "scale": 1.19672180498149,
  "anisotropic_scale_xyz": [
    1.19672180498149,
    1.19672180498149,
    1.19672180498149
  ],
  "real_size_m": {
    "x": 0.5896757043425273,
    "y": 0.568194157567311,
    "z": 0.5884792654330321
  },
  "fitness": 0.014,
  "rmse": 0.01572158875028201
}