{
  "frame_id": "000000",
  "object_name": "object_004",
  "label": "민트 실린더",
  "coordinate_frame": "base (= cam0)",
  "unit": "meter",
  "position_m": [
    0.016328890296908902,
    0.01795328317025164,
    0.5695492762800565
  ],
  "quaternion_xyzw": [
    -0.4311988731646798,
    0.6347839218205874,
    -0.530279195538616,
    -0.36044538998092723
  ],
  "euler_xyz_deg": [
    -116.13046418992177,
    -66.19457574464477,
    -155.84592946959717
  ],
  "T_base_obj": [
    [
      -0.3682933052460155,
      -0.9297096064535646,
      -0.00029829335063977274,
      0.016328890296908902
    ],
    [
      -0.16516284071480952,
      0.06574301312085662,
      -0.9840727068020965,
      0.01795328317025164
    ],
    [
      0.9149214596663365,
      -0.3623781228133791,
      -0.17776619124083087,
      0.5695492762800565
    ],
    [
      0.0,
      0.0,
      0.0,
      1.0
    ]
  ],
  "rotation_matrix": [
    [
      -0.3682933052460155,
      -0.9297096064535646,
      -0.00029829335063977274
    ],
    [
      -0.16516284071480952,
      0.06574301312085662,
      -0.9840727068020965
    ],
    [
      0.9149214596663365,
      -0.3623781228133791,
      -0.17776619124083087
    ]
  ],
  "scale": 0.40702427308538913,
  "anisotropic_scale_xyz": [
    0.3439830841972579,
    0.3439830841972579,
    0.44331755746492524
  ],
  "real_size_m": {
    "x": 0.023202911423311837,
    "y": 0.02348713019862535,
    "z": 0.054190643357689514
  },
  "confidence": 0.5376713371889398,
  "fitness": 0.43083333333333335,
  "rmse": 0.002072339579189926,
  "depth_score": 0.43519357762527516,
  "coverage": 0.6600072964669739,
  "silhouette_score": 0.43866146294218694,
  "posed_glb_opencv": "/Users/woo/Documents/GitHub/Robot-Lab/rb-multiview-calibration-pose-estimation/src/output/pose_per_object/frame_000000/object_004_posed.glb",
  "posed_glb_isaac": "/Users/woo/Documents/GitHub/Robot-Lab/rb-multiview-calibration-pose-estimation/src/output/pose_per_object/frame_000000/object_004_posed_isaac.glb"
}