{
  "frame_id": "000000",
  "object_name": "object_002",
  "label": "노랑 실린더",
  "coordinate_frame": "base (= cam0)",
  "unit": "meter",
  "position_m": [
    -0.06621597523699564,
    0.006921989903774769,
    0.6328543567810072
  ],
  "quaternion_xyzw": [
    0.21659979852399353,
    0.7169963389230334,
    -0.6337809608311904,
    0.19319024545308977
  ],
  "euler_xyz_deg": [
    -98.4102806851784,
    33.47595979109792,
    175.48085617384277
  ],
  "T_base_obj": [
    [
      -0.8315241126822805,
      0.5554831238792854,
      0.002479740562257552,
      -0.06621597523699564
    ],
    [
      0.06572192633339456,
      0.10281244193451695,
      -0.9925271936740521,
      0.006921989903774769
    ],
    [
      -0.5515870542597727,
      -0.8251473207062916,
      -0.1219984454993363,
      0.6328543567810072
    ],
    [
      0.0,
      0.0,
      0.0,
      1.0
    ]
  ],
  "rotation_matrix": [
    [
      -0.8315241126822805,
      0.5554831238792854,
      0.002479740562257552
    ],
    [
      0.06572192633339456,
      0.10281244193451695,
      -0.9925271936740521
    ],
    [
      -0.5515870542597727,
      -0.8251473207062916,
      -0.1219984454993363
    ]
  ],
  "scale": 0.4469767345098111,
  "anisotropic_scale_xyz": [
    0.34030941955098426,
    0.34030941955098426,
    0.4524148966654882
  ],
  "real_size_m": {
    "x": 0.024212855559094665,
    "y": 0.02418938479788158,
    "z": 0.05529435234350362
  },
  "confidence": 0.5472425912651689,
  "fitness": 0.4151666666666667,
  "rmse": 0.001976056197852173,
  "depth_score": 0.4415547299228351,
  "coverage": 0.69275,
  "silhouette_score": 0.42190224205775345,
  "posed_glb_opencv": "/Users/woo/Documents/GitHub/Robot-Lab/rb-multiview-calibration-pose-estimation/src/output/pose_per_object/frame_000000/object_002_posed.glb",
  "posed_glb_isaac": "/Users/woo/Documents/GitHub/Robot-Lab/rb-multiview-calibration-pose-estimation/src/output/pose_per_object/frame_000000/object_002_posed_isaac.glb"
}