{
  "frame_id": "000000",
  "object_name": "object_001",
  "label": "빨강 아치",
  "coordinate_frame": "base (= cam0)",
  "unit": "meter",
  "position_m": [
    -0.018297438160218036,
    0.04507056611257167,
    0.41677675387544316
  ],
  "quaternion_xyzw": [
    -0.06297778820199769,
    0.6212530429727583,
    0.7757407866476829,
    0.09113005388732467
  ],
  "euler_xyz_deg": [
    76.98391335242388,
    12.177357838524744,
    176.2967091773616
  ],
  "T_base_obj": [
    [
      -0.9754582229433558,
      -0.21963688449996785,
      0.015520768645246133,
      -0.018297438160218036
    ],
    [
      0.06313631425922803,
      -0.2114799397511627,
      0.9753409869910138,
      0.04507056611257167
    ],
    [
      -0.21093852448984152,
      0.9523843100608034,
      0.22015690958054457,
      0.41677675387544316
    ],
    [
      0.0,
      0.0,
      0.0,
      1.0
    ]
  ],
  "rotation_matrix": [
    [
      -0.9754582229433558,
      -0.21963688449996785,
      0.015520768645246133
    ],
    [
      0.06313631425922803,
      -0.2114799397511627,
      0.9753409869910138
    ],
    [
      -0.21093852448984152,
      0.9523843100608034,
      0.22015690958054457
    ]
  ],
  "scale": 0.7074994386095883,
  "anisotropic_scale_xyz": [
    0.734419662195774,
    0.8003019774011507,
    0.7074994386095883
  ],
  "real_size_m": {
    "x": 0.08930448732131407,
    "y": 0.031777845824018526,
    "z": 0.05233475627199534
  },
  "confidence": 0.4629354856342648,
  "fitness": 0.37666666666666665,
  "rmse": 0.002643575188184832,
  "depth_score": 0.5964225824482952,
  "coverage": 0.6344902200488998,
  "silhouette_score": 0.2041566706819573,
  "posed_glb_opencv": "/Users/woo/Documents/GitHub/Robot-Lab/rb-multiview-calibration-pose-estimation/src/output/pose_per_object/frame_000000/object_001_posed.glb",
  "posed_glb_isaac": "/Users/woo/Documents/GitHub/Robot-Lab/rb-multiview-calibration-pose-estimation/src/output/pose_per_object/frame_000000/object_001_posed_isaac.glb"
}