{
  "frame_id": "000000",
  "object_name": "object_003",
  "label": "곤색 직사각형",
  "coordinate_frame": "base (= cam0)",
  "unit": "meter",
  "position_m": [
    -0.16916012903833236,
    0.044030658281534955,
    0.5109829194995528
  ],
  "quaternion_xyzw": [
    0.04561353847201636,
    0.9499442232543246,
    0.026978166366763437,
    0.30789211804345873
  ],
  "euler_xyz_deg": [
    174.3982154808899,
    35.626539589401794,
    172.7006177480094
  ],
  "T_base_obj": [
    [
      -0.8062436975095498,
      0.07004790518017846,
      0.587421817100794,
      -0.16916012903833236
    ],
    [
      0.10327336431454485,
      0.9943831672950982,
      0.023167408644990267,
      0.044030658281534955
    ],
    [
      -0.5824995385828949,
      0.07934360453141388,
      -0.8089492443724002,
      0.5109829194995528
    ],
    [
      0.0,
      0.0,
      0.0,
      1.0
    ]
  ],
  "rotation_matrix": [
    [
      -0.8062436975095498,
      0.07004790518017846,
      0.587421817100794
    ],
    [
      0.10327336431454485,
      0.9943831672950982,
      0.023167408644990267
    ],
    [
      -0.5824995385828949,
      0.07934360453141388,
      -0.8089492443724002
    ]
  ],
  "scale": 0.5718780327150547,
  "anisotropic_scale_xyz": [
    0.7318455081824263,
    0.4826778144431524,
    0.5718780327150547
  ],
  "real_size_m": {
    "x": 0.08937693595823058,
    "y": 0.026168428401709666,
    "z": 0.013408333356742358
  },
  "confidence": 0.483256829771477,
  "fitness": 0.3963333333333333,
  "rmse": 0.0020496696743789664,
  "depth_score": 0.8384353741496599,
  "coverage": 0.6021740506329114,
  "silhouette_score": 0.19648594825151958,
  "posed_glb_opencv": "/Users/woo/Documents/GitHub/Robot-Lab/rb-multiview-calibration-pose-estimation/src/output/pose_per_object/frame_000000/object_003_posed.glb",
  "posed_glb_isaac": "/Users/woo/Documents/GitHub/Robot-Lab/rb-multiview-calibration-pose-estimation/src/output/pose_per_object/frame_000000/object_003_posed_isaac.glb"
}