{
  "frame_id": "000000",
  "object_name": "object_001",
  "label": "빨강 아치",
  "coordinate_frame": "base (= cam0)",
  "unit": "meter",
  "position_m": [
    -0.01094651058040303,
    0.05932404417683725,
    0.40364539493495094
  ],
  "quaternion_xyzw": [
    0.9739774176094288,
    -0.01823905807591095,
    0.21688292946775492,
    -0.06322279377611124
  ],
  "euler_xyz_deg": [
    -171.6954451778989,
    -24.84544090065326,
    -3.978013289499952
  ],
  "T_base_obj": [
    [
      0.905258263324025,
      -0.008104971922112217,
      0.42478439954691394,
      -0.01094651058040303
    ],
    [
      -0.06295275081480967,
      -0.9913404302033965,
      0.11524366613937873,
      0.05932404417683725
    ],
    [
      0.42017190271431964,
      -0.13106662752312292,
      -0.8979293465023689,
      0.40364539493495094
    ],
    [
      0.0,
      0.0,
      0.0,
      1.0
    ]
  ],
  "rotation_matrix": [
    [
      0.905258263324025,
      -0.008104971922112217,
      0.42478439954691394
    ],
    [
      -0.06295275081480967,
      -0.9913404302033965,
      0.11524366613937873
    ],
    [
      0.42017190271431964,
      -0.13106662752312292,
      -0.8979293465023689
    ]
  ],
  "scale": 0.5203662823144479,
  "anisotropic_scale_xyz": [
    0.6764761670087823,
    0.6764761670087823,
    0.6764761670087823
  ],
  "real_size_m": {
    "x": 0.08224923010609379,
    "y": 0.026856748101978575,
    "z": 0.05005206530614474
  },
  "confidence": 0.8438700316699629,
  "fitness": 0.41533333333333333,
  "rmse": 0.0028285815620880854,
  "depth_score": 0.3678795961135454,
  "coverage": 0.41725,
  "silhouette_score": 0.7076025257233663,
  "posed_glb_opencv": "/Users/woo/Documents/GitHub/Robot-Lab/rb-multiview-calibration-pose-estimation/src/output/pose_per_object_v2/run_20260420_154121_sam_frame_000000/object_001_posed.glb",
  "posed_glb_isaac": "/Users/woo/Documents/GitHub/Robot-Lab/rb-multiview-calibration-pose-estimation/src/output/pose_per_object_v2/run_20260420_154121_sam_frame_000000/object_001_posed_isaac.glb"
}