{
  "frame_id": "000000",
  "object_name": "object_003",
  "label": "곤색 직사각형",
  "coordinate_frame": "base (= cam0)",
  "unit": "meter",
  "position_m": [
    -0.1582046862495211,
    0.04537292275471433,
    0.5151532747722338
  ],
  "quaternion_xyzw": [
    0.957250355707269,
    -0.043553092734511606,
    0.27857101415755403,
    -0.06459933964676264
  ],
  "euler_xyz_deg": [
    -169.96997518921515,
    -31.850009219447436,
    -8.078699813410744
  ],
  "T_base_obj": [
    [
      0.8410026363665645,
      -0.04739141990547593,
      0.538951406843521,
      -0.1582046862495211
    ],
    [
      -0.1193734341427377,
      -0.9878601068509516,
      0.09941022328477461,
      0.04537292275471433
    ],
    [
      0.5276974027193321,
      -0.1479407401352553,
      -0.836450230770837,
      0.5151532747722338
    ],
    [
      0.0,
      0.0,
      0.0,
      1.0
    ]
  ],
  "rotation_matrix": [
    [
      0.8410026363665645,
      -0.04739141990547593,
      0.538951406843521
    ],
    [
      -0.1193734341427377,
      -0.9878601068509516,
      0.09941022328477461
    ],
    [
      0.5276974027193321,
      -0.1479407401352553,
      -0.836450230770837
    ]
  ],
  "scale": 0.5833183114453486,
  "anisotropic_scale_xyz": [
    0.7583138048789533,
    0.586856163503079,
    0.7583138048789533
  ],
  "real_size_m": {
    "x": 0.09260295213461481,
    "y": 0.03181417530190005,
    "z": 0.01777577137089068
  },
  "confidence": 0.9218851136760514,
  "fitness": 0.5248333333333334,
  "rmse": 0.0021432488444741507,
  "depth_score": 0.5529663535845916,
  "coverage": 0.637464983713355,
  "silhouette_score": 0.7715399978278946,
  "posed_glb_opencv": "/Users/woo/Documents/GitHub/Robot-Lab/rb-multiview-calibration-pose-estimation/src/output/pose_per_object_v2/run_20260420_154121_sam_frame_000000/object_003_posed.glb",
  "posed_glb_isaac": "/Users/woo/Documents/GitHub/Robot-Lab/rb-multiview-calibration-pose-estimation/src/output/pose_per_object_v2/run_20260420_154121_sam_frame_000000/object_003_posed_isaac.glb"
}