{
  "frame_id": "000000",
  "object_name": "object_004",
  "label": "민트 실린더",
  "coordinate_frame": "base (= cam0)",
  "unit": "meter",
  "position_m": [
    0.014113986153143484,
    0.01788376536421873,
    0.5686281231369051
  ],
  "quaternion_xyzw": [
    -0.4674242609032802,
    -0.44664530527919827,
    -0.5343871857994994,
    0.5444748545565398
  ],
  "euler_xyz_deg": [
    -10.916284934358123,
    -80.38259997331642,
    -79.69844738942261
  ],
  "T_base_obj": [
    [
      0.029876613850686743,
      0.9994664739422208,
      0.013196795456524643,
      0.014113986153143484
    ],
    [
      -0.16437506711802324,
      -0.00811020805537338,
      0.9863645684204411,
      0.01788376536421873
    ],
    [
      0.9859453459775358,
      -0.0316384574656054,
      0.16404506318214726,
      0.5686281231369051
    ],
    [
      0.0,
      0.0,
      0.0,
      1.0
    ]
  ],
  "rotation_matrix": [
    [
      0.029876613850686743,
      0.9994664739422208,
      0.013196795456524643
    ],
    [
      -0.16437506711802324,
      -0.00811020805537338,
      0.9863645684204411
    ],
    [
      0.9859453459775358,
      -0.0316384574656054,
      0.16404506318214726
    ]
  ],
  "scale": 0.4315016616939555,
  "anisotropic_scale_xyz": [
    0.40873270948721596,
    0.40873270948721596,
    0.46051939875414505
  ],
  "real_size_m": {
    "x": 0.02757731629213554,
    "y": 0.02790042759677031,
    "z": 0.05629406159256081
  },
  "confidence": 1.0666854104920416,
  "fitness": 0.44283333333333336,
  "rmse": 0.002282362540159863,
  "depth_score": 0.39992531740104553,
  "coverage": 0.6973312958435208,
  "silhouette_score": 0.8916396041310007,
  "posed_glb_opencv": "/Users/woo/Documents/GitHub/Robot-Lab/rb-multiview-calibration-pose-estimation/src/output/pose_per_object_v2/run_20260420_154121_sam_frame_000000/object_004_posed.glb",
  "posed_glb_isaac": "/Users/woo/Documents/GitHub/Robot-Lab/rb-multiview-calibration-pose-estimation/src/output/pose_per_object_v2/run_20260420_154121_sam_frame_000000/object_004_posed_isaac.glb"
}