{
  "frame_id": "000000",
  "object_name": "object_002",
  "label": "노랑 실린더",
  "coordinate_frame": "base (= cam0)",
  "unit": "meter",
  "position_m": [
    -0.0730908959163965,
    0.008321080617757983,
    0.6299012697302542
  ],
  "quaternion_xyzw": [
    0.7501941616560724,
    -0.09700222750182504,
    0.0561876574888813,
    0.6516457893846465
  ],
  "euler_xyz_deg": [
    98.49472759879473,
    -12.164871274460959,
    -4.242224545832864
  ],
  "T_base_obj": [
    [
      0.9748670300111868,
      -0.21876991031506038,
      -0.04211888101424685,
      -0.0730908959163965
    ],
    [
      -0.07231210864244743,
      -0.13189666607197267,
      -0.9886223891955842,
      0.008321080617757983
    ],
    [
      0.2107254914351136,
      0.9668210774575194,
      -0.14440142464436267,
      0.6299012697302542
    ],
    [
      0.0,
      0.0,
      0.0,
      1.0
    ]
  ],
  "rotation_matrix": [
    [
      0.9748670300111868,
      -0.21876991031506038,
      -0.04211888101424685
    ],
    [
      -0.07231210864244743,
      -0.13189666607197267,
      -0.9886223891955842
    ],
    [
      0.2107254914351136,
      0.9668210774575194,
      -0.14440142464436267
    ]
  ],
  "scale": 0.4661531426421524,
  "anisotropic_scale_xyz": [
    0.5771027798564744,
    0.5771027798564744,
    0.47683267721338835
  ],
  "real_size_m": {
    "x": 0.041055086180275174,
    "y": 0.04102307016888472,
    "z": 0.05829037295960194
  },
  "confidence": 1.0064740330149333,
  "fitness": 0.5915,
  "rmse": 0.0023663125664772212,
  "depth_score": 0.34502815991136554,
  "coverage": 0.5889329896907216,
  "silhouette_score": 0.8404198516917813,
  "posed_glb_opencv": "/Users/woo/Documents/GitHub/Robot-Lab/rb-multiview-calibration-pose-estimation/src/output/pose_per_object_v2/run_20260420_154121_sam_frame_000000/object_002_posed.glb",
  "posed_glb_isaac": "/Users/woo/Documents/GitHub/Robot-Lab/rb-multiview-calibration-pose-estimation/src/output/pose_per_object_v2/run_20260420_154121_sam_frame_000000/object_002_posed_isaac.glb"
}