{
  "frame_id": "000001",
  "object_name": "object_003",
  "label": "곤색 직사각형",
  "coordinate_frame": "base (= cam0)",
  "unit": "meter",
  "position_m": [
    -0.07719888741886038,
    0.026638699525163942,
    0.6241824738719565
  ],
  "quaternion_xyzw": [
    0.7248407193984627,
    -0.3067648355421986,
    0.24285595007409946,
    0.5670293243654102
  ],
  "euler_xyz_deg": [
    109.55075994882378,
    -44.4232395631932,
    -13.712488745281501
  ],
  "T_base_obj": [
    [
      0.693832646376749,
      -0.7201241787383892,
      0.004174448250696661,
      -0.07719888741886038
    ],
    [
      -0.16929839758384377,
      -0.1687461619689484,
      -0.9710112179559471,
      0.026638699525163942
    ],
    [
      0.6999530779969327,
      0.6730125556162451,
      -0.23899746564662583,
      0.6241824738719565
    ],
    [
      0.0,
      0.0,
      0.0,
      1.0
    ]
  ],
  "rotation_matrix": [
    [
      0.693832646376749,
      -0.7201241787383892,
      0.004174448250696661
    ],
    [
      -0.16929839758384377,
      -0.1687461619689484,
      -0.9710112179559471
    ],
    [
      0.6999530779969327,
      0.6730125556162451,
      -0.23899746564662583
    ]
  ],
  "scale": 0.6546878040328569,
  "anisotropic_scale_xyz": [
    0.7172650161411656,
    0.553767368822929,
    0.43477334936216905
  ],
  "real_size_m": {
    "x": 0.08758889389848475,
    "y": 0.030020738324402874,
    "z": 0.010198255181107199
  },
  "confidence": 0.5459725843463762,
  "fitness": 0.7055,
  "rmse": 0.009608723130237034,
  "depth_score": 0.9811794228356336,
  "coverage": 0.73275,
  "silhouette_score": 0.07477924944812363,
  "posed_glb_opencv": "/Users/woo/Documents/GitHub/Robot-Lab/rb-multiview-calibration-pose-estimation/src/output/pose_per_object/object_003_posed_000001.glb",
  "posed_glb_isaac": "/Users/woo/Documents/GitHub/Robot-Lab/rb-multiview-calibration-pose-estimation/src/output/pose_per_object/object_003_posed_000001_isaac.glb"
}