{
  "frame_id": "000001",
  "object_name": "object_002",
  "label": "노랑 실린더",
  "coordinate_frame": "base (= cam0)",
  "unit": "meter",
  "position_m": [
    -0.19951756589704578,
    0.0355747978286545,
    0.46348957994690165
  ],
  "quaternion_xyzw": [
    0.6738452756016807,
    -0.20483710408961228,
    0.15268284662373774,
    0.6932980987168135
  ],
  "euler_xyz_deg": [
    89.47762254462697,
    -29.32714648566199,
    -4.232670475488398
  ],
  "T_base_obj": [
    [
      0.8694594182701073,
      -0.4877664842592463,
      -0.07825711989832895,
      -0.19951756589704578
    ],
    [
      -0.06434757517561343,
      0.04524098579233406,
      -0.9969015211010346,
      0.0355747978286545
    ],
    [
      0.4897955793496159,
      0.8718010725147751,
      0.007948610674952549,
      0.46348957994690165
    ],
    [
      0.0,
      0.0,
      0.0,
      1.0
    ]
  ],
  "rotation_matrix": [
    [
      0.8694594182701073,
      -0.4877664842592463,
      -0.07825711989832895
    ],
    [
      -0.06434757517561343,
      0.04524098579233406,
      -0.9969015211010346
    ],
    [
      0.4897955793496159,
      0.8718010725147751,
      0.007948610674952549
    ]
  ],
  "scale": 0.4324816653745958,
  "anisotropic_scale_xyz": [
    0.4124241986716902,
    0.23851553574651213,
    0.4767327640195597
  ],
  "real_size_m": {
    "x": 0.029345507466093324,
    "y": 0.016954463657214754,
    "z": 0.05828041957522668
  },
  "confidence": 0.6212380885011557,
  "fitness": 0.859,
  "rmse": 0.008306082679331547,
  "depth_score": 0.42565897858319607,
  "coverage": 0.7867305194805194,
  "silhouette_score": 0.5283088117574198,
  "posed_glb_opencv": "/Users/woo/Documents/GitHub/Robot-Lab/rb-multiview-calibration-pose-estimation/src/output/pose_per_object/object_002_posed_000001.glb",
  "posed_glb_isaac": "/Users/woo/Documents/GitHub/Robot-Lab/rb-multiview-calibration-pose-estimation/src/output/pose_per_object/object_002_posed_000001_isaac.glb"
}