{
  "frame_id": "000001",
  "object_name": "object_001",
  "label": "빨강 아치",
  "coordinate_frame": "base (= cam0)",
  "unit": "meter",
  "position_m": [
    -0.019276569169765632,
    0.046300539249096585,
    0.41805946300416197
  ],
  "quaternion_xyzw": [
    -0.1875103147910192,
    0.06308351097733468,
    0.9802195830750453,
    0.005470049901955791
  ],
  "euler_xyz_deg": [
    7.5166908587465135,
    21.610362455597944,
    -179.20288810260683
  ],
  "T_base_obj": [
    [
      -0.9296199208020863,
      -0.034381318071555096,
      -0.3669124252673735,
      -0.019276569169765632
    ],
    [
      -0.012933917934375903,
      -0.9919810983936859,
      0.1257227672163027,
      0.046300539249096585
    ],
    [
      -0.36829270507952,
      0.12162000410014952,
      0.9217207049794907,
      0.41805946300416197
    ],
    [
      0.0,
      0.0,
      0.0,
      1.0
    ]
  ],
  "rotation_matrix": [
    [
      -0.9296199208020863,
      -0.034381318071555096,
      -0.3669124252673735
    ],
    [
      -0.012933917934375903,
      -0.9919810983936859,
      0.1257227672163027
    ],
    [
      -0.36829270507952,
      0.12162000410014952,
      0.9217207049794907
    ]
  ],
  "scale": 0.6574577520703115,
  "anisotropic_scale_xyz": [
    0.7469093042785363,
    0.9046498083829403,
    0.5746502972759368
  ],
  "real_size_m": {
    "x": 0.0908101176811315,
    "y": 0.03591450714458925,
    "z": 0.04250914576608151
  },
  "confidence": 0.5474971331992486,
  "fitness": 0.93875,
  "rmse": 0.00914915961167086,
  "depth_score": 0.5993299832495812,
  "coverage": 0.8023873692679002,
  "silhouette_score": 0.22734362978845554,
  "posed_glb_opencv": "/Users/woo/Documents/GitHub/Robot-Lab/rb-multiview-calibration-pose-estimation/src/output/pose_per_object/object_001_posed_000001.glb",
  "posed_glb_isaac": "/Users/woo/Documents/GitHub/Robot-Lab/rb-multiview-calibration-pose-estimation/src/output/pose_per_object/object_001_posed_000001_isaac.glb"
}