{
  "frame_id": "000000",
  "object_name": "object_002",
  "label": "노랑 실린더",
  "coordinate_frame": "base (= cam0)",
  "unit": "meter",
  "position_m": [
    -0.08359857023852763,
    0.02599863194337445,
    0.6291758025358143
  ],
  "quaternion_xyzw": [
    0.7352929159443757,
    -0.10839727671065029,
    0.09000505412333487,
    0.6629430204746011
  ],
  "euler_xyz_deg": [
    96.26053296898412,
    -16.02654004952306,
    -2.3894359584609766
  ],
  "T_base_obj": [
    [
      0.9602982412679406,
      -0.27874394422301396,
      -0.011362278675402791,
      -0.08359857023852763
    ],
    [
      -0.04007105446899972,
      -0.09751316401145452,
      -0.9944272187738113,
      0.02599863194337445
    ],
    [
      0.2760825934597158,
      0.9554020077451544,
      -0.10481128367253617,
      0.6291758025358143
    ],
    [
      0.0,
      0.0,
      0.0,
      1.0
    ]
  ],
  "rotation_matrix": [
    [
      0.9602982412679406,
      -0.27874394422301396,
      -0.011362278675402791
    ],
    [
      -0.04007105446899972,
      -0.09751316401145452,
      -0.9944272187738113
    ],
    [
      0.2760825934597158,
      0.9554020077451544,
      -0.10481128367253617
    ]
  ],
  "scale": 0.9,
  "real_size_m": {
    "x": 0.06405276730656624,
    "y": 0.06399475112557411,
    "z": 0.11003237441182137
  },
  "confidence": 0.22135935436534068,
  "fitness": 0.2395,
  "rmse": 0.009569531665221535,
  "depth_score": 0.25095446503398827,
  "coverage": 0.1493,
  "silhouette_score": 0.2200737394944885,
  "posed_glb_opencv": "/Users/woo/Documents/GitHub/Robot-Lab/rb-multiview-calibration-pose-estimation/src/output/pose_per_object/object_002_posed_000000.glb",
  "posed_glb_isaac": "/Users/woo/Documents/GitHub/Robot-Lab/rb-multiview-calibration-pose-estimation/src/output/pose_per_object/object_002_posed_000000_isaac.glb"
}