{
  "frame_id": "000001",
  "object_name": "object_004",
  "label": "민트 실린더",
  "coordinate_frame": "base (= cam0)",
  "unit": "meter",
  "position_m": [
    0.019217045456368893,
    0.017437022891891307,
    0.5728481977467822
  ],
  "quaternion_xyzw": [
    -0.6280037618426313,
    -0.16387074640404042,
    -0.19470066081003226,
    0.7354245755103804
  ],
  "euler_xyz_deg": [
    -79.61956801999006,
    -29.050128319190478,
    -5.286999263087067
  ],
  "T_base_obj": [
    [
      0.8704760623062388,
      0.49219819205101145,
      0.0035163466183716517,
      0.019217045456368893
    ],
    [
      -0.08055241126022261,
      0.13540585558328097,
      0.987510285168678,
      0.017437022891891307
    ],
    [
      0.4855746430694141,
      -0.8598873147194783,
      0.1575153071689727,
      0.5728481977467822
    ],
    [
      0.0,
      0.0,
      0.0,
      1.0
    ]
  ],
  "rotation_matrix": [
    [
      0.8704760623062388,
      0.49219819205101145,
      0.0035163466183716517
    ],
    [
      -0.08055241126022261,
      0.13540585558328097,
      0.987510285168678
    ],
    [
      0.4855746430694141,
      -0.8598873147194783,
      0.1575153071689727
    ]
  ],
  "scale": 0.3789564381725682,
  "anisotropic_scale_xyz": [
    0.20882709445638387,
    0.4193977452712989,
    0.4303133035733698
  ],
  "real_size_m": {
    "x": 0.0140875706506976,
    "y": 0.028616317022401503,
    "z": 0.05260102855126413
  },
  "confidence": 0.6424953712098329,
  "fitness": 0.96975,
  "rmse": 0.008246764175436253,
  "depth_score": 0.48956121726822366,
  "coverage": 0.857,
  "silhouette_score": 0.4657287625507916,
  "posed_glb_opencv": "/Users/woo/Documents/GitHub/Robot-Lab/rb-multiview-calibration-pose-estimation/src/output/pose_per_object/object_004_posed_000001.glb",
  "posed_glb_isaac": "/Users/woo/Documents/GitHub/Robot-Lab/rb-multiview-calibration-pose-estimation/src/output/pose_per_object/object_004_posed_000001_isaac.glb"
}