{
  "frame_id": "000000",
  "object_name": "object_001",
  "label": "빨강 아치",
  "coordinate_frame": "base (= cam0)",
  "unit": "meter",
  "position_m": [
    -0.026543450616018816,
    0.05896944010603472,
    0.4159499036118638
  ],
  "quaternion_xyzw": [
    -0.10386893605310156,
    -0.08063335439211673,
    0.9909935723828373,
    -0.025322831172173484
  ],
  "euler_xyz_deg": [
    -9.095294980228822,
    12.119458797710204,
    -178.04003329248906
  ],
  "T_base_obj": [
    [
      -0.9771399966892444,
      0.06694012731452303,
      -0.20178316635749996,
      -0.026543450616018816
    ],
    [
      -0.03343892439011565,
      -0.9857140327618018,
      -0.16507478290792224,
      0.05896944010603472
    ],
    [
      -0.20995062563797037,
      -0.15455376078109817,
      0.965419012565344,
      0.4159499036118638
    ],
    [
      0.0,
      0.0,
      0.0,
      1.0
    ]
  ],
  "rotation_matrix": [
    [
      -0.9771399966892444,
      0.06694012731452303,
      -0.20178316635749996
    ],
    [
      -0.03343892439011565,
      -0.9857140327618018,
      -0.16507478290792224
    ],
    [
      -0.20995062563797037,
      -0.15455376078109817,
      0.965419012565344
    ]
  ],
  "scale": 0.9,
  "real_size_m": {
    "x": 0.10945256799459457,
    "y": 0.03575332649052143,
    "z": 0.06662663519382477
  },
  "confidence": 0.38507658290128094,
  "fitness": 0.668,
  "rmse": 0.009972144924882362,
  "depth_score": 0.4745679012345679,
  "coverage": 0.4051,
  "silhouette_score": 0.14868013672862687,
  "posed_glb_opencv": "/Users/woo/Documents/GitHub/Robot-Lab/rb-multiview-calibration-pose-estimation/src/output/pose_per_object/object_001_posed_000000.glb",
  "posed_glb_isaac": "/Users/woo/Documents/GitHub/Robot-Lab/rb-multiview-calibration-pose-estimation/src/output/pose_per_object/object_001_posed_000000_isaac.glb"
}