{
  "frame_id": "000004",
  "object_name": "knife",
  "label": "yellow box-cutter",
  "coordinate_frame": "base (= cam0)",
  "unit": "meter",
  "position_m": [
    -0.0643729942300564,
    0.06173973746732293,
    0.3312423258009201
  ],
  "quaternion_xyzw": [
    0.058430953194327444,
    0.9562336710876025,
    0.08734315947657924,
    -0.27308270263745743
  ],
  "euler_xyz_deg": [
    170.81394674971722,
    -32.172416571886195,
    175.66078002461273
  ],
  "T_base_obj": [
    [
      -0.8440233224577866,
      0.15945110184951763,
      -0.5120546623793293,
      -0.0643729942300564
    ],
    [
      0.06404347766272024,
      0.9779139924009466,
      0.1989539052929306,
      0.06173973746732293
    ],
    [
      0.532468838633802,
      0.13512797482910868,
      -0.8355940200243396,
      0.3312423258009201
    ],
    [
      0.0,
      0.0,
      0.0,
      1.0
    ]
  ],
  "rotation_matrix": [
    [
      -0.8440233224577866,
      0.15945110184951763,
      -0.5120546623793293
    ],
    [
      0.06404347766272024,
      0.9779139924009466,
      0.1989539052929306
    ],
    [
      0.532468838633802,
      0.13512797482910868,
      -0.8355940200243396
    ]
  ],
  "scale": 0.13947845898322606,
  "anisotropic_scale_xyz": [
    0.13947845898322606,
    0.13947845898322606,
    0.13947845898322606
  ],
  "real_size_m": {
    "x": 0.04234755125366341,
    "y": 0.02461601719361361,
    "z": 0.13944048262286715
  },
  "fitness": 1.0,
  "rmse": 0.004865482665682833
}