{
  "frame_id": "000000",
  "object_name": "object_003",
  "label": "곤색 직사각형",
  "coordinate_frame": "base (= cam0)",
  "unit": "meter",
  "position_m": [
    -0.15458673828377084,
    0.04584012175341811,
    0.5203452858023377
  ],
  "quaternion_xyzw": [
    0.04415817931565633,
    0.951949225069867,
    0.06634650599842447,
    0.29570402301999027
  ],
  "euler_xyz_deg": [
    169.42282779791893,
    33.857615065544834,
    171.46051491221547
  ],
  "T_base_obj": [
    [
      -0.8212183719387975,
      0.04483483168583824,
      0.5688499129451532,
      -0.15458673828377084
    ],
    [
      0.1233105466341336,
      0.9872963926806568,
      0.1002015073967231,
      0.04584012175341811
    ],
    [
      -0.5571309493094008,
      0.1524325124881964,
      -0.8163145438213777,
      0.5203452858023377
    ],
    [
      0.0,
      0.0,
      0.0,
      1.0
    ]
  ],
  "rotation_matrix": [
    [
      -0.8212183719387975,
      0.04483483168583824,
      0.5688499129451532
    ],
    [
      0.1233105466341336,
      0.9872963926806568,
      0.1002015073967231
    ],
    [
      -0.5571309493094008,
      0.1524325124881964,
      -0.8163145438213777
    ]
  ],
  "scale": 0.5113189325488905,
  "anisotropic_scale_xyz": [
    0.6647146123135577,
    0.5090710885829259,
    0.5113189325488905
  ],
  "real_size_m": {
    "x": 0.0811721535777092,
    "y": 0.027606769060515353,
    "z": 0.011987665826313148
  },
  "confidence": 0.5226174916509299,
  "fitness": 0.38716666666666666,
  "rmse": 0.002132282317824424,
  "depth_score": 0.5407171314741036,
  "coverage": 0.600407878017789,
  "silhouette_score": 0.5226174916509299,
  "posed_glb_opencv": "/Users/woo/Documents/GitHub/Robot-Lab/rb-multiview-calibration-pose-estimation/src/output/pose_per_object/frame_000000/object_003_posed.glb",
  "posed_glb_isaac": "/Users/woo/Documents/GitHub/Robot-Lab/rb-multiview-calibration-pose-estimation/src/output/pose_per_object/frame_000000/object_003_posed_isaac.glb"
}