{
  "frame_id": "000000",
  "object_name": "object_002",
  "label": "노랑 실린더",
  "coordinate_frame": "base (= cam0)",
  "unit": "meter",
  "position_m": [
    -0.05778316073867782,
    0.011029953348568183,
    0.6366641479767847
  ],
  "quaternion_xyzw": [
    0.48714042280476344,
    0.5821601710129671,
    -0.5176923500537064,
    0.39468769229812556
  ],
  "euler_xyz_deg": [
    -124.9349511147854,
    74.56234024193633,
    143.4469166763885
  ],
  "T_base_obj": [
    [
      -0.21383166803474413,
      0.9758411016198186,
      -0.04483483168583825,
      -0.05778316073867782
    ],
    [
      0.158533905768329,
      -0.01062232166889938,
      -0.9872963926806572,
      0.011029953348568183
    ],
    [
      -0.9639206494650168,
      -0.21822307547561673,
      -0.15243251248819645,
      0.6366641479767847
    ],
    [
      0.0,
      0.0,
      0.0,
      1.0
    ]
  ],
  "rotation_matrix": [
    [
      -0.21383166803474413,
      0.9758411016198186,
      -0.04483483168583825
    ],
    [
      0.158533905768329,
      -0.01062232166889938,
      -0.9872963926806572
    ],
    [
      -0.9639206494650168,
      -0.21822307547561673,
      -0.15243251248819645
    ]
  ],
  "scale": 0.38931388406034456,
  "anisotropic_scale_xyz": [
    0.33080768331772875,
    0.33080768331772875,
    0.4423540498232069
  ],
  "real_size_m": {
    "x": 0.02353853654884605,
    "y": 0.023510148026413345,
    "z": 0.054072063521057485
  },
  "confidence": 0.621409004314447,
  "fitness": 0.4056666666666667,
  "rmse": 0.002151603820140489,
  "depth_score": 0.3923444976076555,
  "coverage": 0.6696633941093969,
  "silhouette_score": 0.621409004314447,
  "posed_glb_opencv": "/Users/woo/Documents/GitHub/Robot-Lab/rb-multiview-calibration-pose-estimation/src/output/pose_per_object/frame_000000/object_002_posed.glb",
  "posed_glb_isaac": "/Users/woo/Documents/GitHub/Robot-Lab/rb-multiview-calibration-pose-estimation/src/output/pose_per_object/frame_000000/object_002_posed_isaac.glb"
}