{
  "frame_id": "000000",
  "object_name": "object_004",
  "label": "민트 실린더",
  "coordinate_frame": "base (= cam0)",
  "unit": "meter",
  "position_m": [
    0.021201793959696152,
    0.020700271069796914,
    0.574853706411164
  ],
  "quaternion_xyzw": [
    0.5641486801595982,
    -0.5078902666112378,
    0.4131649461667301,
    0.5030690519350123
  ],
  "euler_xyz_deg": [
    135.85947754871196,
    -77.73638719567244,
    -47.79841877016128
  ],
  "T_base_obj": [
    [
      0.14268440868191637,
      -0.9887522426694986,
      -0.04483483168583825,
      0.021201793959696152
    ],
    [
      -0.15735025162747984,
      0.02206198786653515,
      -0.9872963926806572,
      0.020700271069796914
    ],
    [
      0.9771806679581672,
      0.14792657402949583,
      -0.15243251248819645,
      0.574853706411164
    ],
    [
      0.0,
      0.0,
      0.0,
      1.0
    ]
  ],
  "rotation_matrix": [
    [
      0.14268440868191637,
      -0.9887522426694986,
      -0.04483483168583825
    ],
    [
      -0.15735025162747984,
      0.02206198786653515,
      -0.9872963926806572
    ],
    [
      0.9771806679581672,
      0.14792657402949583,
      -0.15243251248819645
    ]
  ],
  "scale": 0.3694354539521451,
  "anisotropic_scale_xyz": [
    0.32785734893907775,
    0.32785734893907775,
    0.4379641011670078
  ],
  "real_size_m": {
    "x": 0.02210880913039191,
    "y": 0.022402900823101212,
    "z": 0.05354004837312769
  },
  "confidence": 0.5124927459990878,
  "fitness": 0.4038333333333333,
  "rmse": 0.002094526125669179,
  "depth_score": 0.43081718390025747,
  "coverage": 0.6373549382716049,
  "silhouette_score": 0.5124927459990878,
  "posed_glb_opencv": "/Users/woo/Documents/GitHub/Robot-Lab/rb-multiview-calibration-pose-estimation/src/output/pose_per_object/frame_000000/object_004_posed.glb",
  "posed_glb_isaac": "/Users/woo/Documents/GitHub/Robot-Lab/rb-multiview-calibration-pose-estimation/src/output/pose_per_object/frame_000000/object_004_posed_isaac.glb"
}