{
  "frame_id": "000000",
  "object_name": "object_001",
  "label": "빨강 아치",
  "coordinate_frame": "base (= cam0)",
  "unit": "meter",
  "position_m": [
    -0.0203214675086398,
    0.04611091551997386,
    0.40485626601276803
  ],
  "quaternion_xyzw": [
    0.7560136480243039,
    -0.06826141109905688,
    0.029067645968921932,
    0.6503374629479489
  ],
  "euler_xyz_deg": [
    98.84682321734299,
    -7.627780691821643,
    -3.78366815199659
  ],
  "T_base_obj": [
    [
      0.988990903424609,
      -0.14102067511593225,
      -0.044834831685838246,
      -0.0203214675086398
    ],
    [
      -0.06540555858178787,
      -0.14480312808213286,
      -0.9872963926806573,
      0.04611091551997386
    ],
    [
      0.1327369799586683,
      0.9793595985565813,
      -0.15243251248819648,
      0.40485626601276803
    ],
    [
      0.0,
      0.0,
      0.0,
      1.0
    ]
  ],
  "rotation_matrix": [
    [
      0.988990903424609,
      -0.14102067511593225,
      -0.044834831685838246
    ],
    [
      -0.06540555858178787,
      -0.14480312808213286,
      -0.9872963926806573
    ],
    [
      0.1327369799586683,
      0.9793595985565813,
      -0.15243251248819648
    ]
  ],
  "scale": 0.5673333437292339,
  "anisotropic_scale_xyz": [
    0.7375333468480042,
    0.7375333468480042,
    0.5124153488468257
  ],
  "real_size_m": {
    "x": 0.08967749202536729,
    "y": 0.02927641527739824,
    "z": 0.03791058604713526
  },
  "confidence": 0.29046577406409435,
  "fitness": 0.4845,
  "rmse": 0.002842829246875533,
  "depth_score": 0.7650109714741672,
  "coverage": 0.4523592233009709,
  "silhouette_score": 0.29046577406409435,
  "posed_glb_opencv": "/Users/woo/Documents/GitHub/Robot-Lab/rb-multiview-calibration-pose-estimation/src/output/pose_per_object/frame_000000/object_001_posed.glb",
  "posed_glb_isaac": "/Users/woo/Documents/GitHub/Robot-Lab/rb-multiview-calibration-pose-estimation/src/output/pose_per_object/frame_000000/object_001_posed_isaac.glb"
}