{
  "frame_id": "000001",
  "object_name": "object_001",
  "label": "빨강 아치",
  "coordinate_frame": "base (= cam0)",
  "unit": "meter",
  "position_m": [
    0.004177953236209633,
    0.06184746379397607,
    0.3978049874615853
  ],
  "quaternion_xyzw": [
    0.28701975194095586,
    -0.17288703768156083,
    0.9421667388015185,
    0.007181259886529209
  ],
  "euler_xyz_deg": [
    -22.528290417669847,
    -32.91020732526367,
    -174.14010926059268
  ],
  "T_base_obj": [
    [
      -0.8351361830045466,
      -0.11277587775366577,
      0.5383578338178722,
      0.004177953236209633
    ],
    [
      -0.08571210092260426,
      -0.9401170034143932,
      -0.32989915980883505,
      0.06184746379397607
    ],
    [
      0.5433240208124056,
      -0.3216545060838294,
      0.7754594683931748,
      0.3978049874615853
    ],
    [
      0.0,
      0.0,
      0.0,
      1.0
    ]
  ],
  "rotation_matrix": [
    [
      -0.8351361830045466,
      -0.11277587775366577,
      0.5383578338178722
    ],
    [
      -0.08571210092260426,
      -0.9401170034143932,
      -0.32989915980883505
    ],
    [
      0.5433240208124056,
      -0.3216545060838294,
      0.7754594683931748
    ]
  ],
  "scale": 0.8398582905073771,
  "anisotropic_scale_xyz": [
    0.8398582905073771,
    0.8398582905073771,
    0.8398582905073771
  ],
  "real_size_m": {
    "x": 0.10213849627509185,
    "y": 0.033364141851423834,
    "z": 0.062174368817938135
  },
  "fitness": 0.884375,
  "rmse": 0.011353598371268384
}