{
  "frame_id": "000001",
  "object_name": "object_003",
  "label": "곤색 직사각형",
  "coordinate_frame": "base (= cam0)",
  "unit": "meter",
  "position_m": [
    -0.08898365140556319,
    0.040456396682589664,
    0.6155352223707283
  ],
  "quaternion_xyzw": [
    -0.2380537707441024,
    0.602367592637175,
    0.7086409158999157,
    0.27984234470061387
  ],
  "euler_xyz_deg": [
    77.40614515630823,
    42.417290357846476,
    171.44481837905312
  ],
  "T_base_obj": [
    [
      -0.7300373286938957,
      -0.6834072245136751,
      -0.0002533652765554083,
      -0.08898365140556319
    ],
    [
      0.10982371730980142,
      -0.11768309090568833,
      0.9869596958473998,
      0.040456396682589664
    ],
    [
      -0.6745252032576179,
      0.720489594368583,
      0.16096737114969542,
      0.6155352223707283
    ],
    [
      0.0,
      0.0,
      0.0,
      1.0
    ]
  ],
  "rotation_matrix": [
    [
      -0.7300373286938957,
      -0.6834072245136751,
      -0.0002533652765554083
    ],
    [
      0.10982371730980142,
      -0.11768309090568833,
      0.9869596958473998
    ],
    [
      -0.6745252032576179,
      0.720489594368583,
      0.16096737114969542
    ]
  ],
  "scale": 0.747221539950053,
  "anisotropic_scale_xyz": [
    0.747221539950053,
    0.747221539950053,
    0.747221539950053
  ],
  "real_size_m": {
    "x": 0.09126485225087172,
    "y": 0.0405297636031268,
    "z": 0.01753185271432624
  },
  "fitness": 1.0,
  "rmse": 0.007546675152133301
}