{
  "frame_id": "000001",
  "object_name": "object_002",
  "label": "노랑 실린더",
  "coordinate_frame": "base (= cam0)",
  "unit": "meter",
  "position_m": [
    -0.1878031260759126,
    0.03577055073077118,
    0.4507382911032139
  ],
  "quaternion_xyzw": [
    -0.0479632432257189,
    -0.5708282701413723,
    0.773555459893094,
    0.27104716153515224
  ],
  "euler_xyz_deg": [
    -69.29031431612333,
    -13.605670587925669,
    150.80483738752844
  ],
  "T_base_obj": [
    [
      -0.848465927045982,
      -0.36458247306547337,
      -0.3836472220337832,
      -0.1878031260759126
    ],
    [
      0.47409757370991384,
      -0.20137704446192795,
      -0.8571340481879602,
      0.03577055073077118
    ],
    [
      0.2352383073488832,
      -0.9091352519252838,
      0.3437092266126707,
      0.4507382911032139
    ],
    [
      0.0,
      0.0,
      0.0,
      1.0
    ]
  ],
  "rotation_matrix": [
    [
      -0.848465927045982,
      -0.36458247306547337,
      -0.3836472220337832
    ],
    [
      0.47409757370991384,
      -0.20137704446192795,
      -0.8571340481879602
    ],
    [
      0.2352383073488832,
      -0.9091352519252838,
      0.3437092266126707
    ]
  ],
  "scale": 0.5967770816172978,
  "anisotropic_scale_xyz": [
    0.5967770816172978,
    0.5967770816172978,
    0.5967770816172978
  ],
  "real_size_m": {
    "x": 0.04247247060302718,
    "y": 0.04243400090616156,
    "z": 0.07296088809434288
  },
  "fitness": 0.0,
  "rmse": 0.0
}