{
  "coordinate_frame": "OpenCV (cam0 ref): X-right, Y-down, Z-forward",
  "unit": "meter / degree",
  "position": {
    "x": -0.020107,
    "y": 0.036892,
    "z": 0.338355
  },
  "rotation_euler_xyz_deg": {
    "rx": 164.78,
    "ry": -41.05,
    "rz": -169.55
  },
  "rotation_quaternion_xyzw": {
    "x": -0.038307,
    "y": 0.928647,
    "z": 0.091868,
    "w": -0.357361
  },
  "rotation_matrix_3x3": [
    [
      -0.7416509219302296,
      -0.00548709088369668,
      -0.6707635960855914
    ],
    [
      -0.13680769067140092,
      0.9801856051498421,
      0.14324746151396783
    ],
    [
      0.6566868095014539,
      0.19800523046291368,
      -0.7277062339544231
    ]
  ],
  "transform_4x4": [
    [
      -0.7416509219302296,
      -0.00548709088369668,
      -0.6707635960855914,
      -0.02010738339590713
    ],
    [
      -0.13680769067140092,
      0.9801856051498421,
      0.14324746151396783,
      0.036892157471482806
    ],
    [
      0.6566868095014539,
      0.19800523046291368,
      -0.7277062339544231,
      0.3383551409137536
    ],
    [
      0.0,
      0.0,
      0.0,
      1.0
    ]
  ],
  "scale_uniform": 0.11709437335119133,
  "size_cm": {
    "length": 9.45,
    "width": 8.72,
    "height": 8.21
  },
  "size_m": {
    "length": 0.0945,
    "width": 0.0872,
    "height": 0.0821
  },
  "obb_center": {
    "x": -0.020164,
    "y": 0.036801,
    "z": 0.338371
  },
  "score": 0.22181,
  "depth_score": 0.383875,
  "coverage": 0.577818,
  "fitness": 1.0,
  "rmse_m": 0.008085
}