{
  "proposal_score": 0.22180990463191727,
  "second_score": 0.1966681155898157,
  "proposal_margin": 1.1278386634595055
}