{
  "frame_id": "000000",
  "object_name": "object_004",
  "label": "민트 실린더",
  "coordinate_frame": "base (= cam0)",
  "unit": "meter",
  "position_m": [
    0.021467405390264187,
    0.0202533642342315,
    0.5758421240099043
  ],
  "quaternion_xyzw": [
    -0.49176904114004116,
    -0.4230664765649285,
    -0.5194563391268742,
    0.5561861903392129
  ],
  "euler_xyz_deg": [
    -34.17093085448771,
    -78.96563270148567,
    -57.669575761336205
  ],
  "T_base_obj": [
    [
      0.10235973629580632,
      0.9939308756486783,
      0.040297627893064125,
      0.021467405390264187
    ],
    [
      -0.16172689357529285,
      -0.02334335616757923,
      0.9865594252823421,
      0.0202533642342315
    ],
    [
      0.9815125553348387,
      -0.10750117278941082,
      0.15835593316565896,
      0.5758421240099043
    ],
    [
      0.0,
      0.0,
      0.0,
      1.0
    ]
  ],
  "rotation_matrix": [
    [
      0.10235973629580632,
      0.9939308756486783,
      0.040297627893064125
    ],
    [
      -0.16172689357529285,
      -0.02334335616757923,
      0.9865594252823421
    ],
    [
      0.9815125553348387,
      -0.10750117278941082,
      0.15835593316565896
    ]
  ],
  "scale": 0.34941544709849715,
  "anisotropic_scale_xyz": [
    0.3276911404400654,
    0.3276911404400654,
    0.42640349326998844
  ],
  "real_size_m": {
    "x": 0.022102282244807762,
    "y": 0.022362519875179485,
    "z": 0.05212645899182083
  },
  "confidence": 0.5163868307083418,
  "fitness": 0.4126666666666667,
  "rmse": 0.002071649531017372,
  "depth_score": 0.43948452238607677,
  "coverage": 0.6575143312101911,
  "silhouette_score": 0.5163868307083418,
  "posed_glb_opencv": "/Users/woo/Documents/GitHub/Robot-Lab/rb-multiview-calibration-pose-estimation/src/output/pose_per_object/frame_000000/object_004_posed.glb",
  "posed_glb_isaac": "/Users/woo/Documents/GitHub/Robot-Lab/rb-multiview-calibration-pose-estimation/src/output/pose_per_object/frame_000000/object_004_posed_isaac.glb"
}