{
  "frame_id": "000000",
  "object_name": "object_002",
  "label": "노랑 실린더",
  "coordinate_frame": "base (= cam0)",
  "unit": "meter",
  "position_m": [
    -0.058912566913446034,
    0.018167921769797694,
    0.6328322938216708
  ],
  "quaternion_xyzw": [
    0.6567987516289115,
    0.3844390282508306,
    -0.3502717660815198,
    0.5460143984387166
  ],
  "euler_xyz_deg": [
    109.47006855409236,
    61.6344760981283,
    14.941040706249275
  ],
  "T_base_obj": [
    [
      0.4590326468870293,
      0.887505002959407,
      -0.040297627893064084,
      -0.058912566913446034
    ],
    [
      0.12249129236929344,
      -0.10814982050974924,
      -0.9865594252823415,
      0.018167921769797694
    ],
    [
      -0.879934606878255,
      0.4479268757792138,
      -0.1583559331656589,
      0.6328322938216708
    ],
    [
      0.0,
      0.0,
      0.0,
      1.0
    ]
  ],
  "rotation_matrix": [
    [
      0.4590326468870293,
      0.887505002959407,
      -0.040297627893064084
    ],
    [
      0.12249129236929344,
      -0.10814982050974924,
      -0.9865594252823415
    ],
    [
      -0.879934606878255,
      0.4479268757792138,
      -0.1583559331656589
    ]
  ],
  "scale": 0.26354445732361403,
  "anisotropic_scale_xyz": [
    0.3426077945206983,
    0.3426077945206983,
    0.3426077945206983
  ],
  "real_size_m": {
    "x": 0.024376154776002502,
    "y": 0.0243502825144988,
    "z": 0.0418734253085618
  },
  "confidence": 0.7958885052281581,
  "fitness": 0.41883333333333334,
  "rmse": 0.0021596121603263984,
  "depth_score": 0.3510771685854326,
  "coverage": 0.685,
  "silhouette_score": 0.7958885052281581,
  "posed_glb_opencv": "/Users/woo/Documents/GitHub/Robot-Lab/rb-multiview-calibration-pose-estimation/src/output/pose_per_object/frame_000000/object_002_posed.glb",
  "posed_glb_isaac": "/Users/woo/Documents/GitHub/Robot-Lab/rb-multiview-calibration-pose-estimation/src/output/pose_per_object/frame_000000/object_002_posed_isaac.glb"
}