{
  "frame_id": "000000",
  "object_name": "object_003",
  "label": "곤색 직사각형",
  "coordinate_frame": "base (= cam0)",
  "unit": "meter",
  "position_m": [
    -0.1439848305847677,
    0.04646758085319335,
    0.5234026013788008
  ],
  "quaternion_xyzw": [
    0.07110660935642056,
    -0.26743789984463656,
    -0.04079384100174558,
    0.9600816019322774
  ],
  "euler_xyz_deg": [
    10.591752069240112,
    -30.51227800230885,
    -7.762565598892992
  ],
  "T_base_obj": [
    [
      0.8536256645255333,
      0.04029762789306413,
      -0.5193258380315511,
      -0.1439848305847677
    ],
    [
      -0.11636403697860703,
      0.9865594252823419,
      -0.1147166565094299,
      0.04646758085319335
    ],
    [
      0.5077229911683792,
      0.15835593316565896,
      0.8468416396638407,
      0.5234026013788008
    ],
    [
      0.0,
      0.0,
      0.0,
      1.0
    ]
  ],
  "rotation_matrix": [
    [
      0.8536256645255333,
      0.04029762789306413,
      -0.5193258380315511
    ],
    [
      -0.11636403697860703,
      0.9865594252823419,
      -0.1147166565094299
    ],
    [
      0.5077229911683792,
      0.15835593316565896,
      0.8468416396638407
    ]
  ],
  "scale": 0.3889147576725123,
  "anisotropic_scale_xyz": [
    0.5055891849742661,
    0.5055891849742661,
    0.46126710540173677
  ],
  "real_size_m": {
    "x": 0.0617464419922445,
    "y": 0.027413978578114534,
    "z": 0.010812585535844566
  },
  "confidence": 0.598604191407778,
  "fitness": 0.4045,
  "rmse": 0.0020594994736641515,
  "depth_score": 0.48600636835930955,
  "coverage": 0.6247290343074968,
  "silhouette_score": 0.598604191407778,
  "posed_glb_opencv": "/Users/woo/Documents/GitHub/Robot-Lab/rb-multiview-calibration-pose-estimation/src/output/pose_per_object/frame_000000/object_003_posed.glb",
  "posed_glb_isaac": "/Users/woo/Documents/GitHub/Robot-Lab/rb-multiview-calibration-pose-estimation/src/output/pose_per_object/frame_000000/object_003_posed_isaac.glb"
}