{
  "frame_id": "000000",
  "object_name": "object_001",
  "label": "빨강 아치",
  "coordinate_frame": "base (= cam0)",
  "unit": "meter",
  "position_m": [
    -0.017017476239685685,
    0.05307689195898745,
    0.4064090777975171
  ],
  "quaternion_xyzw": [
    -0.0002475835034042265,
    0.6487079251245671,
    0.7603914362133648,
    0.03135012466265689
  ],
  "euler_xyz_deg": [
    80.88076602575184,
    2.352691194203242,
    177.28342217724952
  ],
  "T_base_obj": [
    [
      -0.9980342167711111,
      -0.047997951397939456,
      0.04029762789306413,
      -0.017017476239685685
    ],
    [
      0.047355513873629525,
      -0.15639039512823033,
      0.9865594252823421,
      0.05307689195898745
    ],
    [
      -0.04105066939506151,
      0.9865283781885312,
      0.15835593316565894,
      0.4064090777975171
    ],
    [
      0.0,
      0.0,
      0.0,
      1.0
    ]
  ],
  "rotation_matrix": [
    [
      -0.9980342167711111,
      -0.047997951397939456,
      0.04029762789306413
    ],
    [
      0.047355513873629525,
      -0.15639039512823033,
      0.9865594252823421
    ],
    [
      -0.04105066939506151,
      0.9865283781885312,
      0.15835593316565894
    ]
  ],
  "scale": 0.5893773473297202,
  "anisotropic_scale_xyz": [
    0.7367041008399713,
    0.7661905515286364,
    0.503433377533833
  ],
  "real_size_m": {
    "x": 0.08957739765143126,
    "y": 0.030424643700067023,
    "z": 0.03724501062183392
  },
  "confidence": 0.6074656823260933,
  "fitness": 0.47883333333333333,
  "rmse": 0.002593374400681468,
  "depth_score": 0.7155172413793104,
  "coverage": 0.4731377551020408,
  "silhouette_score": 0.6074656823260933,
  "posed_glb_opencv": "/Users/woo/Documents/GitHub/Robot-Lab/rb-multiview-calibration-pose-estimation/src/output/pose_per_object/frame_000000/object_001_posed.glb",
  "posed_glb_isaac": "/Users/woo/Documents/GitHub/Robot-Lab/rb-multiview-calibration-pose-estimation/src/output/pose_per_object/frame_000000/object_001_posed_isaac.glb"
}