{
  "frame_id": "000000",
  "object_name": "knife",
  "label": "yellow box-cutter",
  "coordinate_frame": "base (= cam0)",
  "unit": "meter",
  "position_m": [
    1.1273665585372012,
    0.3509678954203209,
    -0.5690213006724416
  ],
  "quaternion_xyzw": [
    -0.2411401539993079,
    0.362307781471119,
    0.6784138930170965,
    -0.5918944900706996
  ],
  "euler_xyz_deg": [
    51.3613142083877,
    -5.837665552782474,
    -100.60159889389831
  ],
  "T_base_obj": [
    [
      -0.18302467750607596,
      0.628364982088451,
      -0.7560816203987399,
      1.1273665585372012
    ],
    [
      -0.9778327989666569,
      -0.036787968218752756,
      0.20613020802241525,
      0.3509678954203209
    ],
    [
      0.10171029784983163,
      0.7770483219693066,
      0.621168995227533,
      -0.5690213006724416
    ],
    [
      0.0,
      0.0,
      0.0,
      1.0
    ]
  ],
  "rotation_matrix": [
    [
      -0.18302467750607596,
      0.628364982088451,
      -0.7560816203987399
    ],
    [
      -0.9778327989666569,
      -0.036787968218752756,
      0.20613020802241525
    ],
    [
      0.10171029784983163,
      0.7770483219693066,
      0.621168995227533
    ]
  ],
  "scale": 0.8870819831654583,
  "anisotropic_scale_xyz": [
    0.8870819831654583,
    0.8870819831654583,
    0.8870819831654583
  ],
  "real_size_m": {
    "x": 0.26933011751168223,
    "y": 0.15655769004711953,
    "z": 0.8868404537901973
  },
  "fitness": 0.023875,
  "rmse": 0.015486908785165246
}