{
  "frame_id": "000001",
  "object_name": "knife",
  "label": "yellow box-cutter",
  "coordinate_frame": "base (= cam0)",
  "unit": "meter",
  "position_m": [
    -0.1113672067713862,
    -0.11570555130294585,
    0.3012261979495391
  ],
  "quaternion_xyzw": [
    -0.3770475223444077,
    -0.07523577694995744,
    0.14090339785360062,
    0.9123162698505325
  ],
  "euler_xyz_deg": [
    -45.19560179993907,
    -1.7777775203908484,
    18.29942822577019
  ],
  "T_base_obj": [
    [
      0.9489716206800491,
      -0.20036199809644734,
      -0.24353220087396885,
      -0.1113672067713862
    ],
    [
      0.3138318512591892,
      0.6759627967325198,
      0.6667712250576336,
      -0.11570555130294585
    ],
    [
      0.031023092670871128,
      -0.7091751315072669,
      0.7043494875194193,
      0.3012261979495391
    ],
    [
      0.0,
      0.0,
      0.0,
      1.0
    ]
  ],
  "rotation_matrix": [
    [
      0.9489716206800491,
      -0.20036199809644734,
      -0.24353220087396885
    ],
    [
      0.3138318512591892,
      0.6759627967325198,
      0.6667712250576336
    ],
    [
      0.031023092670871128,
      -0.7091751315072669,
      0.7043494875194193
    ]
  ],
  "scale": 0.056429468528188156,
  "anisotropic_scale_xyz": [
    0.056429468528188156,
    0.056429468528188156,
    0.056429468528188156
  ],
  "real_size_m": {
    "x": 0.017132751739118497,
    "y": 0.009959020035369116,
    "z": 0.056414104250095964
  },
  "fitness": 0.0,
  "rmse": 0.0
}