{
  "frame_id": "000001",
  "object_name": "object_001",
  "label": "빨강 아치",
  "coordinate_frame": "base (= cam0)",
  "unit": "meter",
  "position_m": [
    -0.01985364208560781,
    0.05514792115943662,
    0.4005913571031614
  ],
  "quaternion_xyzw": [
    -0.03534350630391073,
    0.9937264387814861,
    0.03791846953460862,
    0.09909990462641065
  ],
  "euler_xyz_deg": [
    175.9997760434665,
    11.515717032813866,
    -176.32959885215936
  ],
  "T_base_obj": [
    [
      -0.9778600909303375,
      -0.07775898673563224,
      0.1942760472820139,
      -0.01985364208560781
    ],
    [
      -0.062728119877972,
      0.9946260524586044,
      0.08236624759703252,
      0.05514792115943662
    ],
    [
      -0.1996367339495438,
      0.06835609518150025,
      -0.9774827971404443,
      0.4005913571031614
    ],
    [
      0.0,
      0.0,
      0.0,
      1.0
    ]
  ],
  "rotation_matrix": [
    [
      -0.9778600909303375,
      -0.07775898673563224,
      0.1942760472820139
    ],
    [
      -0.062728119877972,
      0.9946260524586044,
      0.08236624759703252
    ],
    [
      -0.1996367339495438,
      0.06835609518150025,
      -0.9774827971404443
    ]
  ],
  "scale": 0.9756735405771799,
  "anisotropic_scale_xyz": [
    0.9756735405771799,
    0.9756735405771799,
    0.9756735405771799
  ],
  "real_size_m": {
    "x": 0.11865552726727846,
    "y": 0.03875952738268769,
    "z": 0.07222871672922572
  },
  "fitness": 0.94675,
  "rmse": 0.012652690975807254
}