{
  "frame_id": "000001",
  "object_name": "object_003",
  "label": "곤색 직사각형",
  "coordinate_frame": "base (= cam0)",
  "unit": "meter",
  "position_m": [
    -0.0796715696630902,
    0.034206396416383025,
    0.599799001049793
  ],
  "quaternion_xyzw": [
    -0.5807013692876342,
    -0.2625917231369549,
    -0.27091928898268564,
    0.7214112873420735
  ],
  "euler_xyz_deg": [
    -74.9011741022248,
    -43.909371129441254,
    -6.8489420908342336
  ],
  "T_base_obj": [
    [
      0.715296651594101,
      0.6958632124386057,
      -0.0642268619097239,
      -0.0796715696630902
    ],
    [
      -0.08591371968315353,
      0.17877731712881595,
      0.9801313706062378,
      0.034206396416383025
    ],
    [
      0.6935196702246192,
      -0.6955667189068593,
      0.18766301329448792,
      0.599799001049793
    ],
    [
      0.0,
      0.0,
      0.0,
      1.0
    ]
  ],
  "rotation_matrix": [
    [
      0.715296651594101,
      0.6958632124386057,
      -0.0642268619097239
    ],
    [
      -0.08591371968315353,
      0.17877731712881595,
      0.9801313706062378
    ],
    [
      0.6935196702246192,
      -0.6955667189068593,
      0.18766301329448792
    ]
  ],
  "scale": 0.8769573241190045,
  "anisotropic_scale_xyz": [
    0.8769573241190045,
    0.8769573241190045,
    0.8769573241190045
  ],
  "real_size_m": {
    "x": 0.10711064434972073,
    "y": 0.04756671366693969,
    "z": 0.02057580760350103
  },
  "fitness": 1.0,
  "rmse": 0.008079981488847488
}