{
  "frame_id": "000001",
  "object_name": "object_002",
  "label": "노랑 실린더",
  "coordinate_frame": "base (= cam0)",
  "unit": "meter",
  "position_m": [
    -0.18581379342724602,
    0.037666638487792836,
    0.4513668971156887
  ],
  "quaternion_xyzw": [
    0.6635555237415292,
    -0.3234194629495685,
    0.21127991849419506,
    0.6406673972808387
  ],
  "euler_xyz_deg": [
    97.17367796516957,
    -44.01132376671807,
    -12.730976288167378
  ],
  "T_base_obj": [
    [
      0.7015212940530534,
      -0.6999338532088385,
      -0.13401669717049858,
      -0.18581379342724602
    ],
    [
      -0.1584932312926443,
      0.030109725906335323,
      -0.9869008562344864,
      0.037666638487792836
    ],
    [
      0.694800525060637,
      0.7135727051492934,
      -0.0898121642047851,
      0.4513668971156887
    ],
    [
      0.0,
      0.0,
      0.0,
      1.0
    ]
  ],
  "rotation_matrix": [
    [
      0.7015212940530534,
      -0.6999338532088385,
      -0.13401669717049858
    ],
    [
      -0.1584932312926443,
      0.030109725906335323,
      -0.9869008562344864
    ],
    [
      0.694800525060637,
      0.7135727051492934,
      -0.0898121642047851
    ]
  ],
  "scale": 0.7020906842556445,
  "anisotropic_scale_xyz": [
    0.7020906842556445,
    0.7020906842556445,
    0.7020906842556445
  ],
  "real_size_m": {
    "x": 0.049967612474149624,
    "y": 0.04992235400724889,
    "z": 0.08583633893452103
  },
  "fitness": 0.898125,
  "rmse": 0.011323146707767929
}