{
  "frame_id": "000001",
  "object_name": "object_004",
  "label": "민트 실린더",
  "coordinate_frame": "base (= cam0)",
  "unit": "meter",
  "position_m": [
    0.012396906693570863,
    0.01326477030307992,
    0.5537582157089636
  ],
  "quaternion_xyzw": [
    -0.6468017827542264,
    0.027123785821057633,
    0.0,
    0.7621756713964885
  ],
  "euler_xyz_deg": [
    -80.67920361583089,
    2.3696370540361302,
    -2.0124957874224743
  ],
  "T_base_obj": [
    [
      0.9985286004854633,
      -0.035087426048291494,
      0.04134617933788713,
      0.012396906693570863
    ],
    [
      -0.035087426048291494,
      0.1632949076499125,
      0.985953166060599,
      0.01326477030307992
    ],
    [
      -0.04134617933788713,
      -0.985953166060599,
      0.16182350813537583,
      0.5537582157089636
    ],
    [
      0.0,
      0.0,
      0.0,
      1.0
    ]
  ],
  "rotation_matrix": [
    [
      0.9985286004854633,
      -0.035087426048291494,
      0.04134617933788713
    ],
    [
      -0.035087426048291494,
      0.1632949076499125,
      0.985953166060599
    ],
    [
      -0.04134617933788713,
      -0.985953166060599,
      0.16182350813537583
    ]
  ],
  "scale": 2.0,
  "anisotropic_scale_xyz": [
    2.0,
    2.0,
    2.0
  ],
  "real_size_m": {
    "x": 0.1349816471338272,
    "y": 0.1367017924785614,
    "z": 0.24450340867042542
  },
  "fitness": 0.0,
  "rmse": 0.0
}