{
  "frame_id": "000003",
  "object_name": "peg",
  "label": "검정 실린더",
  "coordinate_frame": "base (= cam0)",
  "unit": "meter",
  "position_m": [
    -0.06129691632651995,
    0.04155331632811814,
    0.335797848154059
  ],
  "quaternion_xyzw": [
    0.9832950700541271,
    -0.04765351060609391,
    0.16348916170866887,
    -0.06427473950130828
  ],
  "euler_xyz_deg": [
    -171.39509220553518,
    -18.384379833044612,
    -6.944160178356651
  ],
  "T_base_obj": [
    [
      0.9420008738613822,
      -0.0726984775391191,
      0.3276420073911358,
      -0.06129691632651995
    ],
    [
      -0.11473137065972358,
      -0.9871958015759327,
      0.11082040395815951,
      0.04155331632811814
    ],
    [
      0.3153903394698726,
      -0.14198373396394603,
      -0.938280103729834,
      0.335797848154059
    ],
    [
      0.0,
      0.0,
      0.0,
      1.0
    ]
  ],
  "rotation_matrix": [
    [
      0.9420008738613822,
      -0.0726984775391191,
      0.3276420073911358
    ],
    [
      -0.11473137065972358,
      -0.9871958015759327,
      0.11082040395815951
    ],
    [
      0.3153903394698726,
      -0.14198373396394603,
      -0.938280103729834
    ]
  ],
  "scale": 0.04926741008647149,
  "anisotropic_scale_xyz": [
    0.049267410086471494,
    0.049267410086471494,
    0.049267410086471494
  ],
  "real_size_m": {
    "x": 0.032462648534517594,
    "y": 0.04928276832914729,
    "z": 0.031320171473427014
  },
  "fitness": 1.0,
  "rmse": 0.006741470883177843
}