{
  "frame_id": "000001",
  "object_name": "hole",
  "label": "검정 큐브 (구멍)",
  "coordinate_frame": "base (= cam0)",
  "unit": "meter",
  "position_m": [
    0.30233377744558704,
    -0.10081049070443393,
    0.09140097160535837
  ],
  "quaternion_xyzw": [
    0.23291054180429244,
    0.3204137274500826,
    0.4712674088682827,
    0.7880322024616443
  ],
  "euler_xyz_deg": [
    44.27743171648272,
    16.586728108056214,
    68.54924257268294
  ],
  "T_base_obj": [
    [
      0.35048414519953686,
      -0.5934923185930232,
      0.7245189657514788,
      0.30233377744558704
    ],
    [
      0.892003258039809,
      0.44731941770918104,
      -0.06508092026686066,
      -0.10081049070443393
    ],
    [
      -0.2854663756138627,
      0.6690831086700414,
      0.6861754455556214,
      0.09140097160535837
    ],
    [
      0.0,
      0.0,
      0.0,
      1.0
    ]
  ],
  "rotation_matrix": [
    [
      0.35048414519953686,
      -0.5934923185930232,
      0.7245189657514788
    ],
    [
      0.892003258039809,
      0.44731941770918104,
      -0.06508092026686066
    ],
    [
      -0.2854663756138627,
      0.6690831086700414,
      0.6861754455556214
    ]
  ],
  "scale": 1.0780289017335787,
  "anisotropic_scale_xyz": [
    1.0780289017335787,
    1.0780289017335787,
    1.0780289017335787
  ],
  "real_size_m": {
    "x": 0.5311906654372204,
    "y": 0.5118396949934394,
    "z": 0.5301128913729177
  },
  "fitness": 0.0145,
  "rmse": 0.014660159384380969
}