{
  "frame_id": "000004",
  "object_name": "knife",
  "label": "yellow box-cutter",
  "coordinate_frame": "base (= cam0)",
  "unit": "meter",
  "position_m": [
    -0.06398818401398654,
    0.061526769534195315,
    0.33252180026595246
  ],
  "quaternion_xyzw": [
    -0.01636549444238197,
    0.9505040803966899,
    0.11439045080119141,
    -0.28842501366282286
  ],
  "euler_xyz_deg": [
    164.30439389163476,
    -32.99420394955093,
    -173.35211160950516
  ],
  "T_base_obj": [
    [
      -0.8330863641702331,
      0.03487519618000366,
      -0.5520424173222801,
      -0.06398818401398654
    ],
    [
      -0.09709707316092028,
      0.9732939907123667,
      0.20801674457325092,
      0.061526769534195315
    ],
    [
      0.5445541921765427,
      0.22689761640573036,
      -0.8074516725168621,
      0.33252180026595246
    ],
    [
      0.0,
      0.0,
      0.0,
      1.0
    ]
  ],
  "rotation_matrix": [
    [
      -0.8330863641702331,
      0.03487519618000366,
      -0.5520424173222801
    ],
    [
      -0.09709707316092028,
      0.9732939907123667,
      0.20801674457325092
    ],
    [
      0.5445541921765427,
      0.22689761640573036,
      -0.8074516725168621
    ]
  ],
  "scale": 0.13774548805056694,
  "anisotropic_scale_xyz": [
    0.13774548805056694,
    0.13774548805056694,
    0.13774548805056694
  ],
  "real_size_m": {
    "x": 0.041821397782174904,
    "y": 0.024310171813722373,
    "z": 0.13770798353316577
  },
  "fitness": 1.0,
  "rmse": 0.005058415307989216
}