{
  "frame_id": "000004",
  "object_name": "knife_adhoc",
  "label": "knife_adhoc",
  "coordinate_frame": "base (= cam0)",
  "unit": "meter",
  "position_m": [
    0.07928482692118866,
    0.1720800872166936,
    0.2644459705551819
  ],
  "quaternion_xyzw": [
    0.08790558911644954,
    -0.6970143495108964,
    -0.053867283006952024,
    0.7096068769392254
  ],
  "euler_xyz_deg": [
    86.3104124546275,
    -78.44757670927453,
    -83.5379948244421
  ],
  "T_base_obj": [
    [
      0.022538624795107657,
      -0.046093725105393266,
      -0.9986828219682476,
      0.07928482692118866
    ],
    [
      -0.19899210296029596,
      0.9787418464450954,
      -0.049664282666919274,
      0.1720800872166936
    ],
    [
      0.9797418809827473,
      0.19984935956653246,
      0.012887207955507771,
      0.2644459705551819
    ],
    [
      0.0,
      0.0,
      0.0,
      1.0
    ]
  ],
  "rotation_matrix": [
    [
      0.022538624795107657,
      -0.046093725105393266,
      -0.9986828219682476
    ],
    [
      -0.19899210296029596,
      0.9787418464450954,
      -0.049664282666919274
    ],
    [
      0.9797418809827473,
      0.19984935956653246,
      0.012887207955507771
    ]
  ],
  "scale": 2.0,
  "anisotropic_scale_xyz": [
    2.0,
    2.0,
    2.0
  ],
  "real_size_m": {
    "x": 0.6072271168231964,
    "y": 0.3529723137617111,
    "z": 1.999455451965332
  },
  "fitness": 0.070125,
  "rmse": 0.015712483970065125
}