{
  "frame_id": "000001",
  "object_name": "object_003",
  "label": "곤색 직사각형",
  "coordinate_frame": "base (= cam0)",
  "unit": "meter",
  "position_m": [
    -0.08304711681585575,
    0.04074123935089614,
    0.617882281438266
  ],
  "quaternion_xyzw": [
    -0.19405724562008492,
    0.6065548351481916,
    0.7422568494010758,
    0.20853725541946866
  ],
  "euler_xyz_deg": [
    77.02197652988971,
    32.75577236845578,
    174.94069925009723
  ],
  "T_base_obj": [
    [
      -0.8377079970488704,
      -0.5449891336324467,
      -0.035102078308335435,
      -0.08304711681585575
    ],
    [
      0.07416369112801469,
      -0.17720689012058388,
      0.9813752926419571,
      0.04074123935089614
    ],
    [
      -0.5410592006413261,
      0.819502631058836,
      0.18886603476101466,
      0.617882281438266
    ],
    [
      0.0,
      0.0,
      0.0,
      1.0
    ]
  ],
  "rotation_matrix": [
    [
      -0.8377079970488704,
      -0.5449891336324467,
      -0.035102078308335435
    ],
    [
      0.07416369112801469,
      -0.17720689012058388,
      0.9813752926419571
    ],
    [
      -0.5410592006413261,
      0.819502631058836,
      0.18886603476101466
    ]
  ],
  "scale": 0.7827243542696268,
  "anisotropic_scale_xyz": [
    0.7529362625501621,
    0.7996852256890801,
    0.7955515745696382
  ],
  "real_size_m": {
    "x": 0.09196284245306602,
    "y": 0.04337542672586499,
    "z": 0.018665806974645736
  },
  "fitness": 1.0,
  "rmse": 0.00855225664711125
}