{
  "frame_id": "000000",
  "object_name": "object_002",
  "label": "노랑 실린더",
  "coordinate_frame": "base (= cam0)",
  "unit": "meter",
  "position_m": [
    -0.05752348742797193,
    0.022533757852176206,
    0.633053183494531
  ],
  "quaternion_xyzw": [
    0.5145740962019384,
    0.5573383818546448,
    -0.5008578421111385,
    0.41680792893775187
  ],
  "euler_xyz_deg": [
    -139.38583634077412,
    78.53982850180391,
    128.236621813937
  ],
  "T_base_obj": [
    [
      -0.1229692997853627,
      0.9911068279681228,
      -0.050850829543281004,
      -0.05752348742797193
    ],
    [
      0.15606074851582544,
      -0.03129015697290812,
      -0.987251725167044,
      0.022533757852176206
    ],
    [
      -0.9800630561750134,
      -0.129337471876665,
      -0.15082514473871808,
      0.633053183494531
    ],
    [
      0.0,
      0.0,
      0.0,
      1.0
    ]
  ],
  "rotation_matrix": [
    [
      -0.1229692997853627,
      0.9911068279681228,
      -0.050850829543281004
    ],
    [
      0.15606074851582544,
      -0.03129015697290812,
      -0.987251725167044
    ],
    [
      -0.9800630561750134,
      -0.129337471876665,
      -0.15082514473871808
    ]
  ],
  "scale": 0.22103176084678505,
  "anisotropic_scale_xyz": [
    0.2873412891008206,
    0.2873412891008206,
    0.2873412891008206
  ],
  "real_size_m": {
    "x": 0.020438372046974608,
    "y": 0.020418698214808614,
    "z": 0.03511944768471164
  },
  "confidence": 0.7271746260539445,
  "fitness": 0.5191666666666667,
  "rmse": 0.0022908816158051255,
  "depth_score": 0.3883446370258729,
  "coverage": 0.6160395683453237,
  "silhouette_score": 0.7271746260539445,
  "posed_glb_opencv": "/Users/woo/Documents/GitHub/Robot-Lab/rb-multiview-calibration-pose-estimation/src/output/pose_per_object/frame_000000/object_002_posed.glb",
  "posed_glb_isaac": "/Users/woo/Documents/GitHub/Robot-Lab/rb-multiview-calibration-pose-estimation/src/output/pose_per_object/frame_000000/object_002_posed_isaac.glb"
}