{
  "frame_id": "000000",
  "object_name": "object_001",
  "label": "빨강 아치",
  "coordinate_frame": "base (= cam0)",
  "unit": "meter",
  "position_m": [
    0.016418158414199087,
    0.054036447364806055,
    0.4216613273651177
  ],
  "quaternion_xyzw": [
    0.6730517847078428,
    0.3498769318946275,
    -0.3298866451805587,
    0.5619272452560973
  ],
  "euler_xyz_deg": [
    106.01204343629642,
    56.85319771351235,
    10.562046769098416
  ],
  "T_base_obj": [
    [
      0.5375218677192269,
      0.8417151744255654,
      -0.05085082954328102,
      0.016418158414199087
    ],
    [
      0.10022599933181774,
      -0.1236478071323372,
      -0.9872517251670444,
      0.054036447364806055
    ],
    [
      -0.8372723516153003,
      0.5255728160124563,
      -0.1508251447387181,
      0.4216613273651177
    ],
    [
      0.0,
      0.0,
      0.0,
      1.0
    ]
  ],
  "rotation_matrix": [
    [
      0.5375218677192269,
      0.8417151744255654,
      -0.05085082954328102
    ],
    [
      0.10022599933181774,
      -0.1236478071323372,
      -0.9872517251670444
    ],
    [
      -0.8372723516153003,
      0.5255728160124563,
      -0.1508251447387181
    ]
  ],
  "scale": 0.26750801577152655,
  "anisotropic_scale_xyz": [
    0.25110140803765374,
    0.24975260394179005,
    0.26750801577152655
  ],
  "real_size_m": {
    "x": 0.03052915333384626,
    "y": 0.009916727337794659,
    "z": 0.01979330377348089
  },
  "confidence": 0.7487627448190829,
  "fitness": 0.44133333333333336,
  "rmse": 0.002799062761134079,
  "depth_score": 0.9196428571428571,
  "coverage": 0.5055648148148149,
  "silhouette_score": 0.7487627448190829,
  "posed_glb_opencv": "/Users/woo/Documents/GitHub/Robot-Lab/rb-multiview-calibration-pose-estimation/src/output/pose_per_object/frame_000000/object_001_posed.glb",
  "posed_glb_isaac": "/Users/woo/Documents/GitHub/Robot-Lab/rb-multiview-calibration-pose-estimation/src/output/pose_per_object/frame_000000/object_001_posed_isaac.glb"
}