{
  "frame_id": "000000",
  "object_name": "object_003",
  "label": "곤색 직사각형",
  "coordinate_frame": "base (= cam0)",
  "unit": "meter",
  "position_m": [
    -0.16521460305652708,
    0.04960483256482873,
    0.5076266979721114
  ],
  "quaternion_xyzw": [
    0.05210765044187178,
    0.923496973142919,
    0.06048909142083701,
    0.37520554790724553
  ],
  "euler_xyz_deg": [
    168.0253543540733,
    43.36933033962255,
    168.76488403019016
  ],
  "T_base_obj": [
    [
      -0.713011179169486,
      0.05085082954328101,
      0.6993062644584567,
      -0.16521460305652708
    ],
    [
      0.14163420029926244,
      0.9872517251670438,
      0.07262082660217568,
      0.04960483256482873
    ],
    [
      -0.6866984867352334,
      0.15082514473871808,
      -0.7111237332765974,
      0.5076266979721114
    ],
    [
      0.0,
      0.0,
      0.0,
      1.0
    ]
  ],
  "rotation_matrix": [
    [
      -0.713011179169486,
      0.05085082954328101,
      0.6993062644584567
    ],
    [
      0.14163420029926244,
      0.9872517251670438,
      0.07262082660217568
    ],
    [
      -0.6866984867352334,
      0.15082514473871808,
      -0.7111237332765974
    ]
  ],
  "scale": 0.46151612117012397,
  "anisotropic_scale_xyz": [
    0.5999709575211611,
    0.40174287665097136,
    0.5999709575211611
  ],
  "real_size_m": {
    "x": 0.07326879208176514,
    "y": 0.02178337350828678,
    "z": 0.014069398660119914
  },
  "confidence": 0.6522894769408863,
  "fitness": 0.36333333333333334,
  "rmse": 0.002064403554017718,
  "depth_score": 0.5777177061208728,
  "coverage": 0.6032942092154421,
  "silhouette_score": 0.6522894769408863,
  "posed_glb_opencv": "/Users/woo/Documents/GitHub/Robot-Lab/rb-multiview-calibration-pose-estimation/src/output/pose_per_object/frame_000000/object_003_posed.glb",
  "posed_glb_isaac": "/Users/woo/Documents/GitHub/Robot-Lab/rb-multiview-calibration-pose-estimation/src/output/pose_per_object/frame_000000/object_003_posed_isaac.glb"
}