{
  "frame_id": "000000",
  "object_name": "object_004",
  "label": "민트 실린더",
  "coordinate_frame": "base (= cam0)",
  "unit": "meter",
  "position_m": [
    0.019592047316508168,
    0.024156634705558254,
    0.5722372224471719
  ],
  "quaternion_xyzw": [
    0.13579983200177517,
    0.6372957188454821,
    0.7490528341029203,
    -0.1197181026073037
  ],
  "euler_xyz_deg": [
    80.71175810251296,
    -20.856839374087002,
    -179.61610950004433
  ],
  "T_base_obj": [
    [
      -0.9344519630714775,
      0.3524396712109089,
      0.05085082954328104,
      0.019592047316508168
    ],
    [
      -0.006261064993668566,
      -0.159043485298507,
      0.9872517251670446,
      0.024156634705558254
    ],
    [
      0.35603416658369236,
      0.9222209322819089,
      0.15082514473871814,
      0.5722372224471719
    ],
    [
      0.0,
      0.0,
      0.0,
      1.0
    ]
  ],
  "rotation_matrix": [
    [
      -0.9344519630714775,
      0.3524396712109089,
      0.05085082954328104
    ],
    [
      -0.006261064993668566,
      -0.159043485298507,
      0.9872517251670446
    ],
    [
      0.35603416658369236,
      0.9222209322819089,
      0.15082514473871814
    ]
  ],
  "scale": 0.3015103325457579,
  "anisotropic_scale_xyz": [
    0.39196343230948527,
    0.39196343230948527,
    0.3712208858545314
  ],
  "real_size_m": {
    "x": 0.026429660772498566,
    "y": 0.026774983956323634,
    "z": 0.04537975003421163
  },
  "confidence": 0.6292626665947537,
  "fitness": 0.4013333333333333,
  "rmse": 0.002230661953395228,
  "depth_score": 0.3977583378895571,
  "coverage": 0.6839004723346829,
  "silhouette_score": 0.6292626665947537,
  "posed_glb_opencv": "/Users/woo/Documents/GitHub/Robot-Lab/rb-multiview-calibration-pose-estimation/src/output/pose_per_object/frame_000000/object_004_posed.glb",
  "posed_glb_isaac": "/Users/woo/Documents/GitHub/Robot-Lab/rb-multiview-calibration-pose-estimation/src/output/pose_per_object/frame_000000/object_004_posed_isaac.glb"
}