{
  "frame_id": "000001",
  "object_name": "hole",
  "label": "검정 큐브 (구멍)",
  "coordinate_frame": "base (= cam0)",
  "unit": "meter",
  "position_m": [
    -0.023885879805110734,
    0.037439010058083366,
    0.3417378606102251
  ],
  "quaternion_xyzw": [
    -0.18474518815607588,
    -0.3489215290711449,
    0.608890275709174,
    0.688022975016559
  ],
  "euler_xyz_deg": [
    -44.617932420952904,
    -14.782648926657199,
    89.11034867066998
  ],
  "T_base_obj": [
    [
      0.015012797394890412,
      -0.7089378508226143,
      -0.7051111540619773,
      -0.023885879805110734
    ],
    [
      0.9667841449821328,
      0.19024369519966441,
      -0.17069198412377812,
      0.037439010058083366
    ],
    [
      0.2551529598526089,
      -0.6791277200232253,
      0.6882459640078687,
      0.3417378606102251
    ],
    [
      0.0,
      0.0,
      0.0,
      1.0
    ]
  ],
  "rotation_matrix": [
    [
      0.015012797394890412,
      -0.7089378508226143,
      -0.7051111540619773
    ],
    [
      0.9667841449821328,
      0.19024369519966441,
      -0.17069198412377812
    ],
    [
      0.2551529598526089,
      -0.6791277200232253,
      0.6882459640078687
    ]
  ],
  "scale": 0.12101589247238138,
  "anisotropic_scale_xyz": [
    0.12101589247238138,
    0.12101589247238138,
    0.12101589247238138
  ],
  "real_size_m": {
    "x": 0.059629674443338804,
    "y": 0.057457399697555075,
    "z": 0.059508687158057835
  },
  "fitness": 0.722875,
  "rmse": 0.013427132940534367
}