{
  "frame_id": "000000",
  "object_name": "object_001",
  "label": "빨강 아치",
  "coordinate_frame": "base (= cam0)",
  "unit": "meter",
  "position_m": [
    -0.01117476869789475,
    0.05873037085737352,
    0.4054071665917049
  ],
  "quaternion_xyzw": [
    0.9862553655564381,
    -0.03437789257023223,
    0.1422785645463528,
    -0.07665066525605246
  ],
  "euler_xyz_deg": [
    -170.36035524440643,
    -15.984411749135086,
    -5.349264912352684
  ],
  "T_base_obj": [
    [
      0.9571499411401606,
      -0.04599926875896816,
      0.2859161720405648,
      -0.01117476869789475
    ],
    [
      -0.08962225525622765,
      -0.9858856720246364,
      0.14141178534982746,
      0.05873037085737352
    ],
    [
      0.27537581870605504,
      -0.1609767341766156,
      -0.9477629711673621,
      0.4054071665917049
    ],
    [
      0.0,
      0.0,
      0.0,
      1.0
    ]
  ],
  "rotation_matrix": [
    [
      0.9571499411401606,
      -0.04599926875896816,
      0.2859161720405648
    ],
    [
      -0.08962225525622765,
      -0.9858856720246364,
      0.14141178534982746
    ],
    [
      0.27537581870605504,
      -0.1609767341766156,
      -0.9477629711673621
    ]
  ],
  "scale": 0.5583128849200913,
  "anisotropic_scale_xyz": [
    0.7258067503961187,
    0.7258067503961187,
    0.7258067503961187
  ],
  "real_size_m": {
    "x": 0.08825295585329744,
    "y": 0.02881154701438442,
    "z": 0.053682133412022714
  },
  "confidence": 0.8486028813707726,
  "fitness": 0.45516666666666666,
  "rmse": 0.0030205278689848366,
  "depth_score": 0.35621598995395565,
  "coverage": 0.514,
  "silhouette_score": 0.7074602041325354,
  "posed_glb_opencv": "/Users/woo/Documents/GitHub/Robot-Lab/rb-multiview-calibration-pose-estimation/src/output/pose_per_object_v2/frame_000000/object_001_posed.glb",
  "posed_glb_isaac": "/Users/woo/Documents/GitHub/Robot-Lab/rb-multiview-calibration-pose-estimation/src/output/pose_per_object_v2/frame_000000/object_001_posed_isaac.glb"
}