{
  "frame_id": "000000",
  "object_name": "object_003",
  "label": "곤색 직사각형",
  "coordinate_frame": "base (= cam0)",
  "unit": "meter",
  "position_m": [
    -0.16224210259289767,
    0.04441024504680267,
    0.5115777195203088
  ],
  "quaternion_xyzw": [
    0.04621809424286877,
    0.9507041378364526,
    0.07015020845530791,
    0.29850373250410406
  ],
  "euler_xyz_deg": [
    168.78597760243665,
    34.131423143469114,
    170.98103489242857
  ],
  "T_base_obj": [
    [
      -0.8175188188840133,
      0.04599926875878422,
      0.5740618851853875,
      -0.16224210259289767
    ],
    [
      0.1297596649984383,
      0.9858856720206941,
      0.10579163961510546,
      0.04441024504680267
    ],
    [
      -0.5610930494106021,
      0.1609767341759719,
      -0.8119489398638559,
      0.5115777195203088
    ],
    [
      0.0,
      0.0,
      0.0,
      1.0
    ]
  ],
  "rotation_matrix": [
    [
      -0.8175188188840133,
      0.04599926875878422,
      0.5740618851853875
    ],
    [
      0.1297596649984383,
      0.9858856720206941,
      0.10579163961510546
    ],
    [
      -0.5610930494106021,
      0.1609767341759719,
      -0.8119489398638559
    ]
  ],
  "scale": 0.5561918626605205,
  "anisotropic_scale_xyz": [
    0.7230494214586766,
    0.5416240357004436,
    0.5561918626605205
  ],
  "real_size_m": {
    "x": 0.08830347216980443,
    "y": 0.029369973944337574,
    "z": 0.01303756815012989
  },
  "confidence": 0.925379829342953,
  "fitness": 0.4686666666666667,
  "rmse": 0.0020031561927192827,
  "depth_score": 0.5229962181285837,
  "coverage": 0.6537537878787879,
  "silhouette_score": 0.7704599091068086,
  "posed_glb_opencv": "/Users/woo/Documents/GitHub/Robot-Lab/rb-multiview-calibration-pose-estimation/src/output/pose_per_object_v2/frame_000000/object_003_posed.glb",
  "posed_glb_isaac": "/Users/woo/Documents/GitHub/Robot-Lab/rb-multiview-calibration-pose-estimation/src/output/pose_per_object_v2/frame_000000/object_003_posed_isaac.glb"
}