{
  "frame_id": "000000",
  "object_name": "object_002",
  "label": "노랑 실린더",
  "coordinate_frame": "base (= cam0)",
  "unit": "meter",
  "position_m": [
    -0.0656756895114674,
    0.00969821244676911,
    0.6339553182806948
  ],
  "quaternion_xyzw": [
    -0.3322532091196808,
    0.5559851058620183,
    0.6350888786747035,
    0.42089248422011727
  ],
  "euler_xyz_deg": [
    69.322283323811,
    62.878341665140866,
    158.76026899772785
  ],
  "T_base_obj": [
    [
      -0.4249146435119832,
      -0.9040639429816141,
      0.04599926875942821,
      -0.0656756895114674
    ],
    [
      0.16515260040095178,
      -0.027460157573376307,
      0.9858856720344965,
      0.00969821244676911
    ],
    [
      -0.890040540822407,
      0.4265141577310505,
      0.16097673417822556,
      0.6339553182806948
    ],
    [
      0.0,
      0.0,
      0.0,
      1.0
    ]
  ],
  "rotation_matrix": [
    [
      -0.4249146435119832,
      -0.9040639429816141,
      0.04599926875942821
    ],
    [
      0.16515260040095178,
      -0.027460157573376307,
      0.9858856720344965
    ],
    [
      -0.890040540822407,
      0.4265141577310505,
      0.16097673417822556
    ]
  ],
  "scale": 0.45715130688510497,
  "anisotropic_scale_xyz": [
    0.3823241469362534,
    0.3823241469362534,
    0.44355532156792227
  ],
  "real_size_m": {
    "x": 0.027200979298352412,
    "y": 0.027169126423651397,
    "z": 0.054221685563864405
  },
  "confidence": 1.0647047875054152,
  "fitness": 0.532,
  "rmse": 0.0023045525021939107,
  "depth_score": 0.4361977816937908,
  "coverage": 0.7290658198614319,
  "silhouette_score": 0.8869776196256091,
  "posed_glb_opencv": "/Users/woo/Documents/GitHub/Robot-Lab/rb-multiview-calibration-pose-estimation/src/output/pose_per_object_v2/frame_000000/object_002_posed.glb",
  "posed_glb_isaac": "/Users/woo/Documents/GitHub/Robot-Lab/rb-multiview-calibration-pose-estimation/src/output/pose_per_object_v2/frame_000000/object_002_posed_isaac.glb"
}