{
  "frame_id": "000000",
  "object_name": "object_004",
  "label": "민트 실린더",
  "coordinate_frame": "base (= cam0)",
  "unit": "meter",
  "position_m": [
    0.22788684054008307,
    -0.013911119259695712,
    0.6879966811391668
  ],
  "quaternion_xyzw": [
    0.7809178462822217,
    -0.05766077292509791,
    0.620171705108886,
    -0.047218733633520776
  ],
  "euler_xyz_deg": [
    -147.30439558239198,
    -74.39965919540901,
    -33.549616502139635
  ],
  "T_base_obj": [
    [
      0.22412458289542875,
      -0.03148920811404181,
      0.9740516419132663,
      0.22788684054008307
    ],
    [
      -0.14862409831614246,
      -0.988891252917477,
      0.0022287438208425494,
      -0.013911119259695712
    ],
    [
      0.9631609672000276,
      -0.1452670632719441,
      -0.22631489475292285,
      0.6879966811391668
    ],
    [
      0.0,
      0.0,
      0.0,
      1.0
    ]
  ],
  "rotation_matrix": [
    [
      0.22412458289542875,
      -0.03148920811404181,
      0.9740516419132663
    ],
    [
      -0.14862409831614246,
      -0.988891252917477,
      0.0022287438208425494
    ],
    [
      0.9631609672000276,
      -0.1452670632719441,
      -0.22631489475292285
    ]
  ],
  "scale": 0.7560890160971826,
  "anisotropic_scale_xyz": [
    0.9829157209263374,
    0.9829157209263374,
    0.9829157209263374
  ],
  "real_size_m": {
    "x": 0.0663304709131606,
    "y": 0.06714152632891891,
    "z": 0.12015080355762633
  },
  "confidence": 1.0419735917500725,
  "fitness": 0.22433333333333333,
  "rmse": 0.0041392476810404675,
  "depth_score": 0.4834152334152334,
  "coverage": 0.45719196025293585,
  "silhouette_score": 0.8657457849758541,
  "posed_glb_opencv": "/Users/woo/Documents/GitHub/Robot-Lab/rb-multiview-calibration-pose-estimation/src/output/pose_per_object_v2/frame_000000/object_004_posed.glb",
  "posed_glb_isaac": "/Users/woo/Documents/GitHub/Robot-Lab/rb-multiview-calibration-pose-estimation/src/output/pose_per_object_v2/frame_000000/object_004_posed_isaac.glb"
}