{
  "frame_id": "000001",
  "object_name": "hole",
  "label": "검정 큐브 (구멍)",
  "coordinate_frame": "base (= cam0)",
  "unit": "meter",
  "position_m": [
    0.08099288084614699,
    0.534683119930336,
    0.2731818922253271
  ],
  "quaternion_xyzw": [
    -0.6603625170825969,
    0.7211756339004647,
    -0.06568767846194123,
    0.19877670889437823
  ],
  "euler_xyz_deg": [
    -158.6147200677156,
    11.534063060988833,
    -92.85591530948024
  ],
  "T_base_obj": [
    [
      -0.048818332066815,
      -0.9263603526415096,
      0.37346119946431455,
      0.08099288084614699
    ],
    [
      -0.9785890747994931,
      0.11921294986094025,
      0.167784669337232,
      0.534683119930336
    ],
    [
      -0.19995047670182314,
      -0.3572740819532109,
      -0.9123458977985883,
      0.2731818922253271
    ],
    [
      0.0,
      0.0,
      0.0,
      1.0
    ]
  ],
  "rotation_matrix": [
    [
      -0.048818332066815,
      -0.9263603526415096,
      0.37346119946431455
    ],
    [
      -0.9785890747994931,
      0.11921294986094025,
      0.167784669337232
    ],
    [
      -0.19995047670182314,
      -0.3572740819532109,
      -0.9123458977985883
    ]
  ],
  "scale": 1.7,
  "anisotropic_scale_xyz": [
    1.7,
    1.7,
    1.7
  ],
  "real_size_m": {
    "x": 0.8376622647047043,
    "y": 0.8071467101573944,
    "z": 0.8359626665711403
  },
  "fitness": 0.015625,
  "rmse": 0.014184241288401645
}