{
  "frame_id": "000000",
  "object_name": "object_003",
  "label": "곤색 직사각형",
  "coordinate_frame": "base (= cam0)",
  "unit": "meter",
  "position_m": [
    -0.16780002699449678,
    0.042526417563234255,
    0.5110981284566606
  ],
  "quaternion_xyzw": [
    0.9506100095502548,
    -0.05130326989247557,
    0.3038722762851666,
    -0.0370165361220561
  ],
  "euler_xyz_deg": [
    -172.8761633129212,
    -35.02472796964102,
    -8.428811927994692
  ],
  "T_base_obj": [
    [
      0.8100592284072224,
      -0.07504220558168842,
      0.5815261936093088,
      -0.16780002699449678
    ],
    [
      -0.1200354019480936,
      -0.9919955011037285,
      0.039197296706812615,
      0.042526417563234255
    ],
    [
      0.5739299162366912,
      -0.10155586231920782,
      -0.8125828315175917,
      0.5110981284566606
    ],
    [
      0.0,
      0.0,
      0.0,
      1.0
    ]
  ],
  "rotation_matrix": [
    [
      0.8100592284072224,
      -0.07504220558168842,
      0.5815261936093088
    ],
    [
      -0.1200354019480936,
      -0.9919955011037285,
      0.039197296706812615
    ],
    [
      0.5739299162366912,
      -0.10155586231920782,
      -0.8125828315175917
    ]
  ],
  "scale": 0.607214407085348,
  "anisotropic_scale_xyz": [
    0.7344504599411646,
    0.503553232689938,
    0.607214407085348
  ],
  "real_size_m": {
    "x": 0.08969560769363112,
    "y": 0.0273093068696372,
    "z": 0.014233267572161524
  },
  "confidence": 0.4628930220251263,
  "fitness": 0.37666666666666665,
  "rmse": 0.00220382300229383,
  "depth_score": 0.6958294136092819,
  "coverage": 0.6122943037974683,
  "silhouette_score": 0.18988643420235551,
  "posed_glb_opencv": "/Users/woo/Documents/GitHub/Robot-Lab/rb-multiview-calibration-pose-estimation/src/output/pose_per_object/frame_000000/object_003_posed.glb",
  "posed_glb_isaac": "/Users/woo/Documents/GitHub/Robot-Lab/rb-multiview-calibration-pose-estimation/src/output/pose_per_object/frame_000000/object_003_posed_isaac.glb"
}