{
  "frame_id": "000000",
  "object_name": "object_002",
  "label": "노랑 실린더",
  "coordinate_frame": "base (= cam0)",
  "unit": "meter",
  "position_m": [
    -0.06561603183393724,
    0.006154804034495208,
    0.6324062288450233
  ],
  "quaternion_xyzw": [
    0.6954717273590818,
    0.2741700892839977,
    -0.23962914271829638,
    0.6194575954383593
  ],
  "euler_xyz_deg": [
    99.15630064939243,
    42.297797126395125,
    6.557958519048475
  ],
  "T_base_obj": [
    [
      0.7348172722041981,
      0.6782352762595337,
      0.006362900874231991,
      -0.06561603183393724
    ],
    [
      0.08447490607860864,
      -0.0822060991914613,
      -0.9930287747586842,
      0.006154804034495208
    ],
    [
      -0.6729840761217101,
      0.7302322009421919,
      -0.11770032282764073,
      0.6324062288450233
    ],
    [
      0.0,
      0.0,
      0.0,
      1.0
    ]
  ],
  "rotation_matrix": [
    [
      0.7348172722041981,
      0.6782352762595337,
      0.006362900874231991
    ],
    [
      0.08447490607860864,
      -0.0822060991914613,
      -0.9930287747586842
    ],
    [
      -0.6729840761217101,
      0.7302322009421919,
      -0.11770032282764073
    ]
  ],
  "scale": 0.43525028444519803,
  "anisotropic_scale_xyz": [
    0.33789510773839493,
    0.33789510773839493,
    0.4370055098704829
  ],
  "real_size_m": {
    "x": 0.024034466783585347,
    "y": 0.024010876652808974,
    "z": 0.05340843787159458
  },
  "confidence": 0.5566776467066193,
  "fitness": 0.432,
  "rmse": 0.0020005208340974235,
  "depth_score": 0.44887300714678396,
  "coverage": 0.7055,
  "silhouette_score": 0.42957728915211596,
  "posed_glb_opencv": "/Users/woo/Documents/GitHub/Robot-Lab/rb-multiview-calibration-pose-estimation/src/output/pose_per_object/frame_000000/object_002_posed.glb",
  "posed_glb_isaac": "/Users/woo/Documents/GitHub/Robot-Lab/rb-multiview-calibration-pose-estimation/src/output/pose_per_object/frame_000000/object_002_posed_isaac.glb"
}