{
  "frame_id": "000000",
  "object_name": "object_001",
  "label": "빨강 아치",
  "coordinate_frame": "base (= cam0)",
  "unit": "meter",
  "position_m": [
    -0.01688110743220339,
    0.04861490859319805,
    0.4100265324306645
  ],
  "quaternion_xyzw": [
    0.09575905144069258,
    -0.11489743395856573,
    0.011862481312448646,
    0.9886799609954819
  ],
  "euler_xyz_deg": [
    11.054370585316478,
    -13.265603252042656,
    0.08544223689122106
  ],
  "T_base_obj": [
    [
      0.9733157224136979,
      -0.04546133370028646,
      -0.22492170113284543,
      -0.01688110743220339
    ],
    [
      0.0014514565449189815,
      0.9813789712085813,
      -0.19207604781306023,
      0.04861490859319805
    ],
    [
      0.22946546096569748,
      0.1866241731603329,
      0.9552575674738317,
      0.4100265324306645
    ],
    [
      0.0,
      0.0,
      0.0,
      1.0
    ]
  ],
  "rotation_matrix": [
    [
      0.9733157224136979,
      -0.04546133370028646,
      -0.22492170113284543
    ],
    [
      0.0014514565449189815,
      0.9813789712085813,
      -0.19207604781306023
    ],
    [
      0.22946546096569748,
      0.1866241731603329,
      0.9552575674738317
    ]
  ],
  "scale": 0.7349785076861186,
  "anisotropic_scale_xyz": [
    0.735260057638377,
    0.9554720599919542,
    0.7349785076861186
  ],
  "real_size_m": {
    "x": 0.0893917817744611,
    "y": 0.03793153864580979,
    "z": 0.054398024239439915
  },
  "confidence": 0.46403941262865633,
  "fitness": 0.3895,
  "rmse": 0.0029602060395392074,
  "depth_score": 0.4768007070260716,
  "coverage": 0.656745894909688,
  "silhouette_score": 0.22771142448467466,
  "posed_glb_opencv": "/Users/woo/Documents/GitHub/Robot-Lab/rb-multiview-calibration-pose-estimation/src/output/pose_per_object/frame_000000/object_001_posed.glb",
  "posed_glb_isaac": "/Users/woo/Documents/GitHub/Robot-Lab/rb-multiview-calibration-pose-estimation/src/output/pose_per_object/frame_000000/object_001_posed_isaac.glb"
}