{
  "frame_id": "000000",
  "object_name": "object_004",
  "label": "민트 실린더",
  "coordinate_frame": "base (= cam0)",
  "unit": "meter",
  "position_m": [
    0.015903878491645693,
    0.016074059482285203,
    0.5689435927659302
  ],
  "quaternion_xyzw": [
    0.2433316764043569,
    0.5871098379274028,
    0.7131201490995351,
    -0.2958908353014008
  ],
  "euler_xyz_deg": [
    74.50785881873664,
    -43.986613293236715,
    -169.08118311236333
  ],
  "T_base_obj": [
    [
      -0.7064766176857689,
      0.7077362753673725,
      -0.00039139799978876884,
      0.015903878491645693
    ],
    [
      -0.1362865909819114,
      -0.13550130358699636,
      0.9813589362943378,
      0.016074059482285203
    ],
    [
      0.6944902834322483,
      0.6933604843480361,
      0.19218346693420815,
      0.5689435927659302
    ],
    [
      0.0,
      0.0,
      0.0,
      1.0
    ]
  ],
  "rotation_matrix": [
    [
      -0.7064766176857689,
      0.7077362753673725,
      -0.00039139799978876884
    ],
    [
      -0.1362865909819114,
      -0.13550130358699636,
      0.9813589362943378
    ],
    [
      0.6944902834322483,
      0.6933604843480361,
      0.19218346693420815
    ]
  ],
  "scale": 0.4157849101941801,
  "anisotropic_scale_xyz": [
    0.3709032693700026,
    0.3709032693700026,
    0.438212774065169
  ],
  "real_size_m": {
    "x": 0.025012937627990253,
    "y": 0.025310479841664596,
    "z": 0.053569264168914464
  },
  "confidence": 0.5370522224427798,
  "fitness": 0.417,
  "rmse": 0.002128631694066452,
  "depth_score": 0.4380781444152975,
  "coverage": 0.6729645669291339,
  "silhouette_score": 0.41649620302790097,
  "posed_glb_opencv": "/Users/woo/Documents/GitHub/Robot-Lab/rb-multiview-calibration-pose-estimation/src/output/pose_per_object/frame_000000/object_004_posed.glb",
  "posed_glb_isaac": "/Users/woo/Documents/GitHub/Robot-Lab/rb-multiview-calibration-pose-estimation/src/output/pose_per_object/frame_000000/object_004_posed_isaac.glb"
}