{
  "frame_id": "000000",
  "object_name": "object_003",
  "label": "곤색 직사각형",
  "coordinate_frame": "base (= cam0)",
  "unit": "meter",
  "position_m": [
    -0.15057133698728456,
    0.044876485753253884,
    0.5088033411434103
  ],
  "quaternion_xyzw": [
    -0.32114752442410377,
    -0.11935518104269394,
    0.9394140096979132,
    0.010951104867740777
  ],
  "euler_xyz_deg": [
    -16.816670164846,
    36.92483720732958,
    173.0136351886206
  ],
  "T_base_obj": [
    [
      -0.7934886817148561,
      0.056085999168689386,
      -0.6059951094542791,
      -0.15057133698728456
    ],
    [
      0.09723648450602096,
      -0.9712688281111693,
      -0.21721401796565398,
      0.044876485753253884
    ],
    [
      -0.6007668250349728,
      -0.2312816988367292,
      0.7652372166233417,
      0.5088033411434103
    ],
    [
      0.0,
      0.0,
      0.0,
      1.0
    ]
  ],
  "rotation_matrix": [
    [
      -0.7934886817148561,
      0.056085999168689386,
      -0.6059951094542791
    ],
    [
      0.09723648450602096,
      -0.9712688281111693,
      -0.21721401796565398
    ],
    [
      -0.6007668250349728,
      -0.2312816988367292,
      0.7652372166233417
    ]
  ],
  "scale": 0.6704131309850546,
  "anisotropic_scale_xyz": [
    0.7618301121789426,
    0.5450326069532689,
    0.7043766738229522
  ],
  "real_size_m": {
    "x": 0.09260295213461481,
    "y": 0.03181417530190005,
    "z": 0.01777577137089068
  },
  "confidence": 0.8906451927043275,
  "fitness": 0.5248333333333334,
  "rmse": 0.0021432488444741507,
  "depth_score": 0.5529663535845916,
  "coverage": 0.637464983713355,
  "silhouette_score": 0.8906451927043275,
  "posed_glb_opencv": "/Users/woo/Documents/GitHub/Robot-Lab/rb-multiview-calibration-pose-estimation/src/output/pose_per_object_v2/run_20260420_154121_sam_frame_000000/object_003_posed.glb",
  "posed_glb_isaac": "/Users/woo/Documents/GitHub/Robot-Lab/rb-multiview-calibration-pose-estimation/src/output/pose_per_object_v2/run_20260420_154121_sam_frame_000000/object_003_posed_isaac.glb",
  "orientation_tag": "rot_0_180_0",
  "per_cam_iou": [
    0.8820678513731826,
    0.7544141252006421,
    0.9630493971217425
  ]
}