{
  "frame_id": "000003",
  "T_obj_in_cam0": [
    [
      0.8912203780443616,
      0.026963899105069345,
      -0.4527683578868176,
      -0.006385285165603487
    ],
    [
      -0.14296295530969602,
      0.9640480633420808,
      -0.22399313600091597,
      0.040009086245133524
    ],
    [
      0.43045073024399993,
      0.26435634986029616,
      0.8630341181673915,
      0.3215808604574882
    ],
    [
      0.0,
      0.0,
      0.0,
      1.0
    ]
  ],
  "rotation_matrix": [
    [
      0.8912203780443616,
      0.026963899105069345,
      -0.4527683578868176
    ],
    [
      -0.14296295530969602,
      0.9640480633420808,
      -0.22399313600091597
    ],
    [
      0.43045073024399993,
      0.26435634986029616,
      0.8630341181673915
    ]
  ],
  "translation_m": [
    -0.006385285165603487,
    0.040009086245133524,
    0.3215808604574882
  ],
  "rvec_rad": [
    0.25632610804532696,
    -0.4635862593623292,
    -0.08919163530541839
  ],
  "euler_xyz_deg": [
    14.68640417001157,
    -26.561536101718612,
    -5.110304270870501
  ],
  "scale_glb_to_real": 0.1217740516137597,
  "real_size_m": 0.060003251680617355,
  "score": 0.1546189109960778,
  "fitness": 1.0,
  "rmse": 0.0064738032840554755
}