{
  "frame_id": "000002",
  "T_obj_in_cam0": [
    [
      0.898264653365255,
      -0.026307530876426437,
      0.4386667600055836,
      -0.0048635319637982816
    ],
    [
      -0.1295245242680032,
      -0.9697132041920041,
      0.20707413944968547,
      0.0361167949715353
    ],
    [
      0.419933340100257,
      -0.24282548349558702,
      -0.8744665656486729,
      0.3219678977066198
    ],
    [
      0.0,
      0.0,
      0.0,
      1.0
    ]
  ],
  "rotation_matrix": [
    [
      0.898264653365255,
      -0.026307530876426437,
      0.4386667600055836
    ],
    [
      -0.1295245242680032,
      -0.9697132041920041,
      0.20707413944968547
    ],
    [
      0.419933340100257,
      -0.24282548349558702,
      -0.8744665656486729
    ]
  ],
  "translation_m": [
    -0.0048635319637982816,
    0.0361167949715353,
    0.3219678977066198
  ],
  "rvec_rad": [
    -2.832522990793847,
    0.11794373649539533,
    -0.6498438582995228
  ],
  "euler_xyz_deg": [
    -162.29161274626077,
    6.757678321189252,
    -37.233310423060175
  ],
  "scale_glb_to_real": 0.10147666270105549,
  "real_size_m": 0.050001865348730315,
  "score": 0.16948472264657477,
  "fitness": 1.0,
  "rmse": 0.006412880949996377
}