{
  "frame_id": "000001",
  "T_obj_in_cam0": [
    [
      -0.7705995539882458,
      0.08755263937402807,
      -0.6312771679157878,
      -0.01873008426610741
    ],
    [
      -0.10178444086865769,
      0.9608981422766047,
      0.25751638349121586,
      0.03154178276602175
    ],
    [
      0.6291392969686307,
      0.26269620383245235,
      -0.7315561834212343,
      0.34039559400335884
    ],
    [
      0.0,
      0.0,
      0.0,
      1.0
    ]
  ],
  "rotation_matrix": [
    [
      -0.7705995539882458,
      0.08755263937402807,
      -0.6312771679157878
    ],
    [
      -0.10178444086865769,
      0.9608981422766047,
      0.25751638349121586
    ],
    [
      0.6291392969686307,
      0.26269620383245235,
      -0.7315561834212343
    ]
  ],
  "translation_m": [
    -0.01873008426610741,
    0.03154178276602175,
    0.34039559400335884
  ],
  "rvec_rad": [
    0.009959283627393215,
    -2.42341321425479,
    -0.36403997804854643
  ],
  "euler_xyz_deg": [
    0.5706249188233724,
    -138.85134919303258,
    -20.857954316216848
  ],
  "scale_glb_to_real": 0.10148155060975803,
  "real_size_m": 0.05000427382912646,
  "score": 0.16066776263750338,
  "fitness": 0.99215,
  "rmse": 0.006738395915117265
}