{
  "frame_id": "000000",
  "T_obj_in_cam0": [
    [
      -0.04693804751602296,
      -0.7549853111627649,
      0.6540596300214964,
      -0.021443584360557703
    ],
    [
      0.9687640551692107,
      -0.19402263924031643,
      -0.1544390522968097,
      0.03959567982546641
    ],
    [
      0.24350159159130114,
      0.6263803919270581,
      0.7405096754950687,
      0.3398881515331815
    ],
    [
      0.0,
      0.0,
      0.0,
      1.0
    ]
  ],
  "rotation_matrix": [
    [
      -0.04693804751602296,
      -0.7549853111627649,
      0.6540596300214964
    ],
    [
      0.9687640551692107,
      -0.19402263924031643,
      -0.1544390522968097
    ],
    [
      0.24350159159130114,
      0.6263803919270581,
      0.7405096754950687
    ]
  ],
  "translation_m": [
    -0.021443584360557703,
    0.03959567982546641,
    0.3398881515331815
  ],
  "rvec_rad": [
    0.735388397447935,
    0.3866702093217662,
    1.6234550682440816
  ],
  "euler_xyz_deg": [
    42.13465147665584,
    22.154571057577307,
    93.01712363950891
  ],
  "scale_glb_to_real": 0.12177459717226209,
  "real_size_m": 0.06000352050048244,
  "score": 0.17938103531077526,
  "fitness": 0.99535,
  "rmse": 0.00786406635909884
}