{
  "frame_id": "000000",
  "object_name": "object_002",
  "label": "노랑 실린더",
  "coordinate_frame": "base (= cam0)",
  "unit": "meter",
  "position_m": [
    0.04281700231328915,
    0.05131776532841939,
    0.12894789133819068
  ],
  "quaternion_xyzw": [
    0.5355888851540274,
    -0.46511220661835984,
    -0.4952568253432201,
    0.5015335066623381
  ],
  "euler_xyz_deg": [
    90.36570482613634,
    3.667680376986236,
    -85.58728972134118
  ],
  "T_base_obj": [
    [
      0.07678262441111139,
      -0.0014420718028287634,
      -0.9970468138545241,
      0.04281700231328915
    ],
    [
      -0.9949936410541987,
      -0.06426955389915684,
      -0.07653155364496574,
      0.05131776532841939
    ],
    [
      -0.06396938994746788,
      0.9979315331577204,
      -0.006369637291866943,
      0.12894789133819068
    ],
    [
      0.0,
      0.0,
      0.0,
      1.0
    ]
  ],
  "rotation_matrix": [
    [
      0.07678262441111139,
      -0.0014420718028287634,
      -0.9970468138545241
    ],
    [
      -0.9949936410541987,
      -0.06426955389915684,
      -0.07653155364496574
    ],
    [
      -0.06396938994746788,
      0.9979315331577204,
      -0.006369637291866943
    ]
  ],
  "scale": 0.8609010107034138,
  "real_size_m": {
    "x": 0.061270102347303845,
    "y": 0.061214606581911316,
    "z": 0.10525220260137051
  },
  "confidence": 0.07003916222874368,
  "fitness": 0.2333,
  "rmse": 0.004203532606603763,
  "depth_score": 0.3226877874297394,
  "coverage": 0.2170493119266055,
  "posed_glb_opencv": "src/output/pose_pipeline_000000/object_002_posed_000000.glb",
  "posed_glb_isaac": "src/output/pose_pipeline_000000/object_002_posed_000000_isaac.glb"
}