{
  "frame_id": "000000",
  "object_name": "object_001",
  "label": "빨강 아치",
  "coordinate_frame": "base (= cam0)",
  "unit": "meter",
  "position_m": [
    0.2114273219375588,
    -0.02306292822066275,
    0.7118424271245107
  ],
  "quaternion_xyzw": [
    0.9011515285801283,
    0.024261968030055186,
    -0.4201592646876843,
    -0.1039397505390081
  ],
  "euler_xyz_deg": [
    -161.62470101764723,
    48.78224547496754,
    11.473547807946474
  ],
  "T_base_obj": [
    [
      0.6457550984088261,
      -0.0436150791632891,
      -0.7622978930500772,
      0.2114273219375588
    ],
    [
      0.13106991746987484,
      -0.9772157703303946,
      0.16694314886216052,
      -0.02306292822066275
    ],
    [
      -0.7522107614315602,
      -0.20771871145169693,
      -0.6253254411099863,
      0.7118424271245107
    ],
    [
      0.0,
      0.0,
      0.0,
      1.0
    ]
  ],
  "rotation_matrix": [
    [
      0.6457550984088261,
      -0.0436150791632891,
      -0.7622978930500772
    ],
    [
      0.13106991746987484,
      -0.9772157703303946,
      0.16694314886216052
    ],
    [
      -0.7522107614315602,
      -0.20771871145169693,
      -0.6253254411099863
    ]
  ],
  "scale": 1.3811292368278731,
  "real_size_m": {
    "x": 0.16796460189247256,
    "y": 0.054866627255457386,
    "z": 0.10224443757517368
  },
  "confidence": 0.13141509587961014,
  "fitness": 0.45245,
  "rmse": 0.006199172061471908,
  "depth_score": 0.3775407639044003,
  "coverage": 0.3480818720621296,
  "posed_glb_opencv": "src/output/pose_pipeline_000000/object_001_posed_000000.glb",
  "posed_glb_isaac": "src/output/pose_pipeline_000000/object_001_posed_000000_isaac.glb"
}