{
  "frame_id": "000000",
  "object_name": "object_004",
  "label": "민트 실린더",
  "coordinate_frame": "base (= cam0)",
  "unit": "meter",
  "position_m": [
    -0.46735173459486157,
    0.05750963249317862,
    0.49359372791894524
  ],
  "quaternion_xyzw": [
    0.07902101714618376,
    -0.2506914386416676,
    -0.3015643922516588,
    0.9164978989429496
  ],
  "euler_xyz_deg": [
    18.958167536210926,
    -24.321510922097335,
    -40.54775660834634
  ],
  "T_base_obj": [
    [
      0.6924254398353178,
      0.5131464788466963,
      -0.5071762036177412,
      -0.46735173459486157
    ],
    [
      -0.5923860487319151,
      0.8056291923501403,
      0.00635403029971257,
      0.05750963249317862
    ],
    [
      0.41185650357455383,
      0.29604441504696144,
      0.8618189628819072,
      0.49359372791894524
    ],
    [
      0.0,
      0.0,
      0.0,
      1.0
    ]
  ],
  "rotation_matrix": [
    [
      0.6924254398353178,
      0.5131464788466963,
      -0.5071762036177412
    ],
    [
      -0.5923860487319151,
      0.8056291923501403,
      0.00635403029971257
    ],
    [
      0.41185650357455383,
      0.29604441504696144,
      0.8618189628819072
    ]
  ],
  "scale": 0.9389434247249485,
  "real_size_m": {
    "x": 0.06337006501742512,
    "y": 0.06417762459792982,
    "z": 0.11478743394696646
  },
  "confidence": 0.11667146797675786,
  "fitness": 0.2118,
  "rmse": 0.004454732145878911,
  "depth_score": 0.6381798002219756,
  "coverage": 0.18281911764705883,
  "posed_glb_opencv": "src/output/pose_pipeline_000000/object_004_posed_000000.glb",
  "posed_glb_isaac": "src/output/pose_pipeline_000000/object_004_posed_000000_isaac.glb"
}