{
  "frame_id": "000000",
  "object_name": "object_003",
  "label": "곤색 직사각형",
  "coordinate_frame": "base (= cam0)",
  "unit": "meter",
  "position_m": [
    -0.07942059237930449,
    -0.003400659004564155,
    0.6123091792595623
  ],
  "quaternion_xyzw": [
    -0.31096713529488007,
    0.6738140583464235,
    -0.523646327300908,
    -0.41841197335340297
  ],
  "euler_xyz_deg": [
    -102.83018499398568,
    -62.815166232550865,
    177.59996029690558
  ],
  "T_base_obj": [
    [
      -0.45646172264201423,
      -0.8572678411812785,
      -0.23819014303508698,
      -0.07942059237930449
    ],
    [
      0.019131731399660762,
      0.2581879293415322,
      -0.9659052593272194,
      -0.003400659004564155
    ],
    [
      0.8895373362688811,
      -0.4454557684200779,
      -0.10145188891756304,
      0.6123091792595623
    ],
    [
      0.0,
      0.0,
      0.0,
      1.0
    ]
  ],
  "rotation_matrix": [
    [
      -0.45646172264201423,
      -0.8572678411812785,
      -0.23819014303508698
    ],
    [
      0.019131731399660762,
      0.2581879293415322,
      -0.9659052593272194
    ],
    [
      0.8895373362688811,
      -0.4454557684200779,
      -0.10145188891756304
    ]
  ],
  "scale": 0.4986289474465129,
  "real_size_m": {
    "x": 0.06090201470872421,
    "y": 0.02704594592794256,
    "z": 0.011699193342734907
  },
  "confidence": 0.18246630400527913,
  "fitness": 0.60495,
  "rmse": 0.0023786000855554666,
  "depth_score": 0.5255912866051671,
  "coverage": 0.3471638679245283,
  "posed_glb_opencv": "src/output/pose_pipeline_000000/object_003_posed_000000.glb",
  "posed_glb_isaac": "src/output/pose_pipeline_000000/object_003_posed_000000_isaac.glb"
}