{
  "frame_id": "000004",
  "object_name": "knife",
  "label": "yellow box-cutter",
  "coordinate_frame": "base (= cam0)",
  "unit": "meter",
  "position_m": [
    -0.05851697460161679,
    0.057859215201759184,
    0.32438552758040484
  ],
  "quaternion_xyzw": [
    0.9434716744497113,
    0.15473215483867242,
    -0.2520324636446257,
    -0.14966227660723205
  ],
  "euler_xyz_deg": [
    -156.48229452636667,
    25.420343647415216,
    24.00366093743562
  ],
  "T_base_obj": [
    [
      0.8250751950565354,
      0.2165313058573072,
      -0.5218861140952468,
      -0.05851697460161679
    ],
    [
      0.3674103150095787,
      -0.9073183264376286,
      0.20440918504657035,
      0.057859215201759184
    ],
    [
      -0.42925584786563853,
      -0.3603992898025061,
      -0.8281616804581663,
      0.32438552758040484
    ],
    [
      0.0,
      0.0,
      0.0,
      1.0
    ]
  ],
  "rotation_matrix": [
    [
      0.8250751950565354,
      0.2165313058573072,
      -0.5218861140952468
    ],
    [
      0.3674103150095787,
      -0.9073183264376286,
      0.20440918504657035
    ],
    [
      -0.42925584786563853,
      -0.3603992898025061,
      -0.8281616804581663
    ]
  ],
  "scale": 0.12992320598416285,
  "anisotropic_scale_xyz": [
    0.12992320598416285,
    0.12992320598416285,
    0.12992320598416285
  ],
  "real_size_m": {
    "x": 0.03944644688909473,
    "y": 0.022929647313784676,
    "z": 0.12988783127092463
  },
  "fitness": 1.0,
  "rmse": 0.004295131071068235
}