{
  "frame_id": "000000",
  "object_name": "object_003",
  "label": "곤색 직사각형",
  "coordinate_frame": "base (= cam0)",
  "unit": "meter",
  "position_m": [
    -0.025252225121385807,
    0.04990650626138876,
    0.4028494689855602
  ],
  "quaternion_xyzw": [
    0.7419697194519568,
    -0.0631155645919025,
    0.020540504261337963,
    0.6671397519315725
  ],
  "euler_xyz_deg": [
    96.29971721432598,
    -6.586014319342816,
    -3.824067193944529
  ],
  "T_base_obj": [
    [
      0.9911890263818706,
      -0.12106644934152834,
      -0.05373293984135263,
      -0.025252225121385807
    ],
    [
      -0.06625290167169466,
      -0.10188195379785095,
      -0.992587840198747,
      0.04990650626138876
    ],
    [
      0.11469466857809922,
      0.9874021381049201,
      -0.10900527815474001,
      0.4028494689855602
    ],
    [
      0.0,
      0.0,
      0.0,
      1.0
    ]
  ],
  "rotation_matrix": [
    [
      0.9911890263818706,
      -0.12106644934152834,
      -0.05373293984135263
    ],
    [
      -0.06625290167169466,
      -0.10188195379785095,
      -0.992587840198747
    ],
    [
      0.11469466857809922,
      0.9874021381049201,
      -0.10900527815474001
    ]
  ],
  "scale": 0.88,
  "real_size_m": {
    "x": 0.1074822735786438,
    "y": 0.047731750309467316,
    "z": 0.02064719706773758
  },
  "confidence": 0.30357968448411526,
  "fitness": 0.7059,
  "rmse": 0.004059056124382105,
  "depth_score": 0.3819791440364979,
  "coverage": 0.4113,
  "silhouette_score": 0.17033679564568951,
  "posed_glb_opencv": "src/output/pose_single_per_obj/object_003_posed_000000.glb",
  "posed_glb_isaac": "src/output/pose_single_per_obj/object_003_posed_000000_isaac.glb"
}