{
  "frame_id": "000001",
  "object_name": "object_003",
  "label": "곤색 직사각형",
  "coordinate_frame": "base (= cam0)",
  "unit": "meter",
  "position_m": [
    -0.07940828818992077,
    0.03797528367400067,
    0.604463516517423
  ],
  "quaternion_xyzw": [
    0.7014590296794715,
    -0.27062564417772933,
    0.2351344728843957,
    0.6159778973761161
  ],
  "euler_xyz_deg": [
    100.04755460367033,
    -41.54998820599879,
    -6.906373181432585
  ],
  "T_base_obj": [
    [
      0.7429470807495326,
      -0.6693408799585268,
      -0.003524432165944674,
      -0.07940828818992077
    ],
    [
      -0.08999032712664079,
      -0.09466598131497651,
      -0.9914333527803635,
      0.03797528367400067
    ],
    [
      0.6632732289406734,
      0.7368996800094421,
      -0.13056601921095307,
      0.604463516517423
    ],
    [
      0.0,
      0.0,
      0.0,
      1.0
    ]
  ],
  "rotation_matrix": [
    [
      0.7429470807495326,
      -0.6693408799585268,
      -0.003524432165944674
    ],
    [
      -0.08999032712664079,
      -0.09466598131497651,
      -0.9914333527803635
    ],
    [
      0.6632732289406734,
      0.7368996800094421,
      -0.13056601921095307
    ]
  ],
  "scale": 0.88,
  "real_size_m": {
    "x": 0.1074822735786438,
    "y": 0.047731750309467316,
    "z": 0.02064719706773758
  },
  "confidence": 0.41147550950576606,
  "fitness": 0.56475,
  "rmse": 0.003653883466393938,
  "depth_score": 0.31748115365862806,
  "coverage": 0.5767431563565514,
  "silhouette_score": 0.45589439391633385,
  "posed_glb_opencv": "src/output/pose_single_per_obj/object_003_posed_000001.glb",
  "posed_glb_isaac": "src/output/pose_single_per_obj/object_003_posed_000001_isaac.glb"
}