{
  "frame_id": "000000",
  "object_name": "object_001",
  "label": "빨강 아치",
  "coordinate_frame": "base (= cam0)",
  "unit": "meter",
  "position_m": [
    -0.004039240677877351,
    0.051782619093521554,
    0.40431959882759644
  ],
  "quaternion_xyzw": [
    0.980237140412771,
    -0.005567827118474071,
    0.08222166204258698,
    -0.17984367141361063
  ],
  "euler_xyz_deg": [
    -159.01886580428913,
    -9.159929147117806,
    -2.3505123376221086
  ],
  "T_base_obj": [
    [
      0.9864171951842666,
      0.0186585092770845,
      0.1631961307027867,
      -0.004039240677877351
    ],
    [
      -0.04048967300878731,
      -0.9352505063073038,
      0.3516633003763299,
      0.051782619093521554
    ],
    [
      0.15919077681965618,
      -0.3534944843749169,
      -0.9217917042868558,
      0.40431959882759644
    ],
    [
      0.0,
      0.0,
      0.0,
      1.0
    ]
  ],
  "rotation_matrix": [
    [
      0.9864171951842666,
      0.0186585092770845,
      0.1631961307027867
    ],
    [
      -0.04048967300878731,
      -0.9352505063073038,
      0.3516633003763299
    ],
    [
      0.15919077681965618,
      -0.3534944843749169,
      -0.9217917042868558
    ]
  ],
  "scale": 0.88,
  "real_size_m": {
    "x": 0.1070202887058258,
    "y": 0.0349588081240654,
    "z": 0.06514604330062866
  },
  "confidence": 0.21585046844559583,
  "fitness": 0.52045,
  "rmse": 0.004447279346277103,
  "depth_score": 0.23041189222669556,
  "coverage": 0.23255442675728852,
  "silhouette_score": 0.19025523632148456,
  "posed_glb_opencv": "src/output/pose_single_per_obj/object_001_posed_000000.glb",
  "posed_glb_isaac": "src/output/pose_single_per_obj/object_001_posed_000000_isaac.glb"
}