{
  "frame_id": "000000",
  "object_name": "object_002",
  "label": "노랑 실린더",
  "coordinate_frame": "base (= cam0)",
  "unit": "meter",
  "position_m": [
    0.013834130230544472,
    0.03411889084953411,
    0.5521466165007285
  ],
  "quaternion_xyzw": [
    -0.3903711152936373,
    0.6520167657460065,
    -0.5421716334353693,
    -0.3585170141409505
  ],
  "euler_xyz_deg": [
    -109.9501169244416,
    -62.97577548653248,
    -164.6468811702053
  ],
  "T_base_obj": [
    [
      -0.4381518858317184,
      -0.8978125344111786,
      -0.044221917600718946,
      0.013834130230544472
    ],
    [
      -0.12030151372649657,
      0.10732062448485032,
      -0.986919363147413,
      0.03411889084953411
    ],
    [
      0.8908144984996722,
      -0.4271006164996224,
      -0.15503094093896191,
      0.5521466165007285
    ],
    [
      0.0,
      0.0,
      0.0,
      1.0
    ]
  ],
  "rotation_matrix": [
    [
      -0.4381518858317184,
      -0.8978125344111786,
      -0.044221917600718946
    ],
    [
      -0.12030151372649657,
      0.10732062448485032,
      -0.986919363147413
    ],
    [
      0.8908144984996722,
      -0.4271006164996224,
      -0.15503094093896191
    ]
  ],
  "scale": 0.88,
  "real_size_m": {
    "x": 0.06262937247753143,
    "y": 0.0625726455450058,
    "z": 0.10758721053600312
  },
  "confidence": 0.2980018918651242,
  "fitness": 0.44265,
  "rmse": 0.0041769247101848235,
  "depth_score": 0.26128551787351056,
  "coverage": 0.44916189991863303,
  "silhouette_score": 0.36095791691031165,
  "posed_glb_opencv": "src/output/pose_single_per_obj/object_002_posed_000000.glb",
  "posed_glb_isaac": "src/output/pose_single_per_obj/object_002_posed_000000_isaac.glb"
}