{
  "frame_id": "000001",
  "object_name": "object_001",
  "label": "빨강 아치",
  "coordinate_frame": "base (= cam0)",
  "unit": "meter",
  "position_m": [
    -0.004540049333445283,
    0.05172736605244399,
    0.4045633135899486
  ],
  "quaternion_xyzw": [
    0.9799272096487545,
    -0.0003025780459346966,
    0.07815467293817213,
    -0.18339689019844194
  ],
  "euler_xyz_deg": [
    -158.66841234100238,
    -8.804346141994003,
    -1.6966924034968152
  ],
  "T_base_obj": [
    [
      0.9877835110889072,
      0.028073639022166683,
      0.1532827648919616,
      -0.004540049333445283
    ],
    [
      -0.029259656863181722,
      -0.9327309782241335,
      0.35938390996439995,
      0.05172736605244399
    ],
    [
      0.15306079740129463,
      -0.3594785015172732,
      -0.9205148555269359,
      0.4045633135899486
    ],
    [
      0.0,
      0.0,
      0.0,
      1.0
    ]
  ],
  "rotation_matrix": [
    [
      0.9877835110889072,
      0.028073639022166683,
      0.1532827648919616
    ],
    [
      -0.029259656863181722,
      -0.9327309782241335,
      0.35938390996439995
    ],
    [
      0.15306079740129463,
      -0.3594785015172732,
      -0.9205148555269359
    ]
  ],
  "scale": 0.88,
  "real_size_m": {
    "x": 0.1070202887058258,
    "y": 0.0349588081240654,
    "z": 0.06514604330062866
  },
  "confidence": 0.24470797056319396,
  "fitness": 0.5142,
  "rmse": 0.004441426725325412,
  "depth_score": 0.25434764691337675,
  "coverage": 0.24075739280907515,
  "silhouette_score": 0.3310123295252719,
  "posed_glb_opencv": "src/output/pose_single_per_obj/object_001_posed_000001.glb",
  "posed_glb_isaac": "src/output/pose_single_per_obj/object_001_posed_000001_isaac.glb"
}