{
  "frame_id": "000001",
  "object_name": "object_002",
  "label": "노랑 실린더",
  "coordinate_frame": "base (= cam0)",
  "unit": "meter",
  "position_m": [
    0.012557942672686496,
    0.03462737073583001,
    0.5526215519758557
  ],
  "quaternion_xyzw": [
    -0.39958010821925766,
    0.6428545825074516,
    -0.5504589291624634,
    -0.3522338572170064
  ],
  "euler_xyz_deg": [
    -108.89018066588464,
    -63.22407276573647,
    -163.76330020053084
  ],
  "T_base_obj": [
    [
      -0.43253409389103176,
      -0.9015243510120211,
      -0.012965421482468351,
      0.012557942672686496
    ],
    [
      -0.12596326357827187,
      0.0746614088416008,
      -0.9892213757589845,
      0.03462737073583001
    ],
    [
      0.8927751754224436,
      -0.42623880461795277,
      -0.14585255427068738,
      0.5526215519758557
    ],
    [
      0.0,
      0.0,
      0.0,
      1.0
    ]
  ],
  "rotation_matrix": [
    [
      -0.43253409389103176,
      -0.9015243510120211,
      -0.012965421482468351
    ],
    [
      -0.12596326357827187,
      0.0746614088416008,
      -0.9892213757589845
    ],
    [
      0.8927751754224436,
      -0.42623880461795277,
      -0.14585255427068738
    ]
  ],
  "scale": 0.88,
  "real_size_m": {
    "x": 0.06262937247753143,
    "y": 0.0625726455450058,
    "z": 0.10758721053600312
  },
  "confidence": 0.3004532786511869,
  "fitness": 0.45455,
  "rmse": 0.004003670704230189,
  "depth_score": 0.2445438673068529,
  "coverage": 0.46723891585760524,
  "silhouette_score": 0.3473473752897222,
  "posed_glb_opencv": "src/output/pose_single_per_obj/object_002_posed_000001.glb",
  "posed_glb_isaac": "src/output/pose_single_per_obj/object_002_posed_000001_isaac.glb"
}