{
  "frame_id": "000000",
  "object_name": "object_004",
  "label": "민트 실린더",
  "coordinate_frame": "base (= cam0)",
  "unit": "meter",
  "position_m": [
    -0.0013168146759685445,
    0.07769109861466669,
    0.41921718803598373
  ],
  "quaternion_xyzw": [
    0.4874645065996672,
    0.3252470447134407,
    0.7330961519097133,
    0.3451995752689835
  ],
  "euler_xyz_deg": [
    68.94214061735939,
    -29.351520765335398,
    109.18479560724684
  ],
  "T_base_obj": [
    [
      -0.28643121607931343,
      -0.18903618019264395,
      0.9392669913467101,
      -0.0013168146759685445
    ],
    [
      0.8232217408895933,
      -0.5501032262785731,
      0.1403296325250404,
      0.07769109861466669
    ],
    [
      0.4901664245764227,
      0.8134197950726793,
      0.3131854294214321,
      0.41921718803598373
    ],
    [
      0.0,
      0.0,
      0.0,
      1.0
    ]
  ],
  "rotation_matrix": [
    [
      -0.28643121607931343,
      -0.18903618019264395,
      0.9392669913467101
    ],
    [
      0.8232217408895933,
      -0.5501032262785731,
      0.1403296325250404
    ],
    [
      0.4901664245764227,
      0.8134197950726793,
      0.3131854294214321
    ]
  ],
  "scale": 1.12,
  "real_size_m": {
    "x": 0.07558972239494324,
    "y": 0.07655300378799439,
    "z": 0.13692190885543826
  },
  "confidence": 0.2061930818582517,
  "fitness": 0.37595,
  "rmse": 0.005712293528390553,
  "depth_score": 0.2645186640471513,
  "coverage": 0.2588251282051282,
  "silhouette_score": 0.21489364967353297,
  "posed_glb_opencv": "src/output/pose_single_per_obj/object_004_posed_000000.glb",
  "posed_glb_isaac": "src/output/pose_single_per_obj/object_004_posed_000000_isaac.glb"
}