{
  "frame_id": "000001",
  "object_name": "object_004",
  "label": "민트 실린더",
  "coordinate_frame": "base (= cam0)",
  "unit": "meter",
  "position_m": [
    0.011686981511389305,
    0.03939673439001842,
    0.5550802091190885
  ],
  "quaternion_xyzw": [
    0.46932661363469796,
    0.5889674640970558,
    -0.5223589367226142,
    0.3999887463358062
  ],
  "euler_xyz_deg": [
    -119.24555057884918,
    74.0443189299014,
    150.59654145148156
  ],
  "T_base_obj": [
    [
      -0.23948306507779432,
      0.9707116034053405,
      -0.019153186554171364,
      0.011686981511389305
    ],
    [
      0.1349608184574072,
      0.013747341920413552,
      -0.9907555642394497,
      0.03939673439001842
    ],
    [
      -0.9614746169412132,
      -0.23985410900036125,
      -0.13430028806145974,
      0.5550802091190885
    ],
    [
      0.0,
      0.0,
      0.0,
      1.0
    ]
  ],
  "rotation_matrix": [
    [
      -0.23948306507779432,
      0.9707116034053405,
      -0.019153186554171364
    ],
    [
      0.1349608184574072,
      0.013747341920413552,
      -0.9907555642394497
    ],
    [
      -0.9614746169412132,
      -0.23985410900036125,
      -0.13430028806145974
    ]
  ],
  "scale": 0.88,
  "real_size_m": {
    "x": 0.059391924738883974,
    "y": 0.060148788690567015,
    "z": 0.10758149981498719
  },
  "confidence": 0.2904368738895817,
  "fitness": 0.4392,
  "rmse": 0.0036484074023587867,
  "depth_score": 0.2393356842225003,
  "coverage": 0.45026892215568864,
  "silhouette_score": 0.36655832578609676,
  "posed_glb_opencv": "src/output/pose_single_per_obj/object_004_posed_000001.glb",
  "posed_glb_isaac": "src/output/pose_single_per_obj/object_004_posed_000001_isaac.glb"
}