{
  "frame_id": "000004",
  "object_name": "knife",
  "label": "yellow box-cutter",
  "coordinate_frame": "base (= cam0)",
  "unit": "meter",
  "position_m": [
    -0.06514693998769594,
    0.06148972229166573,
    0.3301295808135633
  ],
  "quaternion_xyzw": [
    0.9582010861384863,
    0.043449074251745205,
    -0.24638778615839138,
    -0.13876568488519922
  ],
  "euler_xyz_deg": [
    -161.11710798370316,
    27.394825826221947,
    9.834353980092121
  ],
  "T_base_obj": [
    [
      0.8748104735573884,
      0.014885560492203834,
      -0.48423656970823903,
      -0.06514693998769594
    ],
    [
      0.15164624006658647,
      -0.9577125252881002,
      0.24452021751992958,
      0.06148972229166573
    ],
    [
      -0.46011960752371994,
      -0.28734150238196116,
      -0.8400742870588211,
      0.3301295808135633
    ],
    [
      0.0,
      0.0,
      0.0,
      1.0
    ]
  ],
  "rotation_matrix": [
    [
      0.8748104735573884,
      0.014885560492203834,
      -0.48423656970823903
    ],
    [
      0.15164624006658647,
      -0.9577125252881002,
      0.24452021751992958
    ],
    [
      -0.46011960752371994,
      -0.28734150238196116,
      -0.8400742870588211
    ]
  ],
  "scale": 0.13277020613399446,
  "anisotropic_scale_xyz": [
    0.13277020613399446,
    0.13277020613399446,
    0.13277020613399446
  ],
  "real_size_m": {
    "x": 0.04031083473538346,
    "y": 0.023432103428867677,
    "z": 0.1327340562565881
  },
  "fitness": 1.0,
  "rmse": 0.0044793305096529215
}