{
  "frame_id": "000004",
  "object_name": "knife",
  "coordinate_frame": "base (= cam0)",
  "unit": "meter",
  "position_m": [
    -0.06002718532296969,
    0.05824618593625417,
    0.3227261113018842
  ],
  "quaternion_xyzw": [
    0.9463929844944413,
    0.1482197265998994,
    -0.24211799140414195,
    -0.15411070626267082
  ],
  "euler_xyz_deg": [
    -156.48318018780054,
    24.36783015702459,
    22.948839348181327
  ],
  "T_base_obj": [
    [
      0.8388195817702874,
      0.20592226952686296,
      -0.5039620304656954,
      -0.06002718532296969
    ],
    [
      0.3551741681439038,
      -0.9085616057219263,
      0.21992525750269623,
      0.05824618593625417
    ],
    [
      -0.41259304347236925,
      -0.36347190746590047,
      -0.8352575369055223,
      0.3227261113018842
    ],
    [
      0.0,
      0.0,
      0.0,
      1.0
    ]
  ],
  "scale": 0.12924410126375752,
  "fitness": 1.0,
  "rmse": 0.004276805178193218,
  "real_size_m": [
    0.039240261488398355,
    0.022809794731560692,
    0.12920891145308971
  ]
}