{
  "frame_id": "000000",
  "object_name": "object_002",
  "label": "노랑 실린더",
  "coordinate_frame": "base (= cam0)",
  "unit": "meter",
  "position_m": [
    -0.06548047712651585,
    0.006754241199596674,
    0.6320433490945403
  ],
  "quaternion_xyzw": [
    0.6645238239156165,
    0.3469452901344427,
    -0.29863426045878855,
    0.5906391720689769
  ],
  "euler_xyz_deg": [
    102.10598666236643,
    53.778450182374016,
    10.564302636440708
  ],
  "T_base_obj": [
    [
      0.5808930882675193,
      0.8138770064769256,
      0.012939796411903735,
      -0.06548047712651585
    ],
    [
      0.10833663708168573,
      -0.061548668142401605,
      -0.9922071026331788,
      0.006754241199596674
    ],
    [
      -0.8067381192610489,
      0.5777681020773421,
      -0.12392589379581201,
      0.6320433490945403
    ],
    [
      0.0,
      0.0,
      0.0,
      1.0
    ]
  ],
  "rotation_matrix": [
    [
      0.5808930882675193,
      0.8138770064769256,
      0.012939796411903735
    ],
    [
      0.10833663708168573,
      -0.061548668142401605,
      -0.9922071026331788
    ],
    [
      -0.8067381192610489,
      0.5777681020773421,
      -0.12392589379581201
    ]
  ],
  "scale": 0.4355564267857249,
  "anisotropic_scale_xyz": [
    0.34441004889529214,
    0.34441004889529214,
    0.4409756093361336
  ],
  "real_size_m": {
    "x": 0.024507277453377142,
    "y": 0.024474808323250268,
    "z": 0.05390619699751397
  },
  "confidence": 0.5620122726547253,
  "fitness": 0.43866666666666665,
  "rmse": 0.0021287337369770227,
  "depth_score": 0.45395998903809265,
  "coverage": 0.7112499999999999,
  "silhouette_score": 0.4357559837208141,
  "posed_glb_opencv": "/Users/woo/Documents/GitHub/Robot-Lab/rb-multiview-calibration-pose-estimation/src/output/pose_per_object/frame_000000/object_002_posed.glb",
  "posed_glb_isaac": "/Users/woo/Documents/GitHub/Robot-Lab/rb-multiview-calibration-pose-estimation/src/output/pose_per_object/frame_000000/object_002_posed_isaac.glb"
}