{
  "frame_id": "000000",
  "object_name": "object_004",
  "label": "민트 실린더",
  "coordinate_frame": "base (= cam0)",
  "unit": "meter",
  "position_m": [
    0.0164561080210826,
    0.017952468481937475,
    0.5697972528905046
  ],
  "quaternion_xyzw": [
    0.47217674869598564,
    0.6067619099340493,
    -0.5057961738862753,
    0.3912279810111712
  ],
  "euler_xyz_deg": [
    -126.7147275734679,
    72.2535824770774,
    144.4460721830476
  ],
  "T_base_obj": [
    [
      -0.24797956972962135,
      0.9687609635558577,
      -0.0028859118210208846,
      0.0164561080210826
    ],
    [
      0.17723449990504625,
      0.04243869694578599,
      -0.9832532171546412,
      0.017952468481937475
    ],
    [
      -0.9524148597329422,
      -0.2443381928636428,
      -0.18222179471185496,
      0.5697972528905046
    ],
    [
      0.0,
      0.0,
      0.0,
      1.0
    ]
  ],
  "rotation_matrix": [
    [
      -0.24797956972962135,
      0.9687609635558577,
      -0.0028859118210208846
    ],
    [
      0.17723449990504625,
      0.04243869694578599,
      -0.9832532171546412
    ],
    [
      -0.9524148597329422,
      -0.2443381928636428,
      -0.18222179471185496
    ]
  ],
  "scale": 0.4026563522604535,
  "anisotropic_scale_xyz": [
    0.3189782798461995,
    0.3189782798461995,
    0.444469750739324
  ],
  "real_size_m": {
    "x": 0.02150858783404912,
    "y": 0.02178390170474808,
    "z": 0.05433378662685459
  },
  "confidence": 0.541165278923514,
  "fitness": 0.43833333333333335,
  "rmse": 0.0021445211054820197,
  "depth_score": 0.4420086668366046,
  "coverage": 0.6491058282208589,
  "silhouette_score": 0.44908228629014285,
  "posed_glb_opencv": "/Users/woo/Documents/GitHub/Robot-Lab/rb-multiview-calibration-pose-estimation/src/output/pose_per_object/frame_000000/object_004_posed.glb",
  "posed_glb_isaac": "/Users/woo/Documents/GitHub/Robot-Lab/rb-multiview-calibration-pose-estimation/src/output/pose_per_object/frame_000000/object_004_posed_isaac.glb"
}