{
  "frame_id": "000000",
  "object_name": "object_003",
  "label": "곤색 직사각형",
  "coordinate_frame": "base (= cam0)",
  "unit": "meter",
  "position_m": [
    -0.1693989907028425,
    0.04343004863313656,
    0.510742968383758
  ],
  "quaternion_xyzw": [
    -0.3075064824588017,
    -0.017789613609892983,
    0.9502185497354136,
    0.04698936722443416
  ],
  "euler_xyz_deg": [
    -4.425449372864465,
    35.642425452217466,
    172.91463353216812
  ],
  "T_base_obj": [
    [
      -0.8064635252273239,
      -0.07835949374301432,
      -0.5860685729658738,
      -0.1693989907028425
    ],
    [
      0.10024117976493206,
      -0.9949510580309155,
      -0.004908971633190475,
      0.04343004863313656
    ],
    [
      -0.5827248822190896,
      -0.06270711174579306,
      0.8102465857868508,
      0.510742968383758
    ],
    [
      0.0,
      0.0,
      0.0,
      1.0
    ]
  ],
  "rotation_matrix": [
    [
      -0.8064635252273239,
      -0.07835949374301432,
      -0.5860685729658738
    ],
    [
      0.10024117976493206,
      -0.9949510580309155,
      -0.004908971633190475
    ],
    [
      -0.5827248822190896,
      -0.06270711174579306,
      0.8102465857868508
    ]
  ],
  "scale": 0.5721828611209173,
  "anisotropic_scale_xyz": [
    0.6208330484620787,
    0.48306446520800495,
    0.5721828611209173
  ],
  "real_size_m": {
    "x": 0.0758135893968483,
    "y": 0.026187925894062474,
    "z": 0.01341909091543999
  },
  "confidence": 0.5179546476646942,
  "fitness": 0.4146666666666667,
  "rmse": 0.0021327383485667466,
  "depth_score": 0.8284817351598174,
  "coverage": 0.6694511494252874,
  "silhouette_score": 0.21187189345443094,
  "posed_glb_opencv": "/Users/woo/Documents/GitHub/Robot-Lab/rb-multiview-calibration-pose-estimation/src/output/pose_per_object/frame_000000/object_003_posed.glb",
  "posed_glb_isaac": "/Users/woo/Documents/GitHub/Robot-Lab/rb-multiview-calibration-pose-estimation/src/output/pose_per_object/frame_000000/object_003_posed_isaac.glb"
}