{
  "frame_id": "000000",
  "object_name": "object_001",
  "label": "빨강 아치",
  "coordinate_frame": "base (= cam0)",
  "unit": "meter",
  "position_m": [
    -0.01822109003890254,
    0.046214484596347055,
    0.41691689599470483
  ],
  "quaternion_xyzw": [
    -0.6348758441165666,
    -0.062278447377426764,
    -0.09355548350089851,
    0.7643961205137342
  ],
  "euler_xyz_deg": [
    -79.01675454167402,
    -12.35704444905787,
    -3.7535738032594868
  ],
  "T_base_obj": [
    [
      0.9747375329983402,
      0.22210506097977298,
      0.02358142598488537,
      -0.01822109003890254
    ],
    [
      -0.06394873358372098,
      0.17636006812838043,
      0.9822462450133324,
      0.046214484596347055
    ],
    [
      0.2140030402525804,
      -0.9589402839890107,
      0.18610811509906836,
      0.41691689599470483
    ],
    [
      0.0,
      0.0,
      0.0,
      1.0
    ]
  ],
  "rotation_matrix": [
    [
      0.9747375329983402,
      0.22210506097977298,
      0.02358142598488537
    ],
    [
      -0.06394873358372098,
      0.17636006812838043,
      0.9822462450133324
    ],
    [
      0.2140030402525804,
      -0.9589402839890107,
      0.18610811509906836
    ]
  ],
  "scale": 0.7079396613458296,
  "anisotropic_scale_xyz": [
    0.7342694329249284,
    0.8002912795950743,
    0.7079396613458296
  ],
  "real_size_m": {
    "x": 0.08927991851899715,
    "y": 0.031776551332747496,
    "z": 0.05237761622856742
  },
  "confidence": 0.4664156663877256,
  "fitness": 0.37466666666666665,
  "rmse": 0.002630721568565369,
  "depth_score": 0.5937244201909959,
  "coverage": 0.6376873956594323,
  "silhouette_score": 0.21006819241368327,
  "posed_glb_opencv": "/Users/woo/Documents/GitHub/Robot-Lab/rb-multiview-calibration-pose-estimation/src/output/pose_per_object/frame_000000/object_001_posed.glb",
  "posed_glb_isaac": "/Users/woo/Documents/GitHub/Robot-Lab/rb-multiview-calibration-pose-estimation/src/output/pose_per_object/frame_000000/object_001_posed_isaac.glb"
}