{
  "frame_id": "000000",
  "object_name": "object_004",
  "label": "민트 실린더",
  "coordinate_frame": "base (= cam0)",
  "unit": "meter",
  "position_m": [
    0.023881379605912217,
    0.04438367593856774,
    0.39417664199525543
  ],
  "quaternion_xyzw": [
    0.9151316371291272,
    0.4013059808941281,
    0.03709828080967515,
    -0.010550544295511345
  ],
  "euler_xyz_deg": [
    179.39861812499817,
    -4.379806207813096,
    47.380078817047035
  ],
  "T_base_obj": [
    [
      0.6751544545191361,
      0.735278412680647,
      0.05943162784911399,
      0.023881379605912217
    ],
    [
      0.7337127844607677,
      -0.6776843914273403,
      0.049085797687134246,
      0.04438367593856774
    ],
    [
      0.07636761395902243,
      0.010465250192115565,
      -0.9970248071520698,
      0.39417664199525543
    ],
    [
      0.0,
      0.0,
      0.0,
      1.0
    ]
  ],
  "rotation_matrix": [
    [
      0.6751544545191361,
      0.735278412680647,
      0.05943162784911399
    ],
    [
      0.7337127844607677,
      -0.6776843914273403,
      0.049085797687134246
    ],
    [
      0.07636761395902243,
      0.010465250192115565,
      -0.9970248071520698
    ]
  ],
  "scale": 1.0,
  "real_size_m": {
    "x": 0.0674908235669136,
    "y": 0.0683508962392807,
    "z": 0.12225170433521271
  },
  "confidence": 0.4060708346576054,
  "fitness": 0.2967,
  "rmse": 0.004407230839682457,
  "depth_score": 0.3399308828149544,
  "coverage": 0.1653296498554449,
  "silhouette_score": 0.2693766061554032,
  "posed_glb_opencv": "/tmp/pose_mint_fix5/object_004_posed_000000.glb",
  "posed_glb_isaac": "/tmp/pose_mint_fix5/object_004_posed_000000_isaac.glb"
}