{
  "coordinate_frame": "OpenCV (cam0 ref): X-right, Y-down, Z-forward",
  "unit": "meter / degree",
  "position": {
    "x": -0.019989,
    "y": 0.036654,
    "z": 0.338519
  },
  "rotation_euler_xyz_deg": {
    "rx": 164.21,
    "ry": -41.97,
    "rz": -168.86
  },
  "rotation_quaternion_xyzw": {
    "x": -0.040861,
    "y": 0.925245,
    "z": 0.093178,
    "w": -0.365473
  },
  "rotation_matrix_3x3": [
    [
      -0.7295195681007673,
      -0.007504515415007102,
      -0.6839187685730344
    ],
    [
      -0.14372096871546666,
      0.9792964263080551,
      0.14255803229478017
    ],
    [
      0.6686893769976892,
      0.20229234209098887,
      -0.7154944621880622
    ]
  ],
  "transform_4x4": [
    [
      -0.7295195681007673,
      -0.007504515415007102,
      -0.6839187685730344,
      -0.019989253272711248
    ],
    [
      -0.14372096871546666,
      0.9792964263080551,
      0.14255803229478017,
      0.03665434514143881
    ],
    [
      0.6686893769976892,
      0.20229234209098887,
      -0.7154944621880622,
      0.3385186584311041
    ],
    [
      0.0,
      0.0,
      0.0,
      1.0
    ]
  ],
  "scale_uniform": 0.11709437335119133,
  "size_cm": {
    "length": 9.45,
    "width": 8.72,
    "height": 8.21
  },
  "size_m": {
    "length": 0.0945,
    "width": 0.0872,
    "height": 0.0821
  },
  "obb_center": {
    "x": -0.020045,
    "y": 0.036563,
    "z": 0.338535
  },
  "score": 0.216281,
  "depth_score": 0.380411,
  "coverage": 0.568545,
  "fitness": 1.0,
  "rmse_m": 0.00826
}