{
  "proposal_score": 0.21628065892555853,
  "second_score": 0.19171408489447941,
  "proposal_margin": 1.1281417275345247
}