{
  "frame_id": "000015",
  "object_name": "object_001",
  "label": "빨강 아치",
  "coordinate_frame": "base (= cam0)",
  "unit": "meter",
  "position_m": [
    -0.0772675657417496,
    0.03764224817721634,
    0.5307158182927998
  ],
  "quaternion_xyzw": [
    0.8274302135016436,
    -0.02383898622321438,
    0.5609759135198318,
    -0.00984728242025038
  ],
  "euler_xyz_deg": [
    -173.37203354682018,
    -68.10477592871352,
    -7.782727187830589
  ],
  "T_base_obj": [
    [
      0.3694754543728791,
      -0.02840201841789866,
      0.9288063382458929,
      -0.0772675657417496
    ],
    [
      -0.05049837142344941,
      -0.9986694675295706,
      -0.010450316157111115,
      0.03764224817721634
    ],
    [
      0.9278673413260831,
      -0.04304207213870613,
      -0.370418110959052,
      0.5307158182927998
    ],
    [
      0.0,
      0.0,
      0.0,
      1.0
    ]
  ],
  "rotation_matrix": [
    [
      0.3694754543728791,
      -0.02840201841789866,
      0.9288063382458929
    ],
    [
      -0.05049837142344941,
      -0.9986694675295706,
      -0.010450316157111115
    ],
    [
      0.9278673413260831,
      -0.04304207213870613,
      -0.370418110959052
    ]
  ],
  "scale": 0.88,
  "real_size_m": {
    "x": 0.1070202887058258,
    "y": 0.0349588081240654,
    "z": 0.06514604330062866
  },
  "confidence": 0.4988019618640259,
  "fitness": 0.58225,
  "rmse": 0.0039253849615115315,
  "depth_score": 0.32563162388869354,
  "coverage": 0.38194299145299143,
  "silhouette_score": 0.5696643727171423,
  "posed_glb_opencv": "/tmp/pose_singleblocks_auto2_000015/object_001_posed_000015.glb",
  "posed_glb_isaac": "/tmp/pose_singleblocks_auto2_000015/object_001_posed_000015_isaac.glb"
}