{
  "coordinate_frame": "OpenCV (cam0 ref): X-right, Y-down, Z-forward",
  "unit": "meter / degree",
  "position": {
    "x": 0.039813,
    "y": 0.038696,
    "z": 0.300612
  },
  "rotation_euler_xyz_deg": {
    "rx": -137.85,
    "ry": -7.96,
    "rz": 85.8
  },
  "rotation_quaternion_xyzw": {
    "x": 0.664877,
    "y": 0.651948,
    "z": -0.196751,
    "w": -0.306906
  },
  "rotation_matrix_3x3": [
    [
      0.07250600413853925,
      0.7461628608987158,
      -0.6618034937799181
    ],
    [
      0.9876986631690294,
      0.038454794327092444,
      0.15156707943142925
    ],
    [
      0.1385432428448761,
      -0.6646519493755397,
      -0.7341958567394129
    ]
  ],
  "transform_4x4": [
    [
      0.07250600413853925,
      0.7461628608987158,
      -0.6618034937799181,
      0.039813195656497415
    ],
    [
      0.9876986631690294,
      0.038454794327092444,
      0.15156707943142925,
      0.0386963937312629
    ],
    [
      0.1385432428448761,
      -0.6646519493755397,
      -0.7341958567394129,
      0.3006120011721108
    ],
    [
      0.0,
      0.0,
      0.0,
      1.0
    ]
  ],
  "size_cm": {
    "length": 5.12,
    "width": 4.71,
    "height": 4.66
  },
  "size_m": {
    "length": 0.0512,
    "width": 0.0471,
    "height": 0.0466
  },
  "obb_center": {
    "x": 0.039806,
    "y": 0.038587,
    "z": 0.300707
  },
  "fitness": 0.9991,
  "rmse_m": 0.007361
}